standard_code,raw_title,canonical_title_expanded,standard_kind,old_canonical_product,new_canonical_product,product_subtype,primary_subject,material,application,function,applies_to_product_families,confidence,evidence,resolution_status,review_required,notes
IS 10019: 1981,MILD STEEL  STAYS  AND FASTENERS,,material_standard,,fastener,,MILD STEEL STAYS AND FASTENERS,steel,door and window construction,,door_window; fastener,high,"{""application"": [""full_text_repeated_terms""], ""applies_to_product_families"": [""title"", ""scope""], ""canonical_product"": [""title"", ""scope"", ""full_text_summary_heading"", ""full_text_repeated_terms""], ""material"": [""title"", ""scope"", ""full_text_summary_heading"", ""full_text_repeated_terms""], ""primary_subject"": [""title""]}",RESOLVED_PRODUCT,False,
IS 1003 (Part 2): 1994,TIMBER PANELLED AND,TIMBER PANELLED AND GLAZED SHUTTERS PART 2 – WINDOW AND VENTILATOR SHUTTERS,material_standard,,window,,TIMBER PANELLED AND GLAZED SHUTTERS PART 2 – WINDOW AND VENTILATOR SHUTTERS,timber,door and window construction,,door_window; glass; timber; wood_board,high,"{""application"": [""title"", ""scope"", ""full_text_summary_heading"", ""full_text_repeated_terms""], ""applies_to_product_families"": [""title"", ""scope""], ""canonical_product"": [""title"", ""scope"", ""full_text_summary_heading"", ""full_text_repeated_terms""], ""material"": [""title"", ""scope"", ""full_text_summary_heading"", ""full_text_repeated_terms""], ""primary_subject"": [""title""]}",RESOLVED_PRODUCT,False,
IS 10090: 1982,NUMERICALS,,material_standard,,screw,,NUMERICALS,aluminium,,,,high,"{""canonical_product"": [""full_text_repeated_terms""], ""material"": [""full_text_repeated_terms""], ""primary_subject"": [""title""]}",REVIEW_REQUIRED,True,low_confidence_metadata
IS 1019: 1974,RIM LATCHES,,material_standard,,latch,,RIM LATCHES,steel,door and window construction,,hardware,high,"{""application"": [""full_text_repeated_terms""], ""applies_to_product_families"": [""title"", ""scope""], ""canonical_product"": [""title"", ""scope"", ""full_text_summary_heading"", ""full_text_repeated_terms""], ""material"": [""full_text_repeated_terms""], ""primary_subject"": [""title""]}",RESOLVED_PRODUCT,False,
IS 10342: 1982,CURTAIN  RAIL SYSTEM,"CURTAIN RAIL SYSTEM For detailed information, refer to IS 10342 : 1982 Specification for curtain rail system. 1. Scope – Requirements regarding materials, manufacture, dimensions, testing and finish of rails,",material_standard,,dimensions_testing_finish_rails,,"CURTAIN RAIL SYSTEM For detailed information, refer to IS 10342 : 1982 Specification for curtain rail system. 1. Scope – Requirements regarding materials, manufacture, dimensions, testing and finish of rails",steel,,,,high,"{""canonical_product"": [""title""], ""material"": [""full_text_repeated_terms""], ""primary_subject"": [""title""]}",REVIEW_REQUIRED,True,source_grounded_fallback_requires_review
IS 10360: 1982,LIME-POZZOLANA CONCRETE,LIME-POZZOLANA CONCRETE BLOCKS FOR PAVING,product_standard,,cement,,LIME-POZZOLANA CONCRETE BLOCKS FOR PAVING,clay,,,cement; masonry_unit,high,"{""applies_to_product_families"": [""title"", ""scope""], ""canonical_product"": [""title"", ""scope"", ""full_text_summary_heading"", ""full_text_repeated_terms""], ""material"": [""full_text_repeated_terms""], ""primary_subject"": [""title""]}",REVIEW_REQUIRED,True,low_confidence_metadata
IS 1038: 1983,"STEEL DOOR, WINDOWS AND VENTILATORS",,material_standard,,window,,"STEEL DOOR, WINDOWS AND VENTILATORS",steel,door and window construction,,door_window; steel,high,"{""application"": [""title"", ""full_text_summary_heading"", ""full_text_repeated_terms""], ""applies_to_product_families"": [""title"", ""scope""], ""canonical_product"": [""title"", ""scope"", ""full_text_summary_heading"", ""full_text_repeated_terms""], ""material"": [""title"", ""scope"", ""full_text_summary_heading"", ""full_text_repeated_terms""], ""primary_subject"": [""title""]}",RESOLVED_PRODUCT,False,
IS 10394: 1982,WOODEN SLEEPERS FOR  RAILWAY TRACK,,product_standard,,timber,,WOODEN SLEEPERS FOR RAILWAY TRACK,steel,railway track,,timber,high,"{""application"": [""title"", ""full_text_summary_heading"", ""full_text_repeated_terms""], ""applies_to_product_families"": [""title"", ""scope""], ""canonical_product"": [""title"", ""scope"", ""full_text_summary_heading"", ""full_text_repeated_terms""], ""material"": [""full_text_repeated_terms""], ""primary_subject"": [""title""]}",RESOLVED_PRODUCT,False,
IS 10451: 1983,STEEL SLIDING SHUTTERS,,material_standard,,door,,STEEL SLIDING SHUTTERS,steel,,,door_window,high,"{""applies_to_product_families"": [""title"", ""scope""], ""canonical_product"": [""title"", ""scope"", ""full_text_summary_heading"", ""full_text_repeated_terms""], ""material"": [""title"", ""scope"", ""full_text_summary_heading"", ""full_text_repeated_terms""], ""primary_subject"": [""title""]}",RESOLVED_PRODUCT,False,
IS 10521: 1983,COLLAPSIBLE GATES,"COLLAPSIBLE GATES 1. Scope – Requirements regarding materials, fabrication and finish of different types of collapsible gates.",material_standard,,gate,,"COLLAPSIBLE GATES 1. Scope – Requirements regarding materials, fabrication and finish of different types of collapsible gates",steel,,,hardware,high,"{""applies_to_product_families"": [""title"", ""scope""], ""canonical_product"": [""title"", ""scope"", ""full_text_summary_heading"", ""full_text_repeated_terms""], ""material"": [""full_text_repeated_terms""], ""primary_subject"": [""title""]}",RESOLVED_PRODUCT,False,
IS 10701: 1983,STRUCTURAL PLYWOOD,"STRUCTURAL PLYWOOD 1. Scope – Requirements of plywood for structural purposes, such as stressed skin panels, plywood web beams, sheathing, silos, rail and ship containers.",product_standard,,board,plywood,plywood,timber,,,wood_board,high,"{""applies_to_product_families"": [""title"", ""scope""], ""canonical_product"": [""title"", ""scope"", ""full_text_summary_heading"", ""full_text_repeated_terms""], ""material"": [""full_text_repeated_terms""], ""primary_subject"": [""title""], ""product_subtype"": [""title"", ""scope"", ""full_text_summary_heading""]}",RESOLVED_PRODUCT,False,
IS 10772: 1983,QUICK SETTING LIME POZZOLANA MIXTURE,"QUICK SETTING LIME POZZOLANA MIXTURE Note —For methods of tests, refer to various parts of IS 1514:1990 Methods of sampling and tests for quicklime and hydrated lime",test_method,,,,"QUICK SETTING LIME POZZOLANA MIXTURE Note —For methods of tests, refer to various parts of IS 1514:1990 Methods of sampling and tests for quicklime and hydrated lime",HDPE,,,cement,high,"{""applies_to_product_families"": [""title"", ""scope""], ""canonical_product"": [""title"", ""full_text_summary_heading"", ""full_text_repeated_terms""], ""material"": [""full_text_repeated_terms""], ""primary_subject"": [""title""]}",RESOLVED_NON_PRODUCT,False,
IS 1077: 1992,COMMON BURNT CLAY BUILDING BRICKS,,product_standard,,brick,,COMMON BURNT CLAY BUILDING BRICKS,clay,,,masonry_unit,high,"{""applies_to_product_families"": [""title"", ""scope""], ""canonical_product"": [""title"", ""scope"", ""full_text_summary_heading"", ""full_text_repeated_terms""], ""material"": [""title"", ""scope"", ""full_text_summary_heading"", ""full_text_repeated_terms""], ""primary_subject"": [""title""]}",RESOLVED_PRODUCT,False,
IS 1079: 1994,HOT ROLLED CARBON STEEL SHEETS AND STRIPS,,material_standard,,steel_sheet,,HOT ROLLED CARBON STEEL SHEETS AND STRIPS,steel,,,steel,high,"{""applies_to_product_families"": [""title"", ""scope""], ""canonical_product"": [""title"", ""scope"", ""full_text_summary_heading"", ""full_text_repeated_terms""], ""material"": [""title"", ""scope"", ""full_text_summary_heading"", ""full_text_repeated_terms""], ""primary_subject"": [""title""]}",RESOLVED_PRODUCT,False,
IS 10889: 1984,HIGH DENSITY POLYTHYLENE FILM,HIGH DENSITY POLYTHYLENE FILM 1. Scope – Requirements and the methods of sampling and test for natural and black colour (carbon black pigment) high density polyethylene films. Coloured films,product_standard,,polyethylene_films_coloured_films,,HIGH DENSITY POLYTHYLENE FILM 1. Scope – Requirements and the methods of sampling and test for natural and black colour (carbon black pigment) high density polyethylene films. Coloured films,HDPE,,,,high,"{""canonical_product"": [""title""], ""material"": [""title"", ""scope"", ""full_text_summary_heading"", ""full_text_repeated_terms""], ""primary_subject"": [""title""]}",REVIEW_REQUIRED,True,source_grounded_fallback_requires_review
IS 110: 1983,"READY MIXED PAINT, BRUSHING, GREY FILLER,","READY MIXED PAINT, BRUSHING, GREY FILLER, FOR ENAMELS FOR USE OVER PRIMERS",material_standard,,paint,,"READY MIXED PAINT, BRUSHING, GREY FILLER, FOR ENAMELS FOR USE OVER PRIMERS",,,,coating,high,"{""applies_to_product_families"": [""title"", ""scope""], ""canonical_product"": [""title"", ""scope"", ""full_text_summary_heading"", ""full_text_repeated_terms""], ""primary_subject"": [""title""]}",RESOLVED_PRODUCT,False,
IS 11246: 1992,GLASS FIBRE REINFORCED POLYESTER,GLASS FIBRE REINFORCED POLYESTER RESIN (GRP) SQUATTING PANS,material_standard,,glass,,GLASS FIBRE REINFORCED POLYESTER RESIN (GRP) SQUATTING PANS,glass fibre reinforced plastic,,,glass,high,"{""applies_to_product_families"": [""title"", ""scope""], ""canonical_product"": [""title"", ""scope"", ""full_text_summary_heading"", ""full_text_repeated_terms""], ""material"": [""title"", ""scope"", ""full_text_summary_heading"", ""full_text_repeated_terms""], ""primary_subject"": [""title""]}",RESOLVED_PRODUCT,False,
IS 1127: 1970,DIMENSIONS AND WORKMANSHIP OF NATURAL,DIMENSIONS AND WORKMANSHIP OF NATURAL BUILDING STONES FOR MASONRY WORK,other,,stone,,DIMENSIONS AND WORKMANSHIP OF NATURAL BUILDING STONES FOR MASONRY WORK,,,,stone,high,"{""applies_to_product_families"": [""title"", ""scope""], ""canonical_product"": [""title"", ""scope"", ""full_text_summary_heading"", ""full_text_repeated_terms""], ""primary_subject"": [""title""]}",RESOLVED_PRODUCT,False,
IS 11308: 1985,HYDRAULIC SETTING THERMAL INSULATING,HYDRAULIC SETTING THERMAL INSULATING CASTABLES FOR TEMPERATURE UPTO 1250ºC 1. Scope – Requirements and methods of sampling and test for hydraulic setting thermal insulating,product_standard,,thermal_insulation,,HYDRAULIC SETTING THERMAL INSULATING CASTABLES FOR TEMPERATURE UPTO 1250ºC 1. Scope – Requirements and methods of sampling and test for hydraulic setting thermal insulating,,thermal insulation,thermal_insulation,thermal_insulation,high,"{""application"": [""title"", ""scope"", ""full_text_summary_heading"", ""full_text_repeated_terms""], ""applies_to_product_families"": [""title"", ""scope""], ""canonical_product"": [""title"", ""scope"", ""full_text_summary_heading"", ""full_text_repeated_terms""], ""function"": [""title"", ""scope"", ""full_text_summary_heading""], ""primary_subject"": [""title""]}",RESOLVED_PRODUCT,False,
IS 11433 (Part 1): 1985,ONE-PART GUN-GRADE POLYSULPHIDE-,ONE-PART GUN-GRADE POLYSULPHIDE- BASED JOINT SEALANTS PART 1 GENERAL REQUIREMENTS,product_standard,,sealant,,ONE-PART GUN-GRADE POLYSULPHIDE- BASED JOINT SEALANTS PART 1 GENERAL REQUIREMENTS,steel,,,sealant,high,"{""applies_to_product_families"": [""title"", ""scope""], ""canonical_product"": [""title"", ""scope"", ""full_text_summary_heading"", ""full_text_repeated_terms""], ""material"": [""full_text_repeated_terms""], ""primary_subject"": [""title""]}",RESOLVED_PRODUCT,False,
IS 1148: 1982,HOT  ROLLED  STEEL RIVETS  BARS,,material_standard,,rivet,,HOT ROLLED STEEL RIVETS BARS,steel,,structural_fastening,fastener,high,"{""applies_to_product_families"": [""title"", ""scope""], ""canonical_product"": [""title"", ""scope"", ""full_text_summary_heading"", ""full_text_repeated_terms""], ""function"": [""scope""], ""material"": [""title"", ""scope"", ""full_text_summary_heading"", ""full_text_repeated_terms""], ""primary_subject"": [""title""]}",RESOLVED_PRODUCT,False,
IS 1149: 1982,HIGH  TENSILE STEEL RIVETS BARS,HIGH TENSILE STEEL RIVETS BARS FOR STRUCTURAL PURPOSES,material_standard,,rivet,,HIGH TENSILE STEEL RIVETS BARS FOR STRUCTURAL PURPOSES,steel,,structural_fastening,fastener,high,"{""applies_to_product_families"": [""title"", ""scope""], ""canonical_product"": [""title"", ""scope"", ""full_text_summary_heading"", ""full_text_repeated_terms""], ""function"": [""scope""], ""material"": [""title"", ""scope"", ""full_text_summary_heading"", ""full_text_repeated_terms""], ""primary_subject"": [""title""]}",RESOLVED_PRODUCT,False,
IS 11587: 1986,STRUCTURAL WEATHER RESISTANCE STEELS,"STRUCTURAL WEATHER RESISTANCE STEELS 1. Scope – Requirements for high strength low alloy weather resistant structural steels in the form of plates, strips, sections and bars for welded, riveted or bolted",material_standard,,valve,,"STRUCTURAL WEATHER RESISTANCE STEELS 1. Scope – Requirements for high strength low alloy weather resistant structural steels in the form of plates, strips, sections and bars for welded, riveted or bolted",steel,,,,high,"{""canonical_product"": [""full_text_repeated_terms""], ""material"": [""full_text_repeated_terms""], ""primary_subject"": [""title""]}",REVIEW_REQUIRED,True,low_confidence_metadata
IS 1173: 1978,HOT ROLLED AND SLIT STEEL TEE BARS,,material_standard,,pipe_fitting,tee,tee,steel,,,pipe_water_drainage; steel,high,"{""applies_to_product_families"": [""title"", ""scope""], ""canonical_product"": [""title"", ""full_text_summary_heading"", ""full_text_repeated_terms""], ""material"": [""title"", ""full_text_summary_heading"", ""full_text_repeated_terms""], ""primary_subject"": [""title""], ""product_subtype"": [""title"", ""full_text_summary_heading""]}",REVIEW_REQUIRED,True,low_confidence_metadata
IS 1195: 2002,BITUMEN MASTIC FOR FLOORING,,material_standard,,aggregate,,BITUMEN MASTIC FOR FLOORING,bitumen,flooring,flooring,concrete_material,high,"{""application"": [""title"", ""scope"", ""full_text_summary_heading"", ""full_text_repeated_terms""], ""applies_to_product_families"": [""title"", ""scope""], ""canonical_product"": [""scope"", ""full_text_repeated_terms""], ""function"": [""title"", ""scope"", ""full_text_summary_heading""], ""material"": [""title"", ""scope"", ""full_text_summary_heading"", ""full_text_repeated_terms""], ""primary_subject"": [""title""]}",RESOLVED_PRODUCT,False,
IS 12027: 1987,SILICONE-BASED WATER REPELLENTS,,product_standard,,cement,,SILICONE-BASED WATER REPELLENTS,clay,,,,high,"{""canonical_product"": [""full_text_repeated_terms""], ""material"": [""full_text_repeated_terms""], ""primary_subject"": [""title""]}",REVIEW_REQUIRED,True,low_confidence_metadata
IS 12118 (Part 1): 1987,TWO-PARTS POLYSULPHIDE BASED,TWO-PARTS POLYSULPHIDE BASED SEALANTS PART 1 GENERAL REQUIREMENTS the original profile in a horizontal position. 4.2 Plastic Deformation— The sealant shall have a,product_standard,,sealant,,TWO-PARTS POLYSULPHIDE BASED SEALANTS PART 1 GENERAL REQUIREMENTS the original profile in a horizontal position. 4.2 Plastic Deformation— The sealant shall have a,clay,,,sealant,high,"{""applies_to_product_families"": [""title"", ""scope""], ""canonical_product"": [""title"", ""scope"", ""full_text_summary_heading"", ""full_text_repeated_terms""], ""material"": [""full_text_repeated_terms""], ""primary_subject"": [""title""]}",RESOLVED_PRODUCT,False,
IS 12313: 1988,HOT–DIP TERNE COATED CARBON STEEL,HOT–DIP TERNE COATED CARBON STEEL SHEETS TABLE 1 CHEMICAL COMPOSITION (LADLE ANALYSIS) Quality C,material_standard,,steel_sheet,,HOT–DIP TERNE COATED CARBON STEEL SHEETS TABLE 1 CHEMICAL COMPOSITION (LADLE ANALYSIS) Quality C,steel,roofing,roofing,steel,high,"{""application"": [""scope"", ""full_text_repeated_terms""], ""applies_to_product_families"": [""title"", ""scope""], ""canonical_product"": [""title"", ""scope"", ""full_text_summary_heading"", ""full_text_repeated_terms""], ""function"": [""scope""], ""material"": [""title"", ""scope"", ""full_text_summary_heading"", ""full_text_repeated_terms""], ""primary_subject"": [""title""]}",RESOLVED_PRODUCT,False,
IS 12406: 2003,MEDIUM DENSITY FIBRE BOARDS FOR,MEDIUM DENSITY FIBRE BOARDS FOR GENERAL PURPOSES 1. Scope — Requirements of medium density fibre boards for general purposes having density in the range,product_standard,,board,,MEDIUM DENSITY FIBRE BOARDS FOR GENERAL PURPOSES 1. Scope — Requirements of medium density fibre boards for general purposes having density in the range,timber,,,wood_board,high,"{""applies_to_product_families"": [""title"", ""scope""], ""canonical_product"": [""title"", ""scope"", ""full_text_summary_heading"", ""full_text_repeated_terms""], ""material"": [""full_text_repeated_terms""], ""primary_subject"": [""title""]}",RESOLVED_PRODUCT,False,
IS 12440: 1988,PRECAST CONCRETE STONE MASONRY BLOCKS,"PRECAST CONCRETE STONE MASONRY BLOCKS 3.2 For 200, 150 and 100 mm nominal thick walls, the blocks shall be of 300 × 200 × 150 mm, 300 × 150 × 150 mm and 300 × 100 × 150 mm nominal size respectively. 3.3 For accommodating vertical reinforcement required",material_standard,,block,,"PRECAST CONCRETE STONE MASONRY BLOCKS 3.2 For 200, 150 and 100 mm nominal thick walls, the blocks shall be of 300 × 200 × 150 mm, 300 × 150 × 150 mm and 300 × 100 × 150 mm nominal size respectively. 3.3 For accommodating vertical reinforcem",concrete,,,masonry_unit; stone,high,"{""applies_to_product_families"": [""title"", ""scope""], ""canonical_product"": [""title"", ""scope"", ""full_text_summary_heading"", ""full_text_repeated_terms""], ""material"": [""title"", ""scope"", ""full_text_summary_heading"", ""full_text_repeated_terms""], ""primary_subject"": [""title""]}",RESOLVED_PRODUCT,False,
IS 1254: 1991,CORRUGATED ALUMINIUM SHEET,,material_standard,,roofing_sheet,,CORRUGATED ALUMINIUM SHEET,aluminium,,,,high,"{""canonical_product"": [""full_text_repeated_terms""], ""material"": [""title"", ""scope"", ""full_text_summary_heading"", ""full_text_repeated_terms""], ""primary_subject"": [""title""]}",REVIEW_REQUIRED,True,low_confidence_metadata
IS 12583: 1988,CORRUGATED BITMEN ROOFING SHEETS,,material_standard,,roofing_sheet,,CORRUGATED BITMEN ROOFING SHEETS ± ± ± ±,bitumen,roofing,roofing,roofing,high,"{""application"": [""title"", ""scope"", ""full_text_summary_heading"", ""full_text_repeated_terms""], ""applies_to_product_families"": [""title"", ""scope""], ""canonical_product"": [""title"", ""scope"", ""full_text_summary_heading"", ""full_text_repeated_terms""], ""function"": [""title"", ""scope"", ""full_text_summary_heading""], ""material"": [""scope"", ""full_text_repeated_terms""], ""primary_subject"": [""title""]}",RESOLVED_PRODUCT,False,
IS 12701: 1996,ROTATIONAL MOULDED POLYETHYLENE,ROTATIONAL MOULDED POLYETHYLENE WATER STORAGE TANKS,material_standard,,water_tank,,ROTATIONAL MOULDED POLYETHYLENE WATER STORAGE TANKS,,door and window construction,,water_storage,high,"{""application"": [""full_text_repeated_terms""], ""applies_to_product_families"": [""title"", ""scope""], ""canonical_product"": [""scope"", ""full_text_repeated_terms""], ""primary_subject"": [""title""]}",RESOLVED_PRODUCT,False,
IS 12778: 2004,HOT ROLLED PARALLEL FLANGE STEEL SECTION,"HOT ROLLED PARALLEL FLANGE STEEL SECTION FOR BEAMS, COLUMNS AND BEARING PILES DIMENSIONS AND SECTION PROPERTIES",material_standard,,steel_section,,"HOT ROLLED PARALLEL FLANGE STEEL SECTION FOR BEAMS, COLUMNS AND BEARING PILES DIMENSIONS AND SECTION PROPERTIES",cast iron,,,steel,high,"{""applies_to_product_families"": [""title"", ""scope""], ""canonical_product"": [""title"", ""full_text_summary_heading"", ""full_text_repeated_terms""], ""material"": [""full_text_repeated_terms""], ""primary_subject"": [""title""]}",RESOLVED_PRODUCT,False,
IS 1278: 1972,FILLER RODS FOR GAS WELDING,,material_standard,,rod,,FILLER RODS FOR GAS WELDING,cast iron,,,coating; welding,high,"{""applies_to_product_families"": [""title"", ""scope""], ""canonical_product"": [""title"", ""scope"", ""full_text_summary_heading"", ""full_text_repeated_terms""], ""material"": [""full_text_repeated_terms""], ""primary_subject"": [""title""]}",RESOLVED_PRODUCT,False,
IS 12817: 1997,STAINLESS STEEL BUTT HINGES,,material_standard,,hinge,,STAINLESS STEEL BUTT HINGES,steel,,,hardware,high,"{""applies_to_product_families"": [""title"", ""scope""], ""canonical_product"": [""title"", ""scope"", ""full_text_summary_heading"", ""full_text_repeated_terms""], ""material"": [""title"", ""scope"", ""full_text_summary_heading"", ""full_text_repeated_terms""], ""primary_subject"": [""title""]}",RESOLVED_PRODUCT,False,
IS 12823: 1990,WOOD PRODUCTS-PRELAMINATED,WOOD PRODUCTS-PRELAMINATED PARTICLES BOARDS 3.3 Impregnated Overlay—An absorbent tissue paper having a weight of 18-40 g/m2 impregnated in a suitable synthetic resin and dried to a volatile content of 4-8,other,,board,,WOOD PRODUCTS-PRELAMINATED PARTICLES BOARDS 3.3 Impregnated Overlay—An absorbent tissue paper having a weight of 18-40 g/m2 impregnated in a suitable synthetic resin and dried to a volatile content of 4-8,timber,,,wood_board,high,"{""applies_to_product_families"": [""title"", ""scope""], ""canonical_product"": [""title"", ""scope"", ""full_text_summary_heading"", ""full_text_repeated_terms""], ""material"": [""title"", ""full_text_summary_heading"", ""full_text_repeated_terms""], ""primary_subject"": [""title""]}",RESOLVED_PRODUCT,False,
IS 12830: 1989,RUBBER BASED ADHESIVE FOR FIXING PVC,RUBBER BASED ADHESIVE FOR FIXING PVC TILES TO CEMENT 1. Scope – Requirements and the methods of sampling and test for rubber based adhesives used for bonding,installation,,,,RUBBER BASED ADHESIVE FOR FIXING PVC TILES TO CEMENT 1. Scope – Requirements and the methods of sampling and test for rubber based adhesives used for bonding,PVC,,,adhesive; cement; tile,high,"{""applies_to_product_families"": [""title"", ""scope""], ""canonical_product"": [""title"", ""scope"", ""full_text_summary_heading"", ""full_text_repeated_terms""], ""material"": [""title"", ""full_text_summary_heading"", ""full_text_repeated_terms""], ""primary_subject"": [""title""]}",RESOLVED_NON_PRODUCT,False,
IS 12866: 1989,PLASTIC TRANSLUCENT SHEET MADE,PLASTIC TRANSLUCENT SHEET MADE FROM THERMOSETTING POLYESTER RESIN,other,,glass,,PLASTIC TRANSLUCENT SHEET MADE FROM THERMOSETTING POLYESTER RESIN,steel,,,glass,high,"{""applies_to_product_families"": [""title"", ""scope""], ""canonical_product"": [""scope"", ""full_text_repeated_terms""], ""material"": [""full_text_repeated_terms""], ""primary_subject"": [""title""]}",RESOLVED_PRODUCT,False,
IS 12867: 1989,PVC HAND RAIL COVERS,,product_standard,,handrail,,PVC HAND RAIL COVERS,PVC,,,hardware,high,"{""applies_to_product_families"": [""title"", ""scope""], ""canonical_product"": [""title"", ""scope"", ""full_text_summary_heading"", ""full_text_repeated_terms""], ""material"": [""title"", ""scope"", ""full_text_summary_heading"", ""full_text_repeated_terms""], ""primary_subject"": [""title""]}",RESOLVED_PRODUCT,False,
IS 12894: 2002,PULVERIZED FUEL ASH-LIME BRICKS,,product_standard,,brick,,PULVERIZED FUEL ASH-LIME BRICKS,clay,roofing,,masonry_unit,high,"{""application"": [""full_text_repeated_terms""], ""applies_to_product_families"": [""title"", ""scope""], ""canonical_product"": [""title"", ""scope"", ""full_text_summary_heading"", ""full_text_repeated_terms""], ""material"": [""full_text_repeated_terms""], ""primary_subject"": [""title""]}",RESOLVED_PRODUCT,False,
IS 12896: 1990,INDIAN TIMBERS FOR DOOR AND,INDIAN TIMBERS FOR DOOR AND WINDOW SHUTTERS AND FRAMES – CLASSIFICATION,material_standard,,door,,INDIAN TIMBERS FOR DOOR AND WINDOW SHUTTERS AND FRAMES – CLASSIFICATION,timber,door and window construction,,door_window; timber,high,"{""application"": [""title"", ""scope"", ""full_text_summary_heading"", ""full_text_repeated_terms""], ""applies_to_product_families"": [""title"", ""scope""], ""canonical_product"": [""title"", ""scope"", ""full_text_summary_heading"", ""full_text_repeated_terms""], ""material"": [""scope"", ""full_text_repeated_terms""], ""primary_subject"": [""title""]}",RESOLVED_PRODUCT,False,
IS 1293: 1988,PLUGS AND SOCKET-OUTLETS – RATED,PLUGS AND SOCKET-OUTLETS – RATED VOLTAGE UPTO AND INCLUDING 250 VOLTS AND RATED CURRENT UPTO AND INCLUDING 16 AMPERES,product_standard,,plug_socket,,PLUGS AND SOCKET-OUTLETS – RATED VOLTAGE UPTO AND INCLUDING 250 VOLTS AND RATED CURRENT UPTO AND INCLUDING 16 AMPERES,steel,thermal insulation,,electrical; pipe_water_drainage,high,"{""application"": [""full_text_repeated_terms""], ""applies_to_product_families"": [""title"", ""scope""], ""canonical_product"": [""title"", ""scope"", ""full_text_summary_heading"", ""full_text_repeated_terms""], ""material"": [""full_text_repeated_terms""], ""primary_subject"": [""title""]}",RESOLVED_PRODUCT,False,
IS 12994: 1990,"EPOXY ADHESIVES, ROOM TEMPERATURE","EPOXY ADHESIVES, ROOM TEMPERATURE CURING, GENERAL PURPOSE",product_standard,,adhesive,,"EPOXY ADHESIVES, ROOM TEMPERATURE CURING, GENERAL PURPOSE",,,,adhesive,high,"{""applies_to_product_families"": [""title"", ""scope""], ""canonical_product"": [""title"", ""scope"", ""full_text_summary_heading"", ""full_text_repeated_terms""], ""primary_subject"": [""title""]}",RESOLVED_PRODUCT,False,
IS 13026: 1991,BITUMEN MASTIC FOR FLOORING FOR,BITUMEN MASTIC FOR FLOORING FOR INDUSTRIES HANDLING LPG AND OTHER LIGHT HYDROCARBON PRODUCTS,material_standard,,aggregate,,BITUMEN MASTIC FOR FLOORING FOR INDUSTRIES HANDLING LPG AND OTHER LIGHT HYDROCARBON PRODUCTS,bitumen,flooring,flooring,,high,"{""application"": [""title"", ""scope"", ""full_text_summary_heading"", ""full_text_repeated_terms""], ""canonical_product"": [""full_text_repeated_terms""], ""function"": [""title"", ""scope"", ""full_text_summary_heading""], ""material"": [""title"", ""scope"", ""full_text_summary_heading"", ""full_text_repeated_terms""], ""primary_subject"": [""title""]}",REVIEW_REQUIRED,True,low_confidence_metadata
IS 1322: 1993,BITUMEN FELTS FOR WATER–PROOFING,BITUMEN FELTS FOR WATER–PROOFING AND DAMP–PROOFING,product_standard,,waterproofing_membrane,,BITUMEN FELTS FOR WATER–PROOFING AND DAMP–PROOFING,bitumen,waterproofing,waterproofing,waterproofing,high,"{""application"": [""title"", ""scope"", ""full_text_summary_heading"", ""full_text_repeated_terms""], ""applies_to_product_families"": [""title"", ""scope""], ""canonical_product"": [""title"", ""scope"", ""full_text_summary_heading"", ""full_text_repeated_terms""], ""function"": [""title"", ""scope"", ""full_text_summary_heading""], ""material"": [""title"", ""scope"", ""full_text_summary_heading"", ""full_text_repeated_terms""], ""primary_subject"": [""title""]}",RESOLVED_PRODUCT,False,
IS 1326: 1992,NON-CONIFEROUS  SAWN TIMBER,,material_standard,,timber,,NON-CONIFEROUS SAWN TIMBER,timber,,,timber,high,"{""applies_to_product_families"": [""title"", ""scope""], ""canonical_product"": [""title"", ""scope"", ""full_text_summary_heading"", ""full_text_repeated_terms""], ""material"": [""title"", ""scope"", ""full_text_summary_heading"", ""full_text_repeated_terms""], ""primary_subject"": [""title""]}",RESOLVED_PRODUCT,False,
IS 1328: 1996,VENEERED DECORATIVE PLYWOOD,,product_standard,,board,plywood,plywood,timber,,,wood_board,high,"{""applies_to_product_families"": [""title"", ""scope""], ""canonical_product"": [""title"", ""scope"", ""full_text_summary_heading"", ""full_text_repeated_terms""], ""material"": [""full_text_repeated_terms""], ""primary_subject"": [""title""], ""product_subtype"": [""title"", ""scope"", ""full_text_summary_heading""]}",RESOLVED_PRODUCT,False,
IS 13349: 1992,SINGLE FACED CAST IRON THIMBLE,SINGLE FACED CAST IRON THIMBLE MOUNTED SLUICE GATES 5. Materials – see Table 3 TABLE 3 MATERIALS,material_standard,,gate,,SINGLE FACED CAST IRON THIMBLE MOUNTED SLUICE GATES 5. Materials – see Table 3 TABLE 3 MATERIALS,cast iron,potable water supply,,hardware,high,"{""application"": [""full_text_repeated_terms""], ""applies_to_product_families"": [""title"", ""scope""], ""canonical_product"": [""title"", ""scope"", ""full_text_summary_heading"", ""full_text_repeated_terms""], ""material"": [""title"", ""scope"", ""full_text_summary_heading"", ""full_text_repeated_terms""], ""primary_subject"": [""title""]}",RESOLVED_PRODUCT,False,
IS 13356: 1992,PRECAST FERROCEMENT WATER TANKS,PRECAST FERROCEMENT WATER TANKS UP TO 10 000 LITRES CAPACITY,material_standard,,water_tank,,PRECAST FERROCEMENT WATER TANKS UP TO 10 000 LITRES CAPACITY,steel,,,pipe_water_drainage; water_storage; wood_board,high,"{""applies_to_product_families"": [""title"", ""scope""], ""canonical_product"": [""title"", ""scope"", ""full_text_summary_heading"", ""full_text_repeated_terms""], ""material"": [""full_text_repeated_terms""], ""primary_subject"": [""title""]}",RESOLVED_PRODUCT,False,
IS 1341: 1992,STEEL BUTT HINGES,,material_standard,,hinge,,STEEL BUTT HINGES,steel,,,hardware,high,"{""applies_to_product_families"": [""title"", ""scope""], ""canonical_product"": [""title"", ""scope"", ""full_text_summary_heading"", ""full_text_repeated_terms""], ""material"": [""title"", ""scope"", ""full_text_summary_heading"", ""full_text_repeated_terms""], ""primary_subject"": [""title""]}",RESOLVED_PRODUCT,False,
IS 1361: 1978,STEEL WINDOWS FOR INDUSTRIAL BUILDINGS,,material_standard,,window,,STEEL WINDOWS FOR INDUSTRIAL BUILDINGS,steel,door and window construction,,door_window,high,"{""application"": [""full_text_repeated_terms""], ""applies_to_product_families"": [""title"", ""scope""], ""canonical_product"": [""title"", ""scope"", ""full_text_summary_heading"", ""full_text_repeated_terms""], ""material"": [""title"", ""scope"", ""full_text_summary_heading"", ""full_text_repeated_terms""], ""primary_subject"": [""title""]}",RESOLVED_PRODUCT,False,
IS 13620: 1993,FUSION BONDED  EPOXY COATED,FUSION BONDED EPOXY COATED REINFORCING BARS,material_standard,,coating,,FUSION BONDED EPOXY COATED REINFORCING BARS,steel,,,coating,high,"{""applies_to_product_families"": [""title"", ""scope""], ""canonical_product"": [""scope"", ""full_text_repeated_terms""], ""material"": [""scope"", ""full_text_repeated_terms""], ""primary_subject"": [""title""]}",RESOLVED_PRODUCT,False,
IS 1363 (Part 1): 2002,ISO 4016 : 1999,"ISO 4016 : 1999 HEXAGON HEAD BOLTS, SCREWS AND NUTS OF PRODUCT GRADE C PART 1 : HEXAGON HEAD BOLTS (SIZE RANGE M5 TO M64)",product_standard,,bolt,,"ISO 4016 : 1999 HEXAGON HEAD BOLTS, SCREWS AND NUTS OF PRODUCT GRADE C PART 1 : HEXAGON HEAD BOLTS (SIZE RANGE M5 TO M64)",steel,,,fastener,high,"{""applies_to_product_families"": [""title"", ""scope""], ""canonical_product"": [""title"", ""full_text_summary_heading"", ""full_text_repeated_terms""], ""material"": [""full_text_repeated_terms""], ""primary_subject"": [""title""]}",RESOLVED_PRODUCT,False,
IS 13757: 1993,BURNT CLAY FLY ASH BUILDING BRICKS,BURNT CLAY FLY ASH BUILDING BRICKS * Heavy duty burnt clay building bricks (third revision). ** Common burnt day building bricks (fifth revision).,product_standard,,brick,,BURNT CLAY FLY ASH BUILDING BRICKS * Heavy duty burnt clay building bricks (third revision). ** Common burnt day building bricks (fifth revision),clay,,,masonry_unit,high,"{""applies_to_product_families"": [""title"", ""scope""], ""canonical_product"": [""title"", ""scope"", ""full_text_summary_heading"", ""full_text_repeated_terms""], ""material"": [""title"", ""scope"", ""full_text_summary_heading"", ""full_text_repeated_terms""], ""primary_subject"": [""title""]}",RESOLVED_PRODUCT,False,
IS 13957: 1994,METAL FACED PLYWOOD,METAL FACED PLYWOOD 1. Scope – Covers manufacture and requirements of metal faced plywood composite. The scope is limited to the use of galvanized iron sheet or aluminium sheet,product_standard,,board,plywood,plywood,aluminium,,,wood_board,high,"{""applies_to_product_families"": [""title"", ""scope""], ""canonical_product"": [""title"", ""scope"", ""full_text_summary_heading"", ""full_text_repeated_terms""], ""material"": [""title"", ""scope"", ""full_text_summary_heading"", ""full_text_repeated_terms""], ""primary_subject"": [""title""], ""product_subtype"": [""title"", ""scope"", ""full_text_summary_heading""]}",RESOLVED_PRODUCT,False,
IS 13958: 1994,BAMBOO MAT BOARD FOR GENERAL PURPOSES,BAMBOO MAT BOARD FOR GENERAL PURPOSES 1. Scope – Covers the method of manufacture and the requirements of bamboo mat board used for general purposes.,product_standard,,board,,BAMBOO MAT BOARD FOR GENERAL PURPOSES 1. Scope – Covers the method of manufacture and the requirements of bamboo mat board used for general purposes,timber,,,wood_board,high,"{""applies_to_product_families"": [""title"", ""scope""], ""canonical_product"": [""title"", ""scope"", ""full_text_summary_heading"", ""full_text_repeated_terms""], ""material"": [""full_text_repeated_terms""], ""primary_subject"": [""title""]}",RESOLVED_PRODUCT,False,
IS 1395: 1982,LOW AND MEDIUM ALLOY STEEL COVERED,LOW AND MEDIUM ALLOY STEEL COVERED ELECTRODES FOR MANUAL METAL ARC WELDING,material_standard,,electrode,,LOW AND MEDIUM ALLOY STEEL COVERED ELECTRODES FOR MANUAL METAL ARC WELDING,steel,,,welding,high,"{""applies_to_product_families"": [""title"", ""scope""], ""canonical_product"": [""title"", ""scope"", ""full_text_summary_heading"", ""full_text_repeated_terms""], ""material"": [""title"", ""scope"", ""full_text_summary_heading"", ""full_text_repeated_terms""], ""primary_subject"": [""title""]}",RESOLVED_PRODUCT,False,
IS 13983: 1994,STAINLESS STEELSINKS FOR,STAINLESS STEELSINKS FOR DOMESTIC PURPOSES,installation,,,,STAINLESS STEELSINKS FOR DOMESTIC PURPOSES,steel,potable water supply,,sanitary_fixture,high,"{""application"": [""full_text_repeated_terms""], ""applies_to_product_families"": [""title"", ""scope""], ""canonical_product"": [""scope"", ""full_text_repeated_terms""], ""material"": [""scope"", ""full_text_repeated_terms""], ""primary_subject"": [""title""]}",RESOLVED_NON_PRODUCT,False,
IS 13990: 1994,PRECAST REINFORCED CONCRETE,PRECAST REINFORCED CONCRETE PLANKS AND JOISTS FOR ROOFING AND FLOORING 2.3 Tolerances — Casting tolerances on various dimensions of plank shall be as given below — Dimension,product_standard,,waterproofing_membrane,,PRECAST REINFORCED CONCRETE PLANKS AND JOISTS FOR ROOFING AND FLOORING 2.3 Tolerances — Casting tolerances on various dimensions of plank shall be as given below — Dimension,steel,roofing,roofing,,high,"{""application"": [""title"", ""full_text_summary_heading"", ""full_text_repeated_terms""], ""canonical_product"": [""full_text_repeated_terms""], ""function"": [""title"", ""full_text_summary_heading""], ""material"": [""full_text_repeated_terms""], ""primary_subject"": [""title""]}",REVIEW_REQUIRED,True,low_confidence_metadata
IS 14143: 1994,PREFABRICATED BRICK PANEL AND PARTIALLY,PREFABRICATED BRICK PANEL AND PARTIALLY PRECAST CONCRETE JOIST FOR FLOORING AND ROOFING 2.2.1 Shape— Partially precast joist shall be rectangular in shape with steel stirrups kept projecting out which shall be tied with reinforcement along the joist to achieve,material_standard,,brick,,PREFABRICATED BRICK PANEL AND PARTIALLY PRECAST CONCRETE JOIST FOR FLOORING AND ROOFING 2.2.1 Shape— Partially precast joist shall be rectangular in shape with steel stirrups kept projecting out which shall be tied with reinforcement along ,steel,roofing,roofing,masonry_unit,high,"{""application"": [""title"", ""scope"", ""full_text_summary_heading"", ""full_text_repeated_terms""], ""applies_to_product_families"": [""title"", ""scope""], ""canonical_product"": [""title"", ""scope"", ""full_text_summary_heading"", ""full_text_repeated_terms""], ""function"": [""title"", ""scope"", ""full_text_summary_heading""], ""material"": [""title"", ""full_text_summary_heading"", ""full_text_repeated_terms""], ""primary_subject"": [""title""]}",RESOLVED_PRODUCT,False,
IS 14201: 1994,PRECAST REINFORCED CONCRETE CHANNEL,PRECAST REINFORCED CONCRETE CHANNEL UNITS FOR CONSTRUCTION OF FLOORS AND ROOFS 2.3 Tolerances on Dimensions 2.3.1 Dimension,product_standard,,channel,,PRECAST REINFORCED CONCRETE CHANNEL UNITS FOR CONSTRUCTION OF FLOORS AND ROOFS 2.3 Tolerances on Dimensions 2.3.1 Dimension,steel,,,precast_concrete,high,"{""applies_to_product_families"": [""title"", ""scope""], ""canonical_product"": [""title"", ""scope"", ""full_text_summary_heading"", ""full_text_repeated_terms""], ""material"": [""full_text_repeated_terms""], ""primary_subject"": [""title""]}",RESOLVED_PRODUCT,False,
IS 14223 (Part 1): 1995,POLISHED BUILDING STONES,POLISHED BUILDING STONES PART 1 GRANITE,product_standard,,stone,,POLISHED BUILDING STONES PART 1 GRANITE,clay,sewerage,,stone,high,"{""application"": [""full_text_repeated_terms""], ""applies_to_product_families"": [""title"", ""scope""], ""canonical_product"": [""title"", ""full_text_summary_heading"", ""full_text_repeated_terms""], ""material"": [""full_text_repeated_terms""], ""primary_subject"": [""title""]}",RESOLVED_PRODUCT,False,
IS 14241: 1995,PRECAST REINFORCED CONCRETE  L–PANEL,"PRECAST REINFORCED CONCRETE L–PANEL FOR ROOFING 2.2 Dimensions 2.2.1 Length— The maximum span of L-panels shall be restricted to 4 m. Lower lengths may be preferred,",product_standard,,channel,,PRECAST REINFORCED CONCRETE L–PANEL FOR ROOFING 2.2 Dimensions 2.2.1 Length— The maximum span of L-panels shall be restricted to 4 m. Lower lengths may be preferred,steel,roofing,roofing,precast_concrete,high,"{""application"": [""title"", ""scope"", ""full_text_summary_heading"", ""full_text_repeated_terms""], ""applies_to_product_families"": [""title"", ""scope""], ""canonical_product"": [""title"", ""scope"", ""full_text_summary_heading"", ""full_text_repeated_terms""], ""function"": [""title"", ""full_text_summary_heading""], ""material"": [""full_text_repeated_terms""], ""primary_subject"": [""title""]}",RESOLVED_PRODUCT,False,
IS 14268: 1995,UNCOATED STRESS RELIEVED  LOW,UNCOATED STRESS RELIEVED LOW RELAXATION SEVEN- PLY STRAND FOR PRESTRESSED CONCRETE . TABLE 1 PHYSICAL PROPERTIES,material_standard,,steel_sheet,,UNCOATED STRESS RELIEVED LOW RELAXATION SEVEN- PLY STRAND FOR PRESTRESSED CONCRETE . TABLE 1 PHYSICAL PROPERTIES,steel,,,,high,"{""canonical_product"": [""full_text_repeated_terms""], ""material"": [""scope"", ""full_text_repeated_terms""], ""primary_subject"": [""title""]}",REVIEW_REQUIRED,True,low_confidence_metadata
IS 14443: 1997,POLYCARBONATE SHEETS,,material_standard,,glass,,POLYCARBONATE SHEETS,polycarbonate,,,glass,high,"{""applies_to_product_families"": [""title"", ""scope""], ""canonical_product"": [""scope"", ""full_text_repeated_terms""], ""material"": [""title"", ""scope"", ""full_text_summary_heading"", ""full_text_repeated_terms""], ""primary_subject"": [""title""]}",RESOLVED_PRODUCT,False,
IS 14587: 1998,PRE-LAMINATED MEDIUM DENSITY FIBRE,PRE-LAMINATED MEDIUM DENSITY FIBRE BOARD TABLE 1 PHYSICAL AND MECHANICAL PROPERTIES PROPERTY REQUIREMENT,other,,board,medium_density_fibre_board,medium density fibre board,timber,thermal insulation,,wood_board,high,"{""application"": [""full_text_repeated_terms""], ""applies_to_product_families"": [""title"", ""scope""], ""canonical_product"": [""title"", ""scope"", ""full_text_summary_heading"", ""full_text_repeated_terms""], ""material"": [""full_text_repeated_terms""], ""primary_subject"": [""title""], ""product_subtype"": [""title"", ""scope"", ""full_text_summary_heading""]}",RESOLVED_PRODUCT,False,
IS 14588: 1999,BAMBOO MAT-VEENER COMPOSITE FOR,BAMBOO MAT-VEENER COMPOSITE FOR GENERAL PURPOSES 1. Scope – Covers the method of manufacture and the requirement of bamboo mat-veneer composites for,product_standard,,board,,BAMBOO MAT-VEENER COMPOSITE FOR GENERAL PURPOSES 1. Scope – Covers the method of manufacture and the requirement of bamboo mat-veneer composites for,timber,,,,high,"{""canonical_product"": [""full_text_repeated_terms""], ""material"": [""full_text_repeated_terms""], ""primary_subject"": [""title""]}",REVIEW_REQUIRED,True,low_confidence_metadata
IS 14616: 1999,LAMINATED  VENEER LUMBER,LAMINATED VENEER LUMBER 1. Scope—Covers laminated veneer lumber (LVL) of density range 0.6 to 0.75 in which most natural structural wood fall. Its applications include all the end,product_standard,,door,,LAMINATED VENEER LUMBER 1. Scope—Covers laminated veneer lumber (LVL) of density range 0.6 to 0.75 in which most natural structural wood fall. Its applications include all the end,timber,,,door_window,high,"{""applies_to_product_families"": [""title"", ""scope""], ""canonical_product"": [""scope"", ""full_text_repeated_terms""], ""material"": [""title"", ""scope"", ""full_text_summary_heading"", ""full_text_repeated_terms""], ""primary_subject"": [""title""]}",REVIEW_REQUIRED,True,low_confidence_metadata
IS 14695: 1999,GLASS FIBRE BASE COAL,"GLASS FIBRE BASE COAL TAR PITCH OUTER WRAP Note— For test procedure, refer to IS 13826 : 1993 Methods of test for bitumen based felts",test_method,,,,"GLASS FIBRE BASE COAL TAR PITCH OUTER WRAP Note— For test procedure, refer to IS 13826 : 1993 Methods of test for bitumen based felts",HDPE,potable water supply,,glass,high,"{""application"": [""full_text_repeated_terms""], ""applies_to_product_families"": [""title"", ""scope""], ""canonical_product"": [""title"", ""scope"", ""full_text_summary_heading"", ""full_text_repeated_terms""], ""material"": [""full_text_repeated_terms""], ""primary_subject"": [""title""]}",RESOLVED_NON_PRODUCT,False,
IS 14753: 1999,POLYMETHYL METHACRYLATE (PMMA),,product_standard,,adhesive,,POLYMETHYL METHACRYLATE (PMMA),PVC,,,,high,"{""canonical_product"": [""full_text_repeated_terms""], ""material"": [""full_text_repeated_terms""], ""primary_subject"": [""title""]}",REVIEW_REQUIRED,True,low_confidence_metadata
IS 14772: 2000,GENERAL REQUIREMENTS FOR ENCLOSURES,GENERAL REQUIREMENTS FOR ENCLOSURES FOR ACCESSORIES FOR HOUSEHOLD AND SIMILAR FIXED ELECTRICAL INSTALLATIONS – SPECIFICAION 1. Scope – This standard applies to enclosures or parts,installation,,,,GENERAL REQUIREMENTS FOR ENCLOSURES FOR ACCESSORIES FOR HOUSEHOLD AND SIMILAR FIXED ELECTRICAL INSTALLATIONS – SPECIFICAION 1. Scope – This standard applies to enclosures or parts,concrete,thermal insulation,thermal_insulation,pipe_water_drainage,high,"{""application"": [""scope"", ""full_text_repeated_terms""], ""applies_to_product_families"": [""title"", ""scope""], ""canonical_product"": [""full_text_repeated_terms""], ""function"": [""scope""], ""material"": [""full_text_repeated_terms""], ""primary_subject"": [""title""]}",RESOLVED_NON_PRODUCT,False,
IS 14842: 2000,COIR VENEER BOARD FOR,COIR VENEER BOARD FOR GENERAL PURPOSES 1. Scope – Covers the method of manufacture and the requirement of coir veneer board (coconut fibre,product_standard,,board,,COIR VENEER BOARD FOR GENERAL PURPOSES 1. Scope – Covers the method of manufacture and the requirement of coir veneer board (coconut fibre,timber,,,wood_board,high,"{""applies_to_product_families"": [""title"", ""scope""], ""canonical_product"": [""title"", ""scope"", ""full_text_summary_heading"", ""full_text_repeated_terms""], ""material"": [""full_text_repeated_terms""], ""primary_subject"": [""title""]}",RESOLVED_PRODUCT,False,
IS 14856: 2000,GLASS FIBRE REINFORCED PLASTIC (GRP),"GLASS FIBRE REINFORCED PLASTIC (GRP) PANEL TYPE DOOR SHUTTERS FOR INTERNAL USE 1. Scope – Requirements regarding types, sizes, material, construction, workmanship, finish,",material_standard,,glass,,"GLASS FIBRE REINFORCED PLASTIC (GRP) PANEL TYPE DOOR SHUTTERS FOR INTERNAL USE 1. Scope – Requirements regarding types, sizes, material, construction, workmanship, finish",steel,flooring,,door_window; glass,high,"{""application"": [""full_text_repeated_terms""], ""applies_to_product_families"": [""title"", ""scope""], ""canonical_product"": [""title"", ""scope"", ""full_text_summary_heading"", ""full_text_repeated_terms""], ""material"": [""full_text_repeated_terms""], ""primary_subject"": [""title""]}",RESOLVED_PRODUCT,False,
IS 14912: 2001,DOOR CLOSERS - CONCEALED TYPE,,other,,door,,DOOR CLOSERS - CONCEALED TYPE,cast iron,door and window construction,,door_window; hardware,high,"{""application"": [""title"", ""scope"", ""full_text_summary_heading"", ""full_text_repeated_terms""], ""applies_to_product_families"": [""title"", ""scope""], ""canonical_product"": [""title"", ""scope"", ""full_text_summary_heading"", ""full_text_repeated_terms""], ""material"": [""full_text_repeated_terms""], ""primary_subject"": [""title""]}",RESOLVED_PRODUCT,False,
IS 15380: 2003,MOULDED RAISED HIGH DENSITY FIBRE (HDF),"MOULDED RAISED HIGH DENSITY FIBRE (HDF) PANEL DOORS 1. Scope – This standard lays down requirements regarding types, sizes, material, construction,",material_standard,,door,,"MOULDED RAISED HIGH DENSITY FIBRE (HDF) PANEL DOORS 1. Scope – This standard lays down requirements regarding types, sizes, material, construction",timber,door and window construction,,door_window,high,"{""application"": [""full_text_repeated_terms""], ""applies_to_product_families"": [""title"", ""scope""], ""canonical_product"": [""title"", ""scope"", ""full_text_summary_heading"", ""full_text_repeated_terms""], ""material"": [""full_text_repeated_terms""], ""primary_subject"": [""title""]}",RESOLVED_PRODUCT,False,
IS 15476: 2004,BAMBOO MAT CORRUGATED SHEETS,"BAMBOO MAT CORRUGATED SHEETS 1. Scope This standard covers the requirement of bamboo mat corrugated sheets (BMCS) for roofs of industrial,",product_standard,,roofing_sheet,,BAMBOO MAT CORRUGATED SHEETS 1. Scope This standard covers the requirement of bamboo mat corrugated sheets (BMCS) for roofs of industrial,bamboo,,,roofing,high,"{""applies_to_product_families"": [""title"", ""scope""], ""canonical_product"": [""title"", ""scope"", ""full_text_summary_heading"", ""full_text_repeated_terms""], ""material"": [""title"", ""scope"", ""full_text_summary_heading"", ""full_text_repeated_terms""], ""primary_subject"": [""title""]}",RESOLVED_PRODUCT,False,
IS 15491: 2004,MEDIUM DENSITY COIRBOARDS FOR,MEDIUM DENSITY COIRBOARDS FOR GENERAL PURPOSES 1. Scope 1.1 This standard covers the requirement of medium,product_standard,,board,,MEDIUM DENSITY COIRBOARDS FOR GENERAL PURPOSES 1. Scope 1.1 This standard covers the requirement of medium,steel,door and window construction,,wood_board,high,"{""application"": [""full_text_repeated_terms""], ""applies_to_product_families"": [""title"", ""scope""], ""canonical_product"": [""scope"", ""full_text_repeated_terms""], ""material"": [""full_text_repeated_terms""], ""primary_subject"": [""title""]}",RESOLVED_PRODUCT,False,
IS 1566: 1982,HARD - DRAWN  STEEL WIRE FABRIC FOR CON-,HARD - DRAWN STEEL WIRE FABRIC FOR CON- CRETE REINFORCEMENT,material_standard,,wire_fabric,,HARD - DRAWN STEEL WIRE FABRIC FOR CON- CRETE REINFORCEMENT,steel,,,reinforcement,high,"{""applies_to_product_families"": [""title"", ""scope""], ""canonical_product"": [""title"", ""scope"", ""full_text_summary_heading"", ""full_text_repeated_terms""], ""material"": [""title"", ""scope"", ""full_text_summary_heading"", ""full_text_repeated_terms""], ""primary_subject"": [""title""]}",RESOLVED_PRODUCT,False,
IS 1580: 1991,BITUMINOUS COMPOUNDS FOR,BITUMINOUS COMPOUNDS FOR WATER-PROOFING AND CAULKING PURPOSES,material_standard,,waterproofing_membrane,,BITUMINOUS COMPOUNDS FOR WATER-PROOFING AND CAULKING PURPOSES,steel,waterproofing,waterproofing,adhesive; sealant; waterproofing,high,"{""application"": [""title"", ""full_text_summary_heading"", ""full_text_repeated_terms""], ""applies_to_product_families"": [""title"", ""scope""], ""canonical_product"": [""title"", ""full_text_summary_heading"", ""full_text_repeated_terms""], ""function"": [""title"", ""full_text_summary_heading""], ""material"": [""scope"", ""full_text_repeated_terms""], ""primary_subject"": [""title""]}",RESOLVED_PRODUCT,False,
IS 1659: 2004,BLOCK BOARDS,,product_standard,,board,,BLOCK BOARDS,timber,flooring,,masonry_unit; wood_board,high,"{""application"": [""full_text_repeated_terms""], ""applies_to_product_families"": [""title"", ""scope""], ""canonical_product"": [""title"", ""full_text_summary_heading"", ""full_text_repeated_terms""], ""material"": [""full_text_repeated_terms""], ""primary_subject"": [""title""]}",RESOLVED_PRODUCT,False,
IS 1700: 1973,DRINKING FOUNTAINS,,material_standard,,pipe_fitting,,DRINKING FOUNTAINS,cast iron,water supply,,,high,"{""application"": [""full_text_repeated_terms""], ""canonical_product"": [""full_text_repeated_terms""], ""material"": [""full_text_repeated_terms""], ""primary_subject"": [""title""]}",REVIEW_REQUIRED,True,low_confidence_metadata
IS 1711: 1984,SELF–CLOSING TAPS FOR,SELF–CLOSING TAPS FOR WATER SUPPLY PURPOSES,product_standard,,washer,,SELF–CLOSING TAPS FOR WATER SUPPLY PURPOSES,cast iron,water supply,,,high,"{""application"": [""title"", ""full_text_summary_heading"", ""full_text_repeated_terms""], ""canonical_product"": [""full_text_repeated_terms""], ""material"": [""full_text_repeated_terms""], ""primary_subject"": [""title""]}",REVIEW_REQUIRED,True,low_confidence_metadata
IS 1726: 1991,CAST IRON MANHOLE COVERS AND FRAMES,,product_standard,,coating,,CAST IRON MANHOLE COVERS AND FRAMES,cast iron,water supply,,,high,"{""application"": [""scope"", ""full_text_repeated_terms""], ""canonical_product"": [""full_text_repeated_terms""], ""material"": [""title"", ""scope"", ""full_text_summary_heading"", ""full_text_repeated_terms""], ""primary_subject"": [""title""]}",REVIEW_REQUIRED,True,low_confidence_metadata
IS 1730: 1989,"STEEL  PLATES SHEETS STRIPS AND FLATS, FOR","STEEL PLATES SHEETS STRIPS AND FLATS, FOR STRUCTURAL AND GENERAL ENGINEERING PURPOSES",material_standard,,flats_structural_engineering_purposes,,"STEEL PLATES SHEETS STRIPS AND FLATS, FOR STRUCTURAL AND GENERAL ENGINEERING PURPOSES",steel,,,,high,"{""canonical_product"": [""title""], ""material"": [""title"", ""scope"", ""full_text_summary_heading"", ""full_text_repeated_terms""], ""primary_subject"": [""title""]}",REVIEW_REQUIRED,True,source_grounded_fallback_requires_review
IS 1732: 1989,"STEEL BARS, ROUND AND SQUARE FOR","STEEL BARS, ROUND AND SQUARE FOR STRUCTURAL AND GENERAL ENGIINEERING PURPOSES-DIMENSIONS",material_standard,,rivet,,"STEEL BARS, ROUND AND SQUARE FOR STRUCTURAL AND GENERAL ENGIINEERING PURPOSES-DIMENSIONS",steel,,,fastener,high,"{""applies_to_product_families"": [""title"", ""scope""], ""canonical_product"": [""scope"", ""full_text_repeated_terms""], ""material"": [""title"", ""scope"", ""full_text_summary_heading"", ""full_text_repeated_terms""], ""primary_subject"": [""title""]}",RESOLVED_PRODUCT,False,
IS 1785 (Part I): 1983,PLAIN HARD-DRAWN STEEL WIRE FOR,PLAIN HARD-DRAWN STEEL WIRE FOR PRESTRESSED CONCRETE PART I COLD DRAWN STRESS-RELIEVED WIRE,material_standard,,pipe_fitting,,PLAIN HARD-DRAWN STEEL WIRE FOR PRESTRESSED CONCRETE PART I COLD DRAWN STRESS-RELIEVED WIRE,steel,,,,high,"{""canonical_product"": [""full_text_repeated_terms""], ""material"": [""title"", ""scope"", ""full_text_summary_heading"", ""full_text_repeated_terms""], ""primary_subject"": [""title""]}",REVIEW_REQUIRED,True,low_confidence_metadata
IS 1786: 1985,PLAIN HIGH STRENGTH DEFORMED STEEL BARS,PLAIN HIGH STRENGTH DEFORMED STEEL BARS AND WIRES FOR CONCRETE REINFORCEMENT,material_standard,,pipe_fitting,,PLAIN HIGH STRENGTH DEFORMED STEEL BARS AND WIRES FOR CONCRETE REINFORCEMENT,steel,,,,high,"{""canonical_product"": [""full_text_repeated_terms""], ""material"": [""title"", ""scope"", ""full_text_summary_heading"", ""full_text_repeated_terms""], ""primary_subject"": [""title""]}",REVIEW_REQUIRED,True,low_confidence_metadata
IS 1795: 1982,PILLAR TAPS FOR WATER SUPPLY PURPOSES,,material_standard,,pipe,,PILLAR TAPS FOR WATER SUPPLY PURPOSES,,water supply,,,high,"{""application"": [""title"", ""full_text_summary_heading"", ""full_text_repeated_terms""], ""canonical_product"": [""full_text_repeated_terms""], ""primary_subject"": [""title""]}",REVIEW_REQUIRED,True,low_confidence_metadata
IS 1823: 1980,FLOOR DOOR STOPPERS,,product_standard,,door,,FLOOR DOOR STOPPERS,steel,flooring,,door_window,high,"{""application"": [""title"", ""scope"", ""full_text_summary_heading"", ""full_text_repeated_terms""], ""applies_to_product_families"": [""title"", ""scope""], ""canonical_product"": [""title"", ""scope"", ""full_text_summary_heading"", ""full_text_repeated_terms""], ""material"": [""full_text_repeated_terms""], ""primary_subject"": [""title""]}",RESOLVED_PRODUCT,False,
IS 1826: 1961,VENETIAN BLINDS FOR WINDOWS,"VENETIAN BLINDS FOR WINDOWS 1. Scope – Covers material, constructional details, sizes and requirements of open head custom made Venetian blinds made of either wood or metal slats.",material_standard,,window,,"VENETIAN BLINDS FOR WINDOWS 1. Scope – Covers material, constructional details, sizes and requirements of open head custom made Venetian blinds made of either wood or metal slats",aluminium,,,door_window,high,"{""applies_to_product_families"": [""title"", ""scope""], ""canonical_product"": [""title"", ""full_text_summary_heading"", ""full_text_repeated_terms""], ""material"": [""full_text_repeated_terms""], ""primary_subject"": [""title""]}",RESOLVED_PRODUCT,False,
IS 1834: 1984,HOT APPLIED SEALING COMPOUNDS,HOT APPLIED SEALING COMPOUNDS FOR JOINTS IN CONCRETE,material_standard,,sealant,,HOT APPLIED SEALING COMPOUNDS FOR JOINTS IN CONCRETE,bitumen,,,,high,"{""canonical_product"": [""full_text_repeated_terms""], ""material"": [""full_text_repeated_terms""], ""primary_subject"": [""title""]}",REVIEW_REQUIRED,True,low_confidence_metadata
IS 1838 (Part 2): 1984,PREFORMED  FILLERS FOR  EXPANSION,PREFORMED FILLERS FOR EXPANSION JOINT IN CONCRETE PAVEMENT AND STRUCTURES,material_standard,,paint,,PREFORMED FILLERS FOR EXPANSION JOINT IN CONCRETE PAVEMENT AND STRUCTURES,concrete,,,,high,"{""canonical_product"": [""full_text_repeated_terms""], ""material"": [""title"", ""scope"", ""full_text_summary_heading"", ""full_text_repeated_terms""], ""primary_subject"": [""title""]}",REVIEW_REQUIRED,True,low_confidence_metadata
IS 1863: 1979,ROLLED  STEEL BULB FLATS,,material_standard,,rolled_steel_bulb_flats,,ROLLED STEEL BULB FLATS,steel,,,,high,"{""canonical_product"": [""title""], ""material"": [""title"", ""scope"", ""full_text_summary_heading"", ""full_text_repeated_terms""], ""primary_subject"": [""title""]}",REVIEW_REQUIRED,True,source_grounded_fallback_requires_review
IS 190: 1991,CONIFEROUS SAWN TIMBER,,material_standard,,timber,,CONIFEROUS SAWN TIMBER,timber,,,timber,high,"{""applies_to_product_families"": [""title"", ""scope""], ""canonical_product"": [""title"", ""scope"", ""full_text_summary_heading"", ""full_text_repeated_terms""], ""material"": [""title"", ""scope"", ""full_text_summary_heading"", ""full_text_repeated_terms""], ""primary_subject"": [""title""]}",RESOLVED_PRODUCT,False,
IS 1929: 1982,HOT FORGED STEEL RIVETS FOR HOT CLOSING,,material_standard,,rivet,,HOT FORGED STEEL RIVETS FOR HOT CLOSING,steel,,,fastener,high,"{""applies_to_product_families"": [""title"", ""scope""], ""canonical_product"": [""title"", ""scope"", ""full_text_summary_heading"", ""full_text_repeated_terms""], ""material"": [""title"", ""scope"", ""full_text_summary_heading"", ""full_text_repeated_terms""], ""primary_subject"": [""title""]}",RESOLVED_PRODUCT,False,
IS 1949: 1961,ALUMINIUM WINDOWS FOR,ALUMINIUM WINDOWS FOR INDUSTRIAL BUILDINGS 1. Scope – Deals with aluminium windows suitable for use in industrial buildings and designed to suit,other,,window,,ALUMINIUM WINDOWS FOR INDUSTRIAL BUILDINGS 1. Scope – Deals with aluminium windows suitable for use in industrial buildings and designed to suit,steel,door and window construction,,door_window,high,"{""application"": [""full_text_repeated_terms""], ""applies_to_product_families"": [""title"", ""scope""], ""canonical_product"": [""title"", ""scope"", ""full_text_summary_heading"", ""full_text_repeated_terms""], ""material"": [""full_text_repeated_terms""], ""primary_subject"": [""title""]}",RESOLVED_PRODUCT,False,
IS 1977: 1996,LOW TENSILE STRUCTURAL  STEEL,,material_standard,,pipe_fitting,,LOW TENSILE STRUCTURAL STEEL,steel,,,,high,"{""canonical_product"": [""full_text_repeated_terms""], ""material"": [""title"", ""scope"", ""full_text_summary_heading"", ""full_text_repeated_terms""], ""primary_subject"": [""title""]}",REVIEW_REQUIRED,True,low_confidence_metadata
IS 2036: 1995,PHENOLIC LAMINATED SHEETS,,material_standard,,thermal_insulation,,PHENOLIC LAMINATED SHEETS,,,,,high,"{""canonical_product"": [""full_text_repeated_terms""], ""primary_subject"": [""title""]}",REVIEW_REQUIRED,True,low_confidence_metadata
IS 2046: 1995,DECORATIVE THERMOSETTING SYNTHETIC,DECORATIVE THERMOSETTING SYNTHETIC RESIN BONDED LAMINATED SHEETS,material_standard,,glass,,DECORATIVE THERMOSETTING SYNTHETIC RESIN BONDED LAMINATED SHEETS,,flooring,,,high,"{""application"": [""full_text_repeated_terms""], ""canonical_product"": [""full_text_repeated_terms""], ""primary_subject"": [""title""]}",REVIEW_REQUIRED,True,low_confidence_metadata
IS 205: 1992,NON  FERROUS METAL BUTT HINGES,,product_standard,,hinge,,NON FERROUS METAL BUTT HINGES,steel,,,hardware,high,"{""applies_to_product_families"": [""title"", ""scope""], ""canonical_product"": [""title"", ""scope"", ""full_text_summary_heading"", ""full_text_repeated_terms""], ""material"": [""full_text_repeated_terms""], ""primary_subject"": [""title""]}",RESOLVED_PRODUCT,False,
IS 2062: 1999,STEEL FOR GENERAL STRUCTURAL PURPOSES,,material_standard,,pipe_fitting,,STEEL FOR GENERAL STRUCTURAL PURPOSES,steel,,,,high,"{""canonical_product"": [""full_text_repeated_terms""], ""material"": [""title"", ""scope"", ""full_text_summary_heading"", ""full_text_repeated_terms""], ""primary_subject"": [""title""]}",REVIEW_REQUIRED,True,low_confidence_metadata
IS 206: 1992,TEE AND STRAP HINGES,,material_standard,,pipe_fitting,tee,tee,steel,,,hardware; pipe_water_drainage,high,"{""applies_to_product_families"": [""title"", ""scope""], ""canonical_product"": [""title"", ""scope"", ""full_text_summary_heading"", ""full_text_repeated_terms""], ""material"": [""scope"", ""full_text_repeated_terms""], ""primary_subject"": [""title""], ""product_subtype"": [""title"", ""scope"", ""full_text_summary_heading""]}",REVIEW_REQUIRED,True,low_confidence_metadata
IS 207: 1964,GATE AND SHUTTER HOOKS AND EYES,,product_standard,,door,,GATE AND SHUTTER HOOKS AND EYES,steel,,,door_window; hardware,high,"{""applies_to_product_families"": [""title"", ""scope""], ""canonical_product"": [""title"", ""scope"", ""full_text_summary_heading"", ""full_text_repeated_terms""], ""material"": [""full_text_repeated_terms""], ""primary_subject"": [""title""]}",RESOLVED_PRODUCT,False,
IS 2086: 1993,CARRIERS AND BASES USED IN REWIRABLE TYPE,CARRIERS AND BASES USED IN REWIRABLE TYPE ELECTRIC FUSES FOR VOLTAGES UP TO 650 VOLTS,product_standard,,thermal_insulation,,CARRIERS AND BASES USED IN REWIRABLE TYPE ELECTRIC FUSES FOR VOLTAGES UP TO 650 VOLTS,,,,,high,"{""canonical_product"": [""full_text_repeated_terms""], ""primary_subject"": [""title""]}",REVIEW_REQUIRED,True,low_confidence_metadata
IS 208: 1996,DOOR HANDLES,,material_standard,,door,,DOOR HANDLES,cast iron,door and window construction,,door_window,high,"{""application"": [""title"", ""scope"", ""full_text_summary_heading"", ""full_text_repeated_terms""], ""applies_to_product_families"": [""title"", ""scope""], ""canonical_product"": [""title"", ""scope"", ""full_text_summary_heading"", ""full_text_repeated_terms""], ""material"": [""full_text_repeated_terms""], ""primary_subject"": [""title""]}",RESOLVED_PRODUCT,False,
IS 2090: 1983,HIGH TENSILE STEEL BARS USED IN,HIGH TENSILE STEEL BARS USED IN PRESTRESSED CONCRETE,material_standard,,used_in_prestressed_concrete,,HIGH TENSILE STEEL BARS USED IN PRESTRESSED CONCRETE,steel,,,,high,"{""canonical_product"": [""title""], ""material"": [""title"", ""scope"", ""full_text_summary_heading"", ""full_text_repeated_terms""], ""primary_subject"": [""title""]}",REVIEW_REQUIRED,True,source_grounded_fallback_requires_review
IS 2095 (Part 1): 1996,GYPSUM PLASTER BOARDS,GYPSUM PLASTER BOARDS PART 1 PLAIN GYPSUM PLASTER BOARDS,product_standard,,board,,GYPSUM PLASTER BOARDS PART 1 PLAIN GYPSUM PLASTER BOARDS,concrete,,,wood_board,high,"{""applies_to_product_families"": [""title"", ""scope""], ""canonical_product"": [""title"", ""scope"", ""full_text_summary_heading"", ""full_text_repeated_terms""], ""material"": [""full_text_repeated_terms""], ""primary_subject"": [""title""]}",RESOLVED_PRODUCT,False,
IS 2095 (Part 3): 1996,GYPSUM PLASTER BOARDS,GYPSUM PLASTER BOARDS PART 3 REINFORCED GYPSUM PLASTER BOARDS,material_standard,,board,,GYPSUM PLASTER BOARDS PART 3 REINFORCED GYPSUM PLASTER BOARDS,steel,door and window construction,,door_window; glass; wood_board,high,"{""application"": [""scope"", ""full_text_repeated_terms""], ""applies_to_product_families"": [""title"", ""scope""], ""canonical_product"": [""title"", ""scope"", ""full_text_summary_heading"", ""full_text_repeated_terms""], ""material"": [""full_text_repeated_terms""], ""primary_subject"": [""title""]}",REVIEW_REQUIRED,True,low_confidence_metadata
IS 2104: 1981,. WATER METER BOXES (DOMESTIC TYPE),,material_standard,,pipe,,WATER METER BOXES (DOMESTIC TYPE),cast iron,,,,high,"{""canonical_product"": [""full_text_repeated_terms""], ""material"": [""full_text_repeated_terms""], ""primary_subject"": [""title""]}",REVIEW_REQUIRED,True,low_confidence_metadata
IS 2116: 1980,SAND FOR MASONRY MORTARS,,product_standard,,stone,,SAND FOR MASONRY MORTARS,clay,,,stone,high,"{""applies_to_product_families"": [""title"", ""scope""], ""canonical_product"": [""scope"", ""full_text_repeated_terms""], ""material"": [""full_text_repeated_terms""], ""primary_subject"": [""title""]}",RESOLVED_PRODUCT,False,
IS 212: 1983,CRUDE COAL TAR FOR GENERAL USE,,product_standard,,crude_coal_tar_use,,CRUDE COAL TAR FOR GENERAL USE,timber,,,,high,"{""canonical_product"": [""title""], ""material"": [""scope"", ""full_text_repeated_terms""], ""primary_subject"": [""title""]}",REVIEW_REQUIRED,True,source_grounded_fallback_requires_review
IS 2140: 1978,STRANDED GALVANIZED STEEL WIRE FOR,STRANDED GALVANIZED STEEL WIRE FOR FENCING,material_standard,,aggregate,,STRANDED GALVANIZED STEEL WIRE FOR FENCING,steel,,,,high,"{""canonical_product"": [""full_text_repeated_terms""], ""material"": [""title"", ""scope"", ""full_text_summary_heading"", ""full_text_repeated_terms""], ""primary_subject"": [""title""]}",REVIEW_REQUIRED,True,low_confidence_metadata
IS 2155: 1982,COLD FORGED SOLID STEEL RIVETS FOR HOT,COLD FORGED SOLID STEEL RIVETS FOR HOT CLOSING (6 TO 16 mm DIAMETER),material_standard,,rivet,,COLD FORGED SOLID STEEL RIVETS FOR HOT CLOSING (6 TO 16 mm DIAMETER),steel,,,fastener,high,"{""applies_to_product_families"": [""title"", ""scope""], ""canonical_product"": [""title"", ""scope"", ""full_text_summary_heading"", ""full_text_repeated_terms""], ""material"": [""title"", ""scope"", ""full_text_summary_heading"", ""full_text_repeated_terms""], ""primary_subject"": [""title""]}",RESOLVED_PRODUCT,False,
IS 215: 1995,ROAD TAR,,product_standard,,waterproofing_membrane,,ROAD TAR,bitumen,waterproofing,,,high,"{""application"": [""full_text_repeated_terms""], ""canonical_product"": [""full_text_repeated_terms""], ""material"": [""full_text_repeated_terms""], ""primary_subject"": [""title""]}",REVIEW_REQUIRED,True,low_confidence_metadata
IS 216: 1961,COAL TAR PITCH,,material_standard,,timber,,COAL TAR PITCH,steel,roofing,roofing,coating; timber; waterproofing; welding,high,"{""application"": [""scope"", ""full_text_repeated_terms""], ""applies_to_product_families"": [""title"", ""scope""], ""canonical_product"": [""scope"", ""full_text_repeated_terms""], ""function"": [""scope""], ""material"": [""scope"", ""full_text_repeated_terms""], ""primary_subject"": [""title""]}",REVIEW_REQUIRED,True,low_confidence_metadata
IS 2180: 1988,HEAVY DUTY BURNT CLAY BUILDING BRICKS,,product_standard,,brick,,HEAVY DUTY BURNT CLAY BUILDING BRICKS,clay,,,masonry_unit,high,"{""applies_to_product_families"": [""title"", ""scope""], ""canonical_product"": [""title"", ""scope"", ""full_text_summary_heading"", ""full_text_repeated_terms""], ""material"": [""title"", ""scope"", ""full_text_summary_heading"", ""full_text_repeated_terms""], ""primary_subject"": [""title""]}",RESOLVED_PRODUCT,False,
IS 2185 (Part 1): 1979,CONCRETE MASONRY UNITS,CONCRETE MASONRY UNITS PART 1 HOLLOW AND SOLID CONCRETE BLOCKS,material_standard,,block,,CONCRETE MASONRY UNITS PART 1 HOLLOW AND SOLID CONCRETE BLOCKS,concrete,flooring,,masonry_unit,high,"{""application"": [""scope"", ""full_text_repeated_terms""], ""applies_to_product_families"": [""title"", ""scope""], ""canonical_product"": [""title"", ""scope"", ""full_text_summary_heading"", ""full_text_repeated_terms""], ""material"": [""title"", ""scope"", ""full_text_summary_heading"", ""full_text_repeated_terms""], ""primary_subject"": [""title""]}",RESOLVED_PRODUCT,False,
IS 2185 (Part 2): 1983,CONCRETE MASONRY UNITS,CONCRETE MASONRY UNITS PART 2 HOLLOW AND SOLID LIGHTWEIGHT CONCRETE BLOCKS,product_standard,,block,,CONCRETE MASONRY UNITS PART 2 HOLLOW AND SOLID LIGHTWEIGHT CONCRETE BLOCKS,steel,,,masonry_unit,high,"{""applies_to_product_families"": [""title"", ""scope""], ""canonical_product"": [""title"", ""scope"", ""full_text_summary_heading"", ""full_text_repeated_terms""], ""material"": [""full_text_repeated_terms""], ""primary_subject"": [""title""]}",RESOLVED_PRODUCT,False,
IS 218: 1983,CREOSOTE OIL FOR USE AS WOOD,CREOSOTE OIL FOR USE AS WOOD PRESERVATIVES,material_standard,,use_as_wood_preservatives,,CREOSOTE OIL FOR USE AS WOOD PRESERVATIVES,timber,,,,high,"{""canonical_product"": [""title""], ""material"": [""title"", ""scope"", ""full_text_summary_heading"", ""full_text_repeated_terms""], ""primary_subject"": [""title""]}",REVIEW_REQUIRED,True,source_grounded_fallback_requires_review
IS 2191 (Part 1): 1983,WOODEN FLUSH DOOR SHUTTERS,,material_standard,,door,,WOODEN FLUSH DOOR SHUTTERS,timber,flooring,,door_window; wood_board,high,"{""application"": [""full_text_repeated_terms""], ""applies_to_product_families"": [""title"", ""scope""], ""canonical_product"": [""title"", ""scope"", ""full_text_summary_heading"", ""full_text_repeated_terms""], ""material"": [""title"", ""scope"", ""full_text_summary_heading"", ""full_text_repeated_terms""], ""primary_subject"": [""title""]}",RESOLVED_PRODUCT,False,
IS 2191 (Part 2): 1983,WOODEN FLUSH DOOR SHUTTERS,,material_standard,,door,,WOODEN FLUSH DOOR SHUTTERS,timber,door and window construction,,door_window; wood_board,high,"{""application"": [""title"", ""scope"", ""full_text_summary_heading"", ""full_text_repeated_terms""], ""applies_to_product_families"": [""title"", ""scope""], ""canonical_product"": [""title"", ""scope"", ""full_text_summary_heading"", ""full_text_repeated_terms""], ""material"": [""title"", ""scope"", ""full_text_summary_heading"", ""full_text_repeated_terms""], ""primary_subject"": [""title""]}",RESOLVED_PRODUCT,False,
IS 2202 (Part 1): 1999,WOODEN FLUSH DOOR SHUTTERS,,material_standard,,door,,WOODEN FLUSH DOOR SHUTTERS,timber,flooring,,door_window; wood_board,high,"{""application"": [""full_text_repeated_terms""], ""applies_to_product_families"": [""title"", ""scope""], ""canonical_product"": [""title"", ""scope"", ""full_text_summary_heading"", ""full_text_repeated_terms""], ""material"": [""title"", ""scope"", ""full_text_summary_heading"", ""full_text_repeated_terms""], ""primary_subject"": [""title""]}",RESOLVED_PRODUCT,False,
IS 2202 (Part 2): 1983,WOODEN FLUSH DOOR SHUTTERS,,material_standard,,door,,WOODEN FLUSH DOOR SHUTTERS,timber,flooring,,door_window; wood_board,high,"{""application"": [""full_text_repeated_terms""], ""applies_to_product_families"": [""title"", ""scope""], ""canonical_product"": [""title"", ""scope"", ""full_text_summary_heading"", ""full_text_repeated_terms""], ""material"": [""title"", ""scope"", ""full_text_summary_heading"", ""full_text_repeated_terms""], ""primary_subject"": [""title""]}",RESOLVED_PRODUCT,False,
IS 2209: 1976,MORTICE LOCKS (VERTICAL TYPE),,product_standard,,bolt,,MORTICE LOCKS (VERTICAL TYPE),steel,,,,high,"{""canonical_product"": [""full_text_repeated_terms""], ""material"": [""full_text_repeated_terms""], ""primary_subject"": [""title""]}",REVIEW_REQUIRED,True,low_confidence_metadata
IS 2222: 1991,BURNT CLAY PERFORATED BUILDING BRICKS,,product_standard,,brick,,BURNT CLAY PERFORATED BUILDING BRICKS,clay,,,masonry_unit,high,"{""applies_to_product_families"": [""title"", ""scope""], ""canonical_product"": [""title"", ""scope"", ""full_text_summary_heading"", ""full_text_repeated_terms""], ""material"": [""title"", ""scope"", ""full_text_summary_heading"", ""full_text_repeated_terms""], ""primary_subject"": [""title""]}",RESOLVED_PRODUCT,False,
IS 2314: 1986,STEEL SHEET PILLING SECTIONS,,material_standard,,steel_sheet,,STEEL SHEET PILLING SECTIONS,steel,,,steel,high,"{""applies_to_product_families"": [""title"", ""scope""], ""canonical_product"": [""title"", ""scope"", ""full_text_summary_heading"", ""full_text_repeated_terms""], ""material"": [""title"", ""scope"", ""full_text_summary_heading"", ""full_text_repeated_terms""], ""primary_subject"": [""title""]}",RESOLVED_PRODUCT,False,
IS 2326: 1987,AUTOMATIC FLUSHING CISTERNS FOR URINALS,,material_standard,,pipe,,AUTOMATIC FLUSHING CISTERNS FOR URINALS,cast iron,,,,high,"{""canonical_product"": [""full_text_repeated_terms""], ""material"": [""full_text_repeated_terms""], ""primary_subject"": [""title""]}",REVIEW_REQUIRED,True,low_confidence_metadata
IS 2365: 1977,"STEEL WIRE SUSPENSION ROPES FOR LIFTS,","STEEL WIRE SUSPENSION ROPES FOR LIFTS, ELEVATORS AND HOISTS",material_standard,,ropes_lifts_elevators_hoists,,"STEEL WIRE SUSPENSION ROPES FOR LIFTS, ELEVATORS AND HOISTS",steel,,,,high,"{""canonical_product"": [""title""], ""material"": [""title"", ""scope"", ""full_text_summary_heading"", ""full_text_repeated_terms""], ""primary_subject"": [""title""]}",REVIEW_REQUIRED,True,source_grounded_fallback_requires_review
IS 2372: 2004,TIMBER FOR COOLING TOWERS,,material_standard,,timber,,TIMBER FOR COOLING TOWERS,timber,,,timber,high,"{""applies_to_product_families"": [""title"", ""scope""], ""canonical_product"": [""title"", ""scope"", ""full_text_summary_heading"", ""full_text_repeated_terms""], ""material"": [""title"", ""scope"", ""full_text_summary_heading"", ""full_text_repeated_terms""], ""primary_subject"": [""title""]}",RESOLVED_PRODUCT,False,
IS 2373: 1981,WATER METERS (BULK TYPE),,product_standard,,latch,,WATER METERS (BULK TYPE),PVC,flooring,,,high,"{""application"": [""full_text_repeated_terms""], ""canonical_product"": [""full_text_repeated_terms""], ""material"": [""full_text_repeated_terms""], ""primary_subject"": [""title""]}",REVIEW_REQUIRED,True,low_confidence_metadata
IS 2412: 1975,LINK CLIPS FOR ELECTRICAL WIRING,,product_standard,,pipe_fitting,,LINK CLIPS FOR ELECTRICAL WIRING,cast iron,,,,high,"{""canonical_product"": [""full_text_repeated_terms""], ""material"": [""full_text_repeated_terms""], ""primary_subject"": [""title""]}",REVIEW_REQUIRED,True,low_confidence_metadata
IS 2508: 1984,LOW DENSITY POLYTHYLENE FILMS,,material_standard,,low_density_polythylene_films,,LOW DENSITY POLYTHYLENE FILMS,,,,,high,"{""canonical_product"": [""title""], ""primary_subject"": [""title""]}",REVIEW_REQUIRED,True,source_grounded_fallback_requires_review
IS 2525: 1982,DIMENSION FOR WROUGHT ALUMINIUM AND,"DIMENSION FOR WROUGHT ALUMINIUM AND ALUMINIUM ALLOYS, WIRE",other,,aluminium_aluminium_alloys_wire,,"DIMENSION FOR WROUGHT ALUMINIUM AND ALUMINIUM ALLOYS, WIRE",aluminium,,,,high,"{""canonical_product"": [""title""], ""material"": [""title"", ""scope"", ""full_text_summary_heading"", ""full_text_repeated_terms""], ""primary_subject"": [""title""]}",REVIEW_REQUIRED,True,source_grounded_fallback_requires_review
IS 2547 (Part 1): 1976,GYPSUM BUILDING PLASTERS,GYPSUM BUILDING PLASTERS PART 1 EXCLUDING PREMIXED LIGHTWEIGHT PLASTERS,product_standard,,board,,GYPSUM BUILDING PLASTERS PART 1 EXCLUDING PREMIXED LIGHTWEIGHT PLASTERS,concrete,,,,high,"{""canonical_product"": [""full_text_repeated_terms""], ""material"": [""full_text_repeated_terms""], ""primary_subject"": [""title""]}",REVIEW_REQUIRED,True,low_confidence_metadata
IS 2547 (Part 2): 1976,GYPSUM BUILDING PLASTER,GYPSUM BUILDING PLASTER PART 2 PREMIXED LIGHTWEIGHT PLASTERS,product_standard,,aggregate,,GYPSUM BUILDING PLASTER PART 2 PREMIXED LIGHTWEIGHT PLASTERS,concrete,,,concrete_material,high,"{""applies_to_product_families"": [""title"", ""scope""], ""canonical_product"": [""scope"", ""full_text_repeated_terms""], ""material"": [""full_text_repeated_terms""], ""primary_subject"": [""title""]}",RESOLVED_PRODUCT,False,
IS 2548 (Part 1): 1996,PLASTIC SEATS AND COVERS FOR,"PLASTIC SEATS AND COVERS FOR WATER- CLOSETS, PART 1 THERMOSET SEATS AND COVERS",product_standard,,bolt,,"PLASTIC SEATS AND COVERS FOR WATER- CLOSETS, PART 1 THERMOSET SEATS AND COVERS",steel,,,,high,"{""canonical_product"": [""full_text_repeated_terms""], ""material"": [""full_text_repeated_terms""], ""primary_subject"": [""title""]}",REVIEW_REQUIRED,True,low_confidence_metadata
IS 2548 (Part 2): 1996,PLASTIC SEATS AND COVERS FOR,"PLASTIC SEATS AND COVERS FOR WATER-CLOSETS, PART 2 – THERMOPLASTIC SEATS AND COVERS",product_standard,,bolt,,"PLASTIC SEATS AND COVERS FOR WATER-CLOSETS, PART 2 – THERMOPLASTIC SEATS AND COVERS",steel,,,,high,"{""canonical_product"": [""full_text_repeated_terms""], ""material"": [""full_text_repeated_terms""], ""primary_subject"": [""title""]}",REVIEW_REQUIRED,True,low_confidence_metadata
IS 2556 (Part 1): 1994,VITREOUS SANITARY APPLIANCES,,test_method,,,,VITREOUS SANITARY APPLIANCES,,,,sanitary_fixture,high,"{""applies_to_product_families"": [""title"", ""scope""], ""canonical_product"": [""full_text_repeated_terms""], ""primary_subject"": [""title""]}",RESOLVED_NON_PRODUCT,False,
IS 2556 (Part 14): 1994,VITREOUS  SANITARY APPLIANCES,,product_standard,,pipe_fitting,,VITREOUS SANITARY APPLIANCES,,,,,high,"{""canonical_product"": [""full_text_repeated_terms""], ""primary_subject"": [""title""]}",REVIEW_REQUIRED,True,low_confidence_metadata
IS 2556 (Part 2): 1994,VITREOUS SANITARY APPLIANCES,,product_standard,,vitreous_sanitary_appliances,,VITREOUS SANITARY APPLIANCES,,,,,high,"{""canonical_product"": [""title""], ""primary_subject"": [""title""]}",REVIEW_REQUIRED,True,source_grounded_fallback_requires_review
IS 2556 (Part 4): 1994,VITREOUS SANITARY  APLLIANCES,,product_standard,,bolt,,VITREOUS SANITARY APLLIANCES,,flooring,,,high,"{""application"": [""full_text_repeated_terms""], ""canonical_product"": [""full_text_repeated_terms""], ""primary_subject"": [""title""]}",REVIEW_REQUIRED,True,low_confidence_metadata
IS 2556 (Part 9): 1994,VITREOUS  SANITARY APPLIANCES,,product_standard,,vitreous_sanitary_appliances,,VITREOUS SANITARY APPLIANCES,,,,,high,"{""canonical_product"": [""title""], ""primary_subject"": [""title""]}",REVIEW_REQUIRED,True,source_grounded_fallback_requires_review
IS 2676: 1981,DIMENSIONS FOR WROUGHT ALUMINIUM AND,"DIMENSIONS FOR WROUGHT ALUMINIUM AND ALUMINIUM ALLOYS, SHEET AND STRIP",other,,aluminium_alloys_sheet_strip,,"DIMENSIONS FOR WROUGHT ALUMINIUM AND ALUMINIUM ALLOYS, SHEET AND STRIP",aluminium,,,,high,"{""canonical_product"": [""title""], ""material"": [""title"", ""scope"", ""full_text_summary_heading"", ""full_text_repeated_terms""], ""primary_subject"": [""title""]}",REVIEW_REQUIRED,True,source_grounded_fallback_requires_review
IS 2677: 1979,DIMENSIONS FOR  WROUGHT ALUMINIUM AND,DIMENSIONS FOR WROUGHT ALUMINIUM AND ALLOYS PLATES AND HOT-ROLLED SHEETS,other,,plates_hot_rolled_sheets,,DIMENSIONS FOR WROUGHT ALUMINIUM AND ALLOYS PLATES AND HOT-ROLLED SHEETS,aluminium,,,,high,"{""canonical_product"": [""title""], ""material"": [""title"", ""scope"", ""full_text_summary_heading"", ""full_text_repeated_terms""], ""primary_subject"": [""title""]}",REVIEW_REQUIRED,True,source_grounded_fallback_requires_review
IS 2686: 1977,CINDER AS FINE AGGREGATES FOR,CINDER AS FINE AGGREGATES FOR USE IN LIME CONCRETE,product_standard,,aggregate,,CINDER AS FINE AGGREGATES FOR USE IN LIME CONCRETE,timber,,,concrete_material,high,"{""applies_to_product_families"": [""title"", ""scope""], ""canonical_product"": [""title"", ""scope"", ""full_text_summary_heading"", ""full_text_repeated_terms""], ""material"": [""full_text_repeated_terms""], ""primary_subject"": [""title""]}",RESOLVED_PRODUCT,False,
IS 2691: 1988,BURNT CLAY FACING BRICKS,,other,,brick,,BURNT CLAY FACING BRICKS,clay,,,masonry_unit,high,"{""applies_to_product_families"": [""title"", ""scope""], ""canonical_product"": [""title"", ""scope"", ""full_text_summary_heading"", ""full_text_repeated_terms""], ""material"": [""title"", ""scope"", ""full_text_summary_heading"", ""full_text_repeated_terms""], ""primary_subject"": [""title""]}",RESOLVED_PRODUCT,False,
IS 277: 2003,GALVANIZED STEEL SHEETS,,material_standard,,steel_sheet,,GALVANIZED STEEL SHEETS,steel,roofing,,steel,high,"{""application"": [""full_text_repeated_terms""], ""applies_to_product_families"": [""title"", ""scope""], ""canonical_product"": [""title"", ""scope"", ""full_text_summary_heading"", ""full_text_repeated_terms""], ""material"": [""title"", ""scope"", ""full_text_summary_heading"", ""full_text_repeated_terms""], ""primary_subject"": [""title""]}",RESOLVED_PRODUCT,False,
IS 278: 1978,GALVANIZED STEEL BARBED WIRE FOR FENCING,,material_standard,,coating,,GALVANIZED STEEL BARBED WIRE FOR FENCING,steel,,,,high,"{""canonical_product"": [""full_text_repeated_terms""], ""material"": [""title"", ""scope"", ""full_text_summary_heading"", ""full_text_repeated_terms""], ""primary_subject"": [""title""]}",REVIEW_REQUIRED,True,low_confidence_metadata
IS 280: 1978,MILD STEEL WIRE FOR GENERAL,MILD STEEL WIRE FOR GENERAL ENGINEERING PURPOSES,material_standard,,pipe_fitting,,MILD STEEL WIRE FOR GENERAL ENGINEERING PURPOSES,steel,,,,high,"{""canonical_product"": [""full_text_repeated_terms""], ""material"": [""title"", ""scope"", ""full_text_summary_heading"", ""full_text_repeated_terms""], ""primary_subject"": [""title""]}",REVIEW_REQUIRED,True,low_confidence_metadata
IS 2835: 1987,FLAT TRANSPARENT SHEET GLASS,,product_standard,,glass,,FLAT TRANSPARENT SHEET GLASS,,flooring,,glass,high,"{""application"": [""full_text_repeated_terms""], ""applies_to_product_families"": [""title"", ""scope""], ""canonical_product"": [""title"", ""scope"", ""full_text_summary_heading"", ""full_text_repeated_terms""], ""primary_subject"": [""title""]}",RESOLVED_PRODUCT,False,
IS 2849: 1983,NON-LOAD BEARING GYPSUM PARTITION,NON-LOAD BEARING GYPSUM PARTITION BLOCKS (SOLID AND HOLLOW TYPES),product_standard,,block,,NON-LOAD BEARING GYPSUM PARTITION BLOCKS (SOLID AND HOLLOW TYPES),concrete,,,masonry_unit,high,"{""applies_to_product_families"": [""title"", ""scope""], ""canonical_product"": [""title"", ""scope"", ""full_text_summary_heading"", ""full_text_repeated_terms""], ""material"": [""full_text_repeated_terms""], ""primary_subject"": [""title""]}",RESOLVED_PRODUCT,False,
IS 2907: 1998,NON-FERROUS RIVETS (1.6 TO 10 mm),,product_standard,,rivet,,NON-FERROUS RIVETS (1.6 TO 10 mm),aluminium,,,fastener,high,"{""applies_to_product_families"": [""title"", ""scope""], ""canonical_product"": [""title"", ""scope"", ""full_text_summary_heading"", ""full_text_repeated_terms""], ""material"": [""scope"", ""full_text_repeated_terms""], ""primary_subject"": [""title""]}",RESOLVED_PRODUCT,False,
IS 2998: 1982,COLD FORGED STEEL RIVETS FOR COLD,COLD FORGED STEEL RIVETS FOR COLD CLOSING (1 TO 16 MM DIAMETER),material_standard,,rivet,,COLD FORGED STEEL RIVETS FOR COLD CLOSING (1 TO 16 MM DIAMETER),steel,,,fastener,high,"{""applies_to_product_families"": [""title"", ""scope""], ""canonical_product"": [""title"", ""scope"", ""full_text_summary_heading"", ""full_text_repeated_terms""], ""material"": [""title"", ""full_text_summary_heading"", ""full_text_repeated_terms""], ""primary_subject"": [""title""]}",RESOLVED_PRODUCT,False,
IS 3004: 1979,PLUG COCKS FOR WATER SUPPLY PURPOSES,,product_standard,,plug_socket,,PLUG COCKS FOR WATER SUPPLY PURPOSES,,water supply,,electrical,high,"{""application"": [""title"", ""scope"", ""full_text_summary_heading"", ""full_text_repeated_terms""], ""applies_to_product_families"": [""title"", ""scope""], ""canonical_product"": [""title"", ""scope"", ""full_text_summary_heading"", ""full_text_repeated_terms""], ""primary_subject"": [""title""]}",RESOLVED_PRODUCT,False,
IS 3037: 1986,BITUMEN MASTIC FOR USE IN,BITUMEN MASTIC FOR USE IN WATER—PROOFING OF ROOFS,material_standard,,waterproofing_membrane,,BITUMEN MASTIC FOR USE IN WATER—PROOFING OF ROOFS,bitumen,waterproofing,waterproofing,waterproofing,high,"{""application"": [""title"", ""scope"", ""full_text_summary_heading"", ""full_text_repeated_terms""], ""applies_to_product_families"": [""title"", ""scope""], ""canonical_product"": [""title"", ""scope"", ""full_text_summary_heading"", ""full_text_repeated_terms""], ""function"": [""title"", ""scope"", ""full_text_summary_heading""], ""material"": [""title"", ""scope"", ""full_text_summary_heading"", ""full_text_repeated_terms""], ""primary_subject"": [""title""]}",RESOLVED_PRODUCT,False,
IS 3068: 1986,BROKEN BRICK (BURNT CLAY) COARSE,BROKEN BRICK (BURNT CLAY) COARSE AGGREGATE FOR USE IN LIME CONCRETE,product_standard,,brick,,BROKEN BRICK (BURNT CLAY) COARSE AGGREGATE FOR USE IN LIME CONCRETE,clay,,,concrete_material; masonry_unit,high,"{""applies_to_product_families"": [""title"", ""scope""], ""canonical_product"": [""title"", ""scope"", ""full_text_summary_heading"", ""full_text_repeated_terms""], ""material"": [""title"", ""scope"", ""full_text_summary_heading"", ""full_text_repeated_terms""], ""primary_subject"": [""title""]}",REVIEW_REQUIRED,True,low_confidence_metadata
IS 3087: 1985,WOOD PARTICLE BOARDS (MEDIUM DENSITY),WOOD PARTICLE BOARDS (MEDIUM DENSITY) FOR GENERAL PURPOSES,product_standard,,board,,WOOD PARTICLE BOARDS (MEDIUM DENSITY) FOR GENERAL PURPOSES,timber,,,wood_board,high,"{""applies_to_product_families"": [""title"", ""scope""], ""canonical_product"": [""title"", ""scope"", ""full_text_summary_heading"", ""full_text_repeated_terms""], ""material"": [""title"", ""scope"", ""full_text_summary_heading"", ""full_text_repeated_terms""], ""primary_subject"": [""title""]}",RESOLVED_PRODUCT,False,
IS 3097: 1980,VENEERED PARTICLE BOARDS,,material_standard,,board,,VENEERED PARTICLE BOARDS,timber,,,wood_board,high,"{""applies_to_product_families"": [""title"", ""scope""], ""canonical_product"": [""title"", ""scope"", ""full_text_summary_heading"", ""full_text_repeated_terms""], ""material"": [""full_text_repeated_terms""], ""primary_subject"": [""title""]}",RESOLVED_PRODUCT,False,
IS 3115: 1992,LIME BASED BLOCKS,,product_standard,,block,,LIME BASED BLOCKS,concrete,,,coating; masonry_unit,high,"{""applies_to_product_families"": [""title"", ""scope""], ""canonical_product"": [""title"", ""scope"", ""full_text_summary_heading"", ""full_text_repeated_terms""], ""material"": [""full_text_repeated_terms""], ""primary_subject"": [""title""]}",RESOLVED_PRODUCT,False,
IS 3117: 2004,BITUMEN EMULSION FOR ROADS,BITUMEN EMULSION FOR ROADS AND ALLIED APPLICATIONS (ANIONIC TYPE),product_standard,,cement,,BITUMEN EMULSION FOR ROADS AND ALLIED APPLICATIONS (ANIONIC TYPE),bitumen,,,,high,"{""canonical_product"": [""full_text_repeated_terms""], ""material"": [""title"", ""scope"", ""full_text_summary_heading"", ""full_text_repeated_terms""], ""primary_subject"": [""title""]}",REVIEW_REQUIRED,True,low_confidence_metadata
IS 3129: 1985,LOW DENSITY PARTICLE BOARDS,,other,,board,,LOW DENSITY PARTICLE BOARDS,timber,,,wood_board,high,"{""applies_to_product_families"": [""title"", ""scope""], ""canonical_product"": [""title"", ""scope"", ""full_text_summary_heading"", ""full_text_repeated_terms""], ""material"": [""full_text_repeated_terms""], ""primary_subject"": [""title""]}",RESOLVED_PRODUCT,False,
IS 3182: 1986,BROKEN BRICK (BURNT CLAY),BROKEN BRICK (BURNT CLAY) FINE AGGREGATE FOR USE IN LIME MORTAR,product_standard,,brick,,BROKEN BRICK (BURNT CLAY) FINE AGGREGATE FOR USE IN LIME MORTAR,clay,,,concrete_material; masonry_unit,high,"{""applies_to_product_families"": [""title"", ""scope""], ""canonical_product"": [""title"", ""scope"", ""full_text_summary_heading"", ""full_text_repeated_terms""], ""material"": [""title"", ""scope"", ""full_text_summary_heading"", ""full_text_repeated_terms""], ""primary_subject"": [""title""]}",REVIEW_REQUIRED,True,low_confidence_metadata
IS 3308: 1981,WOOD WOOL BUILDING SLABS,,product_standard,,thermal_insulation,,WOOD WOOL BUILDING SLABS,timber,roofing,,,high,"{""application"": [""full_text_repeated_terms""], ""canonical_product"": [""full_text_repeated_terms""], ""material"": [""title"", ""scope"", ""full_text_summary_heading"", ""full_text_repeated_terms""], ""primary_subject"": [""title""]}",REVIEW_REQUIRED,True,low_confidence_metadata
IS 3316: 1974,STRUCTURAL GRANITE,,product_standard,,stone,,STRUCTURAL GRANITE,,,,stone,high,"{""applies_to_product_families"": [""title"", ""scope""], ""canonical_product"": [""scope"", ""full_text_repeated_terms""], ""primary_subject"": [""title""]}",RESOLVED_PRODUCT,False,
IS 3337: 1978,BALLIES FOR GENERAL PURPOSES,,product_standard,,timber,,BALLIES FOR GENERAL PURPOSES,timber,,,,high,"{""canonical_product"": [""full_text_repeated_terms""], ""material"": [""full_text_repeated_terms""], ""primary_subject"": [""title""]}",REVIEW_REQUIRED,True,low_confidence_metadata
IS 3384: 1986,BITUMEN PRIMER FOR USE IN,BITUMEN PRIMER FOR USE IN WATER–PROOFING AND DAMP–PROOFING,product_standard,,waterproofing_membrane,,BITUMEN PRIMER FOR USE IN WATER–PROOFING AND DAMP–PROOFING,bitumen,waterproofing,waterproofing,waterproofing,high,"{""application"": [""title"", ""scope"", ""full_text_summary_heading"", ""full_text_repeated_terms""], ""applies_to_product_families"": [""title"", ""scope""], ""canonical_product"": [""title"", ""scope"", ""full_text_summary_heading"", ""full_text_repeated_terms""], ""function"": [""title"", ""scope"", ""full_text_summary_heading""], ""material"": [""title"", ""scope"", ""full_text_summary_heading"", ""full_text_repeated_terms""], ""primary_subject"": [""title""]}",RESOLVED_PRODUCT,False,
IS 3438: 1994,SILVERED GLASS MIRRORS FOR GENERAL,SILVERED GLASS MIRRORS FOR GENERAL PURPOSES,product_standard,,glass,,SILVERED GLASS MIRRORS FOR GENERAL PURPOSES,,,,glass,high,"{""applies_to_product_families"": [""title"", ""scope""], ""canonical_product"": [""title"", ""scope"", ""full_text_summary_heading"", ""full_text_repeated_terms""], ""primary_subject"": [""title""]}",RESOLVED_PRODUCT,False,
IS 3443: 1980,CRANE RAIL SECTION,,product_standard,,crane_rail_section,,CRANE RAIL SECTION,steel,,,,high,"{""canonical_product"": [""title""], ""material"": [""full_text_repeated_terms""], ""primary_subject"": [""title""]}",REVIEW_REQUIRED,True,source_grounded_fallback_requires_review
IS 3462: 1986,UNBACKED FLEXIBLE PVC FLOORING,,product_standard,,tile,,UNBACKED FLEXIBLE PVC FLOORING,PVC,flooring,flooring,,high,"{""application"": [""title"", ""scope"", ""full_text_summary_heading"", ""full_text_repeated_terms""], ""canonical_product"": [""full_text_repeated_terms""], ""function"": [""title"", ""scope"", ""full_text_summary_heading""], ""material"": [""title"", ""scope"", ""full_text_summary_heading"", ""full_text_repeated_terms""], ""primary_subject"": [""title""]}",REVIEW_REQUIRED,True,low_confidence_metadata
IS 3478: 1966,HIGH DENSITY WOOD PARTICLE BOARDS,"HIGH DENSITY WOOD PARTICLE BOARDS Note —For test procedures, refer to various parts of IS 2380 : 1997 Methods of test for wood particle boards and boards from other lignocellulosic materials ( first revision ) and 9.3 of the standard.",test_method,,,,"HIGH DENSITY WOOD PARTICLE BOARDS Note —For test procedures, refer to various parts of IS 2380 : 1997 Methods of test for wood particle boards and boards from other lignocellulosic materials ( first revision ) and 9.3 of the standard",timber,,,wood_board,high,"{""applies_to_product_families"": [""title"", ""scope""], ""canonical_product"": [""title"", ""scope"", ""full_text_summary_heading"", ""full_text_repeated_terms""], ""material"": [""title"", ""scope"", ""full_text_summary_heading"", ""full_text_repeated_terms""], ""primary_subject"": [""title""]}",RESOLVED_NON_PRODUCT,False,
IS 3480: 1966,FLEXIBLE STEEL CONDUITS FOR,FLEXIBLE STEEL CONDUITS FOR ELECTRICAL WIRING TABLE 1 REQUIREMENTS FOR FLEXIBLE STEEL CONDUCTS NOMINAL INTERNAL,installation,,,,FLEXIBLE STEEL CONDUITS FOR ELECTRICAL WIRING TABLE 1 REQUIREMENTS FOR FLEXIBLE STEEL CONDUCTS NOMINAL INTERNAL,steel,,,pipe_water_drainage,high,"{""applies_to_product_families"": [""title"", ""scope""], ""canonical_product"": [""full_text_repeated_terms""], ""material"": [""title"", ""scope"", ""full_text_summary_heading"", ""full_text_repeated_terms""], ""primary_subject"": [""title""]}",RESOLVED_NON_PRODUCT,False,
IS 3489: 1985,ENAMELLED STEEL BATH TUBS,,material_standard,,steel_sheet,,ENAMELLED STEEL BATH TUBS,steel,flooring,,,high,"{""application"": [""full_text_repeated_terms""], ""canonical_product"": [""full_text_repeated_terms""], ""material"": [""title"", ""scope"", ""full_text_summary_heading"", ""full_text_repeated_terms""], ""primary_subject"": [""title""]}",REVIEW_REQUIRED,True,low_confidence_metadata
IS 3502: 1994,STEEL CHEQUERED PLATES,,material_standard,,pipe,,STEEL CHEQUERED PLATES,steel,,,,high,"{""canonical_product"": [""full_text_repeated_terms""], ""material"": [""title"", ""scope"", ""full_text_summary_heading"", ""full_text_repeated_terms""], ""primary_subject"": [""title""]}",REVIEW_REQUIRED,True,low_confidence_metadata
IS 3564: 1995,HYDRAULICALLY REGULATED DOOR CLOSER,,product_standard,,door,,HYDRAULICALLY REGULATED DOOR CLOSER,cast iron,door and window construction,,door_window; hardware,high,"{""application"": [""title"", ""scope"", ""full_text_summary_heading"", ""full_text_repeated_terms""], ""applies_to_product_families"": [""title"", ""scope""], ""canonical_product"": [""title"", ""scope"", ""full_text_summary_heading"", ""full_text_repeated_terms""], ""material"": [""full_text_repeated_terms""], ""primary_subject"": [""title""]}",RESOLVED_PRODUCT,False,
IS 3583: 1988,BURNT CLAY PAVING BRICKS,,product_standard,,brick,,BURNT CLAY PAVING BRICKS,clay,,,masonry_unit,high,"{""applies_to_product_families"": [""title"", ""scope""], ""canonical_product"": [""title"", ""scope"", ""full_text_summary_heading"", ""full_text_repeated_terms""], ""material"": [""title"", ""scope"", ""full_text_summary_heading"", ""full_text_repeated_terms""], ""primary_subject"": [""title""]}",RESOLVED_PRODUCT,False,
IS 3620: 1979,LATERITE  STONE  BLOCK  FOR  MASONRY,,product_standard,,block,,LATERITE STONE BLOCK FOR MASONRY,,,,masonry_unit; stone,high,"{""applies_to_product_families"": [""title"", ""scope""], ""canonical_product"": [""title"", ""scope"", ""full_text_summary_heading"", ""full_text_repeated_terms""], ""primary_subject"": [""title""]}",REVIEW_REQUIRED,True,low_confidence_metadata
IS 3629: 1986,STRUCTURAL TIMBER IN BUILDINGS,,material_standard,,timber,,STRUCTURAL TIMBER IN BUILDINGS,timber,,,timber,high,"{""applies_to_product_families"": [""title"", ""scope""], ""canonical_product"": [""title"", ""scope"", ""full_text_summary_heading"", ""full_text_repeated_terms""], ""material"": [""title"", ""scope"", ""full_text_summary_heading"", ""full_text_repeated_terms""], ""primary_subject"": [""title""]}",RESOLVED_PRODUCT,False,
IS 362: 1991,PARLIAMENT HINGES,,material_standard,,hinge,,PARLIAMENT HINGES,steel,,,hardware,high,"{""applies_to_product_families"": [""title"", ""scope""], ""canonical_product"": [""title"", ""scope"", ""full_text_summary_heading"", ""full_text_repeated_terms""], ""material"": [""full_text_repeated_terms""], ""primary_subject"": [""title""]}",RESOLVED_PRODUCT,False,
IS 363: 1993,HASPS AND STAPLES,,material_standard,,hasps_staples,,HASPS AND STAPLES,steel,,,,high,"{""canonical_product"": [""title""], ""material"": [""full_text_repeated_terms""], ""primary_subject"": [""title""]}",REVIEW_REQUIRED,True,source_grounded_fallback_requires_review
IS 364: 1993,FAN LIGHT CATCH,,material_standard,,window,,FAN LIGHT CATCH,steel,,,door_window,high,"{""applies_to_product_families"": [""title"", ""scope""], ""canonical_product"": [""scope"", ""full_text_repeated_terms""], ""material"": [""full_text_repeated_terms""], ""primary_subject"": [""title""]}",REVIEW_REQUIRED,True,low_confidence_metadata
IS 3731: 1985,TEAK  SQUARES,,product_standard,,timber,,TEAK SQUARES,timber,,,,high,"{""canonical_product"": [""full_text_repeated_terms""], ""material"": [""full_text_repeated_terms""], ""primary_subject"": [""title""]}",REVIEW_REQUIRED,True,low_confidence_metadata
IS 3818: 1992,CONTINUOUS (PIANO) HINGES,,product_standard,,hinge,,CONTINUOUS (PIANO) HINGES,steel,,,hardware,high,"{""applies_to_product_families"": [""title"", ""scope""], ""canonical_product"": [""title"", ""scope"", ""full_text_summary_heading"", ""full_text_repeated_terms""], ""material"": [""full_text_repeated_terms""], ""primary_subject"": [""title""]}",RESOLVED_PRODUCT,False,
IS 3828: 1966,VENTILATOR CHAINS,,product_standard,,window,,VENTILATOR CHAINS,steel,door and window construction,,door_window,high,"{""application"": [""title"", ""scope"", ""full_text_summary_heading"", ""full_text_repeated_terms""], ""applies_to_product_families"": [""title"", ""scope""], ""canonical_product"": [""title"", ""scope"", ""full_text_summary_heading"", ""full_text_repeated_terms""], ""material"": [""full_text_repeated_terms""], ""primary_subject"": [""title""]}",RESOLVED_PRODUCT,False,
IS 383: 1970,COARSE AND FINE AGGREGATES FROM NATURAL,COARSE AND FINE AGGREGATES FROM NATURAL SOURCES FOR CONCRETE,product_standard,,aggregate,,COARSE AND FINE AGGREGATES FROM NATURAL SOURCES FOR CONCRETE,concrete,,,concrete_material,high,"{""applies_to_product_families"": [""title"", ""scope""], ""canonical_product"": [""title"", ""scope"", ""full_text_summary_heading"", ""full_text_repeated_terms""], ""material"": [""title"", ""scope"", ""full_text_summary_heading"", ""full_text_repeated_terms""], ""primary_subject"": [""title""]}",RESOLVED_PRODUCT,False,
IS 3843: 1995,STEEL BACK FLAP HINGES,,material_standard,,hinge,,STEEL BACK FLAP HINGES,steel,,,hardware,high,"{""applies_to_product_families"": [""title"", ""scope""], ""canonical_product"": [""title"", ""scope"", ""full_text_summary_heading"", ""full_text_repeated_terms""], ""material"": [""title"", ""scope"", ""full_text_summary_heading"", ""full_text_repeated_terms""], ""primary_subject"": [""title""]}",RESOLVED_PRODUCT,False,
IS 3847: 1992,MORTICE NIGHT LATCHES,,product_standard,,latch,,MORTICE NIGHT LATCHES,steel,door and window construction,,hardware,high,"{""application"": [""full_text_repeated_terms""], ""applies_to_product_families"": [""title"", ""scope""], ""canonical_product"": [""title"", ""scope"", ""full_text_summary_heading"", ""full_text_repeated_terms""], ""material"": [""full_text_repeated_terms""], ""primary_subject"": [""title""]}",RESOLVED_PRODUCT,False,
IS 3854: 1997,SWITCHES FOR DOMESTIC AND SIMILAR,SWITCHES FOR DOMESTIC AND SIMILAR PURPOSES,installation,,,,SWITCHES FOR DOMESTIC AND SIMILAR PURPOSES,,,,fastener,high,"{""applies_to_product_families"": [""title"", ""scope""], ""canonical_product"": [""full_text_repeated_terms""], ""primary_subject"": [""title""]}",RESOLVED_NON_PRODUCT,False,
IS 3908: 1986,ALUMINIUM EQUAL LEG ANGLES,,material_standard,,rod,,ALUMINIUM EQUAL LEG ANGLES,aluminium,,,,high,"{""canonical_product"": [""full_text_repeated_terms""], ""material"": [""title"", ""scope"", ""full_text_summary_heading"", ""full_text_repeated_terms""], ""primary_subject"": [""title""]}",REVIEW_REQUIRED,True,low_confidence_metadata
IS 3909: 1986,ALUMINIUM UNEQUAL LEG ANGLES,,material_standard,,rod,,ALUMINIUM UNEQUAL LEG ANGLES,aluminium,,,,high,"{""canonical_product"": [""full_text_repeated_terms""], ""material"": [""title"", ""scope"", ""full_text_summary_heading"", ""full_text_repeated_terms""], ""primary_subject"": [""title""]}",REVIEW_REQUIRED,True,low_confidence_metadata
IS 3921: 1985,ALUMINIUM CHANNELS,,material_standard,,channel,,ALUMINIUM CHANNELS,aluminium,,,precast_concrete,high,"{""applies_to_product_families"": [""title"", ""scope""], ""canonical_product"": [""title"", ""scope"", ""full_text_summary_heading"", ""full_text_repeated_terms""], ""material"": [""title"", ""scope"", ""full_text_summary_heading"", ""full_text_repeated_terms""], ""primary_subject"": [""title""]}",RESOLVED_PRODUCT,False,
IS 3952: 1988,BURNT CLAY HOLLOW  BRICKS FOR WALLS,BURNT CLAY HOLLOW BRICKS FOR WALLS AND PARTITIONS,product_standard,,brick,,BURNT CLAY HOLLOW BRICKS FOR WALLS AND PARTITIONS,clay,,,masonry_unit,high,"{""applies_to_product_families"": [""title"", ""scope""], ""canonical_product"": [""title"", ""scope"", ""full_text_summary_heading"", ""full_text_repeated_terms""], ""material"": [""title"", ""scope"", ""full_text_summary_heading"", ""full_text_repeated_terms""], ""primary_subject"": [""title""]}",RESOLVED_PRODUCT,False,
IS 3954: 1991,HOT ROLLED CHANNEL SECTIONS FOR GENERAL,HOT ROLLED CHANNEL SECTIONS FOR GENERAL ENGINEERING PURPOSES – DIMENSIONS,material_standard,,channel,,HOT ROLLED CHANNEL SECTIONS FOR GENERAL ENGINEERING PURPOSES – DIMENSIONS,steel,,,precast_concrete,high,"{""applies_to_product_families"": [""title"", ""scope""], ""canonical_product"": [""title"", ""scope"", ""full_text_summary_heading"", ""full_text_repeated_terms""], ""material"": [""scope"", ""full_text_repeated_terms""], ""primary_subject"": [""title""]}",RESOLVED_PRODUCT,False,
IS 3964: 1980,LIGHT RAILS,,product_standard,,light_rails,,LIGHT RAILS,steel,,,,high,"{""canonical_product"": [""title""], ""material"": [""full_text_repeated_terms""], ""primary_subject"": [""title""]}",REVIEW_REQUIRED,True,source_grounded_fallback_requires_review
IS 399: 1963,CLASSIFICATION OF COMMERCIAL TIMBERS AND,CLASSIFICATION OF COMMERCIAL TIMBERS AND THEIR ZONAL DISTRIBUTION,material_standard,,timber,,CLASSIFICATION OF COMMERCIAL TIMBERS AND THEIR ZONAL DISTRIBUTION,timber,,,timber,high,"{""applies_to_product_families"": [""title"", ""scope""], ""canonical_product"": [""title"", ""scope"", ""full_text_summary_heading"", ""full_text_repeated_terms""], ""material"": [""full_text_repeated_terms""], ""primary_subject"": [""title""]}",RESOLVED_PRODUCT,False,
IS 4021: 1995,"TIMBER DOOR, WINDOW AND VENTILATOR","TIMBER DOOR, WINDOW AND VENTILATOR FRAMES",material_standard,,window,,"TIMBER DOOR, WINDOW AND VENTILATOR FRAMES",timber,door and window construction,,door_window; timber,high,"{""application"": [""title"", ""scope"", ""full_text_summary_heading"", ""full_text_repeated_terms""], ""applies_to_product_families"": [""title"", ""scope""], ""canonical_product"": [""title"", ""scope"", ""full_text_summary_heading"", ""full_text_repeated_terms""], ""material"": [""title"", ""scope"", ""full_text_summary_heading"", ""full_text_repeated_terms""], ""primary_subject"": [""title""]}",RESOLVED_PRODUCT,False,
IS 4098: 1983,LIME POZZOLANA MIXTURE,,product_standard,,cement,,LIME POZZOLANA MIXTURE,HDPE,,,cement,high,"{""applies_to_product_families"": [""title"", ""scope""], ""canonical_product"": [""title"", ""scope"", ""full_text_summary_heading"", ""full_text_repeated_terms""], ""material"": [""full_text_repeated_terms""], ""primary_subject"": [""title""]}",RESOLVED_PRODUCT,False,
IS 412: 1975,EXPANDED METAL STEEL SHEETS FOR,EXPANDED METAL STEEL SHEETS FOR GENERAL PURPOSES,material_standard,,steel_sheet,,EXPANDED METAL STEEL SHEETS FOR GENERAL PURPOSES,steel,,,steel,high,"{""applies_to_product_families"": [""title"", ""scope""], ""canonical_product"": [""title"", ""full_text_summary_heading"", ""full_text_repeated_terms""], ""material"": [""title"", ""scope"", ""full_text_summary_heading"", ""full_text_repeated_terms""], ""primary_subject"": [""title""]}",RESOLVED_PRODUCT,False,
IS 4139: 1989,CALCIUM SILICATE BRICKS,,product_standard,,brick,,CALCIUM SILICATE BRICKS,clay,,,masonry_unit,high,"{""applies_to_product_families"": [""title"", ""scope""], ""canonical_product"": [""title"", ""scope"", ""full_text_summary_heading"", ""full_text_repeated_terms""], ""material"": [""full_text_repeated_terms""], ""primary_subject"": [""title""]}",RESOLVED_PRODUCT,False,
IS 4160: 1967,INTERLOCKING SWITCH SOCKET OUTLET,,product_standard,,plug_socket,,INTERLOCKING SWITCH SOCKET OUTLET,steel,thermal insulation,,electrical; pipe_water_drainage,high,"{""application"": [""full_text_repeated_terms""], ""applies_to_product_families"": [""title"", ""scope""], ""canonical_product"": [""title"", ""scope"", ""full_text_summary_heading"", ""full_text_repeated_terms""], ""material"": [""full_text_repeated_terms""], ""primary_subject"": [""title""]}",RESOLVED_PRODUCT,False,
IS 419: 1967,"PUTTY, FOR USE ON WINDOW FRAMES",,installation,,,,"PUTTY, FOR USE ON WINDOW FRAMES",timber,door and window construction,,door_window; glass,high,"{""application"": [""title"", ""full_text_summary_heading"", ""full_text_repeated_terms""], ""applies_to_product_families"": [""title"", ""scope""], ""canonical_product"": [""title"", ""full_text_summary_heading"", ""full_text_repeated_terms""], ""material"": [""scope"", ""full_text_repeated_terms""], ""primary_subject"": [""title""]}",RESOLVED_NON_PRODUCT,False,
IS 423: 1961,PLASTIC WOOD FOR JOINERS FILLER,,test_method,,,,PLASTIC WOOD FOR JOINERS FILLER,timber,,,coating; timber,high,"{""applies_to_product_families"": [""title"", ""scope""], ""canonical_product"": [""title"", ""full_text_summary_heading"", ""full_text_repeated_terms""], ""material"": [""title"", ""scope"", ""full_text_summary_heading"", ""full_text_repeated_terms""], ""primary_subject"": [""title""]}",RESOLVED_NON_PRODUCT,False,
IS 432 (Part 1): 1982,MILD STEEL AND MEDIUM  TENSILE,MILD STEEL AND MEDIUM TENSILE STEEL BARS AND HARD-DRAWN STEEL WIRE FOR CONCRETE REINFORCEMENT PART 1 MILD STEEL AND MEDIUM TENSILE STEEL BARS,material_standard,,pipe_fitting,,MILD STEEL AND MEDIUM TENSILE STEEL BARS AND HARD-DRAWN STEEL WIRE FOR CONCRETE REINFORCEMENT PART 1 MILD STEEL AND MEDIUM TENSILE STEEL BARS,steel,,,,high,"{""canonical_product"": [""full_text_repeated_terms""], ""material"": [""title"", ""scope"", ""full_text_summary_heading"", ""full_text_repeated_terms""], ""primary_subject"": [""title""]}",REVIEW_REQUIRED,True,low_confidence_metadata
IS 432 (Part II): 1982,MILD STEEL AND MEDIUM TENSILE STEEL,MILD STEEL AND MEDIUM TENSILE STEEL BARS AND HARD-DRAWN STEEL WIRE FOR CONCRETE REINFORCEMENT PART 2 HARD-DRAWN STEEL WIRE,material_standard,,pipe_fitting,,MILD STEEL AND MEDIUM TENSILE STEEL BARS AND HARD-DRAWN STEEL WIRE FOR CONCRETE REINFORCEMENT PART 2 HARD-DRAWN STEEL WIRE,steel,,,,high,"{""canonical_product"": [""full_text_repeated_terms""], ""material"": [""title"", ""scope"", ""full_text_summary_heading"", ""full_text_repeated_terms""], ""primary_subject"": [""title""]}",REVIEW_REQUIRED,True,low_confidence_metadata
IS 4351: 2003,STEEL DOOR FRAMES,,material_standard,,door,steel_door,steel door,steel,flooring,,door_window,high,"{""application"": [""full_text_repeated_terms""], ""applies_to_product_families"": [""title"", ""scope""], ""canonical_product"": [""title"", ""scope"", ""full_text_summary_heading"", ""full_text_repeated_terms""], ""material"": [""title"", ""scope"", ""full_text_summary_heading"", ""full_text_repeated_terms""], ""primary_subject"": [""title""], ""product_subtype"": [""title"", ""scope"", ""full_text_summary_heading""]}",RESOLVED_PRODUCT,False,
IS 4457: 1982,CERAMIC UNGLAZED VITREOUS ACID,CERAMIC UNGLAZED VITREOUS ACID RESISTING TILES,product_standard,,tile,,CERAMIC UNGLAZED VITREOUS ACID RESISTING TILES,,,,tile,high,"{""applies_to_product_families"": [""title"", ""scope""], ""canonical_product"": [""title"", ""full_text_summary_heading"", ""full_text_repeated_terms""], ""primary_subject"": [""title""]}",RESOLVED_PRODUCT,False,
IS 452: 1973,DOOR SPRING RAT- TAIL TYPE,,material_standard,,door,,DOOR SPRING RAT- TAIL TYPE,steel,door and window construction,,door_window,high,"{""application"": [""title"", ""scope"", ""full_text_summary_heading"", ""full_text_repeated_terms""], ""applies_to_product_families"": [""title"", ""scope""], ""canonical_product"": [""title"", ""scope"", ""full_text_summary_heading"", ""full_text_repeated_terms""], ""material"": [""full_text_repeated_terms""], ""primary_subject"": [""title""]}",RESOLVED_PRODUCT,False,
IS 453: 1993,DOUBLE-ACTING SPRING HINGES,,material_standard,,hinge,,DOUBLE-ACTING SPRING HINGES,steel,door and window construction,,door_window; hardware,high,"{""application"": [""full_text_repeated_terms""], ""applies_to_product_families"": [""title"", ""scope""], ""canonical_product"": [""title"", ""scope"", ""full_text_summary_heading"", ""full_text_repeated_terms""], ""material"": [""full_text_repeated_terms""], ""primary_subject"": [""title""]}",RESOLVED_PRODUCT,False,
IS 454: 1994,CUTBACK  BITUMEN FROM WAXY CRUDE,,product_standard,,bitumen_from_waxy_crude,,CUTBACK BITUMEN FROM WAXY CRUDE,bitumen,,,,high,"{""canonical_product"": [""title""], ""material"": [""title"", ""scope"", ""full_text_summary_heading"", ""full_text_repeated_terms""], ""primary_subject"": [""title""]}",REVIEW_REQUIRED,True,source_grounded_fallback_requires_review
IS 4615: 1968,SWITCH SOCKET-OUTLETS,,product_standard,,plug_socket,,SWITCH SOCKET-OUTLETS,steel,thermal insulation,,electrical; pipe_water_drainage,high,"{""application"": [""full_text_repeated_terms""], ""applies_to_product_families"": [""title"", ""scope""], ""canonical_product"": [""title"", ""scope"", ""full_text_summary_heading"", ""full_text_repeated_terms""], ""material"": [""full_text_repeated_terms""], ""primary_subject"": [""title""]}",REVIEW_REQUIRED,True,low_confidence_metadata
IS 4762: 1984,WORM DRIVE CLAMPS FOR GENERAL PURPOSE,,product_standard,,pipe_fitting,,WORM DRIVE CLAMPS FOR GENERAL PURPOSE,,,,,high,"{""canonical_product"": [""full_text_repeated_terms""], ""primary_subject"": [""title""]}",REVIEW_REQUIRED,True,low_confidence_metadata
IS 4832 (Part 1): 1969,CHEMICAL RESISTANT MORTARS,"CHEMICAL RESISTANT MORTARS PART I – SILICATE TYPE Note 1— For method of tests, refer to IS 4456 (Part 1) : 1967 Methods of test for chemical resistant mortar: Part I Silicate type and resin type Note 2— For general guide for chemical resistance of sillicate type mortars to various substances, refer to Table 1 of IS",test_method,,,portland_pozzolana_fly_ash,"CHEMICAL RESISTANT MORTARS PART I – SILICATE TYPE Note 1— For method of tests, refer to IS 4456 (Part 1) : 1967 Methods of test for chemical resistant mortar: Part I Silicate type and resin type Note 2— For general guide for chemical resist",,,,,high,"{""primary_subject"": [""title""], ""product_subtype"": [""title"", ""full_text_summary_heading""]}",REVIEW_REQUIRED,True,low_confidence_metadata
IS 4860: 1968,ACID – RESISTANT BRICKS,,product_standard,,brick,,ACID – RESISTANT BRICKS,clay,flooring,flooring,masonry_unit,high,"{""application"": [""scope"", ""full_text_repeated_terms""], ""applies_to_product_families"": [""title"", ""scope""], ""canonical_product"": [""title"", ""scope"", ""full_text_summary_heading"", ""full_text_repeated_terms""], ""function"": [""scope""], ""material"": [""scope"", ""full_text_repeated_terms""], ""primary_subject"": [""title""]}",RESOLVED_PRODUCT,False,
IS 4885: 1988,SEWER BRICKS,,other,,brick,,SEWER BRICKS,clay,sewerage,carry_sewage,masonry_unit,high,"{""application"": [""scope"", ""full_text_repeated_terms""], ""applies_to_product_families"": [""title"", ""scope""], ""canonical_product"": [""title"", ""scope"", ""full_text_summary_heading"", ""full_text_repeated_terms""], ""function"": [""scope""], ""material"": [""scope"", ""full_text_repeated_terms""], ""primary_subject"": [""title""]}",RESOLVED_PRODUCT,False,
IS 4891: 1988,PREFERRED CUT SIZES OF  STRUCTURAL TIMBER,,material_standard,,timber,,PREFERRED CUT SIZES OF STRUCTURAL TIMBER,timber,roofing,,door_window; timber,high,"{""application"": [""scope"", ""full_text_repeated_terms""], ""applies_to_product_families"": [""title"", ""scope""], ""canonical_product"": [""title"", ""scope"", ""full_text_summary_heading"", ""full_text_repeated_terms""], ""material"": [""title"", ""scope"", ""full_text_summary_heading"", ""full_text_repeated_terms""], ""primary_subject"": [""title""]}",RESOLVED_PRODUCT,False,
IS 4895: 1985,TEAK LOGS,,product_standard,,timber,,TEAK LOGS,timber,,,,high,"{""canonical_product"": [""full_text_repeated_terms""], ""material"": [""full_text_repeated_terms""], ""primary_subject"": [""title""]}",REVIEW_REQUIRED,True,low_confidence_metadata
IS 4923: 1997,HOLLOW STEEL SECTIONS  FOR STRUCTURAL,HOLLOW STEEL SECTIONS FOR STRUCTURAL USE,material_standard,,steel_section,,HOLLOW STEEL SECTIONS FOR STRUCTURAL USE,steel,,,steel,high,"{""applies_to_product_families"": [""title"", ""scope""], ""canonical_product"": [""title"", ""scope"", ""full_text_summary_heading"", ""full_text_repeated_terms""], ""material"": [""title"", ""scope"", ""full_text_summary_heading"", ""full_text_repeated_terms""], ""primary_subject"": [""title""]}",RESOLVED_PRODUCT,False,
IS 4948: 2002,WELDED STEEL WIRE FABRIC,WELDED STEEL WIRE FABRIC FOR GENERAL USE,material_standard,,wire_fabric,,WELDED STEEL WIRE FABRIC FOR GENERAL USE,steel,door and window construction,,door_window; reinforcement,high,"{""application"": [""scope"", ""full_text_repeated_terms""], ""applies_to_product_families"": [""title"", ""scope""], ""canonical_product"": [""title"", ""scope"", ""full_text_summary_heading"", ""full_text_repeated_terms""], ""material"": [""title"", ""full_text_summary_heading"", ""full_text_repeated_terms""], ""primary_subject"": [""title""]}",RESOLVED_PRODUCT,False,
IS 4972: 1968,RESISTANCE SPOT – WELDING ELECTRODES,,product_standard,,electrode,,RESISTANCE SPOT – WELDING ELECTRODES,aluminium,,,welding,high,"{""applies_to_product_families"": [""title"", ""scope""], ""canonical_product"": [""title"", ""scope"", ""full_text_summary_heading"", ""full_text_repeated_terms""], ""material"": [""full_text_repeated_terms""], ""primary_subject"": [""title""]}",RESOLVED_PRODUCT,False,
IS 4990: 1993,PLYWOOD FOR CONCRETE SHUTTERING WORK,,product_standard,,board,plywood,plywood,timber,,,wood_board,high,"{""applies_to_product_families"": [""title"", ""scope""], ""canonical_product"": [""title"", ""scope"", ""full_text_summary_heading"", ""full_text_repeated_terms""], ""material"": [""full_text_repeated_terms""], ""primary_subject"": [""title""], ""product_subtype"": [""title"", ""scope"", ""full_text_summary_heading""]}",RESOLVED_PRODUCT,False,
IS 4992: 1975,DOOR HANDLES FOR MORTICE LOCKS,,product_standard,,door,,DOOR HANDLES FOR MORTICE LOCKS,steel,door and window construction,,door_window,high,"{""application"": [""title"", ""scope"", ""full_text_summary_heading"", ""full_text_repeated_terms""], ""applies_to_product_families"": [""title"", ""scope""], ""canonical_product"": [""title"", ""scope"", ""full_text_summary_heading"", ""full_text_repeated_terms""], ""material"": [""full_text_repeated_terms""], ""primary_subject"": [""title""]}",RESOLVED_PRODUCT,False,
IS 4996: 1984,REINFORCED CONCRETE FENCE POSTS,,product_standard,,reinforced_concrete_fence_posts,,REINFORCED CONCRETE FENCE POSTS,concrete,,,,high,"{""canonical_product"": [""title""], ""material"": [""title"", ""scope"", ""full_text_summary_heading"", ""full_text_repeated_terms""], ""primary_subject"": [""title""]}",REVIEW_REQUIRED,True,source_grounded_fallback_requires_review
IS 513: 1994,COLD ROLLED LOW CARBON STEEL,COLD ROLLED LOW CARBON STEEL SHEETS AND STRIPS,material_standard,,steel_sheet,,COLD ROLLED LOW CARBON STEEL SHEETS AND STRIPS,steel,,,steel,high,"{""applies_to_product_families"": [""title"", ""scope""], ""canonical_product"": [""title"", ""scope"", ""full_text_summary_heading"", ""full_text_repeated_terms""], ""material"": [""title"", ""scope"", ""full_text_summary_heading"", ""full_text_repeated_terms""], ""primary_subject"": [""title""]}",RESOLVED_PRODUCT,False,
IS 5219: 1969,CAST COPPER ALLOYS TRAPS,CAST COPPER ALLOYS TRAPS PART 1 P AND S TRAPS,product_standard,,sink,,CAST COPPER ALLOYS TRAPS PART 1 P AND S TRAPS,,,,sanitary_fixture,high,"{""applies_to_product_families"": [""title"", ""scope""], ""canonical_product"": [""scope"", ""full_text_repeated_terms""], ""primary_subject"": [""title""]}",REVIEW_REQUIRED,True,low_confidence_metadata
IS 5246: 2000,CONIFEROUS LOGS,,material_standard,,timber,,CONIFEROUS LOGS,timber,,,timber,high,"{""applies_to_product_families"": [""title"", ""scope""], ""canonical_product"": [""scope"", ""full_text_repeated_terms""], ""material"": [""scope"", ""full_text_repeated_terms""], ""primary_subject"": [""title""]}",RESOLVED_PRODUCT,False,
IS 5317: 2002,BITUMEN MASTIC FOR  BRIDGE,BITUMEN MASTIC FOR BRIDGE DECKING AND ROADS,material_standard,,aggregate,,BITUMEN MASTIC FOR BRIDGE DECKING AND ROADS,bitumen,,,,high,"{""canonical_product"": [""full_text_repeated_terms""], ""material"": [""title"", ""scope"", ""full_text_summary_heading"", ""full_text_repeated_terms""], ""primary_subject"": [""title""]}",REVIEW_REQUIRED,True,low_confidence_metadata
IS 5384: 1985,ALUMINIUM   I–BEAM,,material_standard,,rod,,ALUMINIUM I–BEAM,aluminium,,,,high,"{""canonical_product"": [""full_text_repeated_terms""], ""material"": [""title"", ""scope"", ""full_text_summary_heading"", ""full_text_repeated_terms""], ""primary_subject"": [""title""]}",REVIEW_REQUIRED,True,low_confidence_metadata
IS 5437: 1994,"FIGURED, ROLLED AND WIRED GLASS",,product_standard,,glass,,"FIGURED, ROLLED AND WIRED GLASS",steel,door and window construction,,glass,high,"{""application"": [""full_text_repeated_terms""], ""applies_to_product_families"": [""title"", ""scope""], ""canonical_product"": [""title"", ""scope"", ""full_text_summary_heading"", ""full_text_repeated_terms""], ""material"": [""full_text_repeated_terms""], ""primary_subject"": [""title""]}",RESOLVED_PRODUCT,False,
IS 5455: 1969,CAST IRON STEPS FOR MANHOLES,,product_standard,,nut,,CAST IRON STEPS FOR MANHOLES,cast iron,,,,high,"{""canonical_product"": [""full_text_repeated_terms""], ""material"": [""title"", ""scope"", ""full_text_summary_heading"", ""full_text_repeated_terms""], ""primary_subject"": [""title""]}",REVIEW_REQUIRED,True,low_confidence_metadata
IS 5509: 2000,FIRE RETARDANT PLYWOOD,,product_standard,,board,plywood,plywood,timber,,,wood_board,high,"{""applies_to_product_families"": [""title"", ""scope""], ""canonical_product"": [""title"", ""scope"", ""full_text_summary_heading"", ""full_text_repeated_terms""], ""material"": [""full_text_repeated_terms""], ""primary_subject"": [""title""], ""product_subtype"": [""title"", ""scope"", ""full_text_summary_heading""]}",RESOLVED_PRODUCT,False,
IS 5511: 1991,COVERED ELECTRODES FOR MANUAL METAL,COVERED ELECTRODES FOR MANUAL METAL ARC WELDING OF CAST IRON,product_standard,,electrode,,COVERED ELECTRODES FOR MANUAL METAL ARC WELDING OF CAST IRON,cast iron,,,welding,high,"{""applies_to_product_families"": [""title"", ""scope""], ""canonical_product"": [""title"", ""scope"", ""full_text_summary_heading"", ""full_text_repeated_terms""], ""material"": [""title"", ""scope"", ""full_text_summary_heading"", ""full_text_repeated_terms""], ""primary_subject"": [""title""]}",RESOLVED_PRODUCT,False,
IS 5539: 1969,PRESERVATIVE TREATED PLYWOOD,"PRESERVATIVE TREATED PLYWOOD 1. Scope – Treatment of plywood for protection against fungi, termites and other insects and marine borers and requiremments of preservatives treated",other,,board,plywood,plywood,timber,roofing,,wood_board,high,"{""application"": [""full_text_repeated_terms""], ""applies_to_product_families"": [""title"", ""scope""], ""canonical_product"": [""title"", ""scope"", ""full_text_summary_heading"", ""full_text_repeated_terms""], ""material"": [""full_text_repeated_terms""], ""primary_subject"": [""title""], ""product_subtype"": [""title"", ""scope"", ""full_text_summary_heading""]}",RESOLVED_PRODUCT,False,
IS 5751: 1984,PRECAST  CONCRETE COPING BLOCKS,,material_standard,,block,,PRECAST CONCRETE COPING BLOCKS,concrete,,,masonry_unit,high,"{""applies_to_product_families"": [""title"", ""scope""], ""canonical_product"": [""title"", ""scope"", ""full_text_summary_heading"", ""full_text_repeated_terms""], ""material"": [""title"", ""scope"", ""full_text_summary_heading"", ""full_text_repeated_terms""], ""primary_subject"": [""title""]}",RESOLVED_PRODUCT,False,
IS 5758: 1984,PRECAST CONCRETE KERBS,,product_standard,,channel,,PRECAST CONCRETE KERBS,concrete,,,precast_concrete,high,"{""applies_to_product_families"": [""title"", ""scope""], ""canonical_product"": [""scope"", ""full_text_repeated_terms""], ""material"": [""title"", ""scope"", ""full_text_summary_heading"", ""full_text_repeated_terms""], ""primary_subject"": [""title""]}",RESOLVED_PRODUCT,False,
IS 5779: 1986,BURNT CLAY SOLING BRICKS,,product_standard,,brick,,BURNT CLAY SOLING BRICKS,clay,,,masonry_unit,high,"{""applies_to_product_families"": [""title"", ""scope""], ""canonical_product"": [""title"", ""scope"", ""full_text_summary_heading"", ""full_text_repeated_terms""], ""material"": [""title"", ""scope"", ""full_text_summary_heading"", ""full_text_repeated_terms""], ""primary_subject"": [""title""]}",RESOLVED_PRODUCT,False,
IS 5820: 1970,PRECAST CONCRETE CABLE COVERS,"PRECAST CONCRETE CABLE COVERS Note 1 — L,W= Length, Width. T",product_standard,,w_length_width_t,,"PRECAST CONCRETE CABLE COVERS Note 1 — L,W= Length, Width. T",concrete,,,,high,"{""canonical_product"": [""title""], ""material"": [""title"", ""scope"", ""full_text_summary_heading"", ""full_text_repeated_terms""], ""primary_subject"": [""title""]}",REVIEW_REQUIRED,True,source_grounded_fallback_requires_review
IS 5871: 1987,BITUMEN MASTIC FOR,BITUMEN MASTIC FOR TANKING AND DAMP–PROOFING,material_standard,,aggregate,,BITUMEN MASTIC FOR TANKING AND DAMP–PROOFING,bitumen,,,,high,"{""canonical_product"": [""full_text_repeated_terms""], ""material"": [""title"", ""scope"", ""full_text_summary_heading"", ""full_text_repeated_terms""], ""primary_subject"": [""title""]}",REVIEW_REQUIRED,True,low_confidence_metadata
IS 5897: 1985,ALUMINIUM AND ALUMINIUM ALLOY WELDING,ALUMINIUM AND ALUMINIUM ALLOY WELDING RODS AND WIRES AND MAGNESIUM ALLOY WELDING RODS,product_standard,,rod,,ALUMINIUM AND ALUMINIUM ALLOY WELDING RODS AND WIRES AND MAGNESIUM ALLOY WELDING RODS,aluminium,,,coating; welding,high,"{""applies_to_product_families"": [""title"", ""scope""], ""canonical_product"": [""title"", ""scope"", ""full_text_summary_heading"", ""full_text_repeated_terms""], ""material"": [""title"", ""scope"", ""full_text_summary_heading"", ""full_text_repeated_terms""], ""primary_subject"": [""title""]}",RESOLVED_PRODUCT,False,
IS 5898: 1970,COPPER AND COPPER ALLOY BARE SOLID,COPPER AND COPPER ALLOY BARE SOLID WELDING RODS AND ELECTRODES,product_standard,,rod,,COPPER AND COPPER ALLOY BARE SOLID WELDING RODS AND ELECTRODES,steel,,,coating; welding,high,"{""applies_to_product_families"": [""title"", ""scope""], ""canonical_product"": [""title"", ""scope"", ""full_text_summary_heading"", ""full_text_repeated_terms""], ""material"": [""full_text_repeated_terms""], ""primary_subject"": [""title""]}",RESOLVED_PRODUCT,False,
IS 5899: 1970,BATH ROOM LATCHES,"BATH ROOM LATCHES 1. Scope – Requirements for material, size and finish of bathroom latches. 2.",material_standard,,latch,,"BATH ROOM LATCHES 1. Scope – Requirements for material, size and finish of bathroom latches. 2",cast iron,,,hardware,high,"{""applies_to_product_families"": [""title"", ""scope""], ""canonical_product"": [""title"", ""scope"", ""full_text_summary_heading"", ""full_text_repeated_terms""], ""material"": [""full_text_repeated_terms""], ""primary_subject"": [""title""]}",RESOLVED_PRODUCT,False,
IS 5930: 1970,MORTICE LATCH,,product_standard,,latch,,MORTICE LATCH,steel,door and window construction,,door_window; hardware,high,"{""application"": [""full_text_repeated_terms""], ""applies_to_product_families"": [""title"", ""scope""], ""canonical_product"": [""title"", ""scope"", ""full_text_summary_heading"", ""full_text_repeated_terms""], ""material"": [""full_text_repeated_terms""], ""primary_subject"": [""title""]}",RESOLVED_PRODUCT,False,
IS 5961: 1970,CAST IRON GRATING FOR DRAINAGE PURPOSES,CAST IRON GRATING FOR DRAINAGE PURPOSES the frame ± 2 mm. Note — For detailed dimensions see Fig. 1 of the standard.,product_standard,,coating,,CAST IRON GRATING FOR DRAINAGE PURPOSES the frame ± 2 mm. Note — For detailed dimensions see Fig. 1 of the standard,cast iron,sewerage,,,high,"{""application"": [""title"", ""scope"", ""full_text_summary_heading"", ""full_text_repeated_terms""], ""canonical_product"": [""full_text_repeated_terms""], ""material"": [""title"", ""scope"", ""full_text_summary_heading"", ""full_text_repeated_terms""], ""primary_subject"": [""title""]}",REVIEW_REQUIRED,True,low_confidence_metadata
IS 6003: 1983,INDENTED WIRE FOR PRESTRESSED CONCRETE,,product_standard,,pipe_fitting,,INDENTED WIRE FOR PRESTRESSED CONCRETE,steel,,,,high,"{""canonical_product"": [""full_text_repeated_terms""], ""material"": [""full_text_repeated_terms""], ""primary_subject"": [""title""]}",REVIEW_REQUIRED,True,low_confidence_metadata
IS 6006: 1983,UNCOATED STRESS RELIEVED STRAND FOR,UNCOATED STRESS RELIEVED STRAND FOR PRESTRESSED CONCRETE,material_standard,,relieved_strand_prestressed_concrete,,UNCOATED STRESS RELIEVED STRAND FOR PRESTRESSED CONCRETE,steel,,,,high,"{""canonical_product"": [""title""], ""material"": [""scope"", ""full_text_repeated_terms""], ""primary_subject"": [""title""]}",REVIEW_REQUIRED,True,source_grounded_fallback_requires_review
IS 6056: 1970,JOINTED WOOD POLES FOR  OVERHEAD,JOINTED WOOD POLES FOR OVERHEAD POWER TELECOMMUNICATION LINES TABLE 1 DIMENSION OF THE JOINTED WOOD POLES Overall Groundline,material_standard,,timber,,JOINTED WOOD POLES FOR OVERHEAD POWER TELECOMMUNICATION LINES TABLE 1 DIMENSION OF THE JOINTED WOOD POLES Overall Groundline,timber,,,timber,high,"{""applies_to_product_families"": [""title"", ""scope""], ""canonical_product"": [""scope"", ""full_text_repeated_terms""], ""material"": [""title"", ""scope"", ""full_text_summary_heading"", ""full_text_repeated_terms""], ""primary_subject"": [""title""]}",RESOLVED_PRODUCT,False,
IS 6072: 1971,AUTOCLAVED REINFORCED CELLULAR,"AUTOCLAVED REINFORCED CELLULAR CONCRETE WALL SLABS 5.2Tolerances — For 500 mm and below, ± 2 mm over 500 mm, ± 5 mm. Note — For form tolerances for wall slabs, refer to Table 1 of",product_standard,,cement,,"AUTOCLAVED REINFORCED CELLULAR CONCRETE WALL SLABS 5.2Tolerances — For 500 mm and below, ± 2 mm over 500 mm, ± 5 mm. Note — For form tolerances for wall slabs, refer to Table 1 of",aluminium,,,,high,"{""canonical_product"": [""full_text_repeated_terms""], ""material"": [""full_text_repeated_terms""], ""primary_subject"": [""title""]}",REVIEW_REQUIRED,True,low_confidence_metadata
IS 6073: 1971,AUTOCLAVED REINFORCED CELLULAR,"AUTOCLAVED REINFORCED CELLULAR CONCRETE FLOOR AND ROOF SLABS 5.2Tolerances — For 500 mm and below, ± 2 mm over 500 mm, ± 5 mm. Note — For form tolerances for wall slabs, refer to",product_standard,,cement,,"AUTOCLAVED REINFORCED CELLULAR CONCRETE FLOOR AND ROOF SLABS 5.2Tolerances — For 500 mm and below, ± 2 mm over 500 mm, ± 5 mm. Note — For form tolerances for wall slabs, refer to",aluminium,roofing,,,high,"{""application"": [""title"", ""scope"", ""full_text_summary_heading"", ""full_text_repeated_terms""], ""canonical_product"": [""full_text_repeated_terms""], ""material"": [""full_text_repeated_terms""], ""primary_subject"": [""title""]}",REVIEW_REQUIRED,True,low_confidence_metadata
IS 6165: 1992,DIMENSIONS FOR SPECIAL SHAPES OF CLAY,DIMENSIONS FOR SPECIAL SHAPES OF CLAY BRICKS,product_standard,,brick,,DIMENSIONS FOR SPECIAL SHAPES OF CLAY BRICKS,clay,,,masonry_unit,high,"{""applies_to_product_families"": [""title"", ""scope""], ""canonical_product"": [""title"", ""scope"", ""full_text_summary_heading"", ""full_text_repeated_terms""], ""material"": [""title"", ""scope"", ""full_text_summary_heading"", ""full_text_repeated_terms""], ""primary_subject"": [""title""]}",RESOLVED_PRODUCT,False,
IS 6198: 1992,"LEDGED, BRACED AND BATTENED TIMBER DOOR","LEDGED, BRACED AND BATTENED TIMBER DOOR SHUTTERS",material_standard,,door,,"LEDGED, BRACED AND BATTENED TIMBER DOOR SHUTTERS",timber,door and window construction,,door_window; timber,high,"{""application"": [""title"", ""scope"", ""full_text_summary_heading"", ""full_text_repeated_terms""], ""applies_to_product_families"": [""title"", ""scope""], ""canonical_product"": [""title"", ""scope"", ""full_text_summary_heading"", ""full_text_repeated_terms""], ""material"": [""title"", ""scope"", ""full_text_summary_heading"", ""full_text_repeated_terms""], ""primary_subject"": [""title""]}",RESOLVED_PRODUCT,False,
IS 6248: 1979,METAL ROLLING SHUTTERS AND ROLLING,METAL ROLLING SHUTTERS AND ROLLING GRILLS,product_standard,,door,,METAL ROLLING SHUTTERS AND ROLLING GRILLS,steel,,,door_window,high,"{""applies_to_product_families"": [""title"", ""scope""], ""canonical_product"": [""title"", ""scope"", ""full_text_summary_heading"", ""full_text_repeated_terms""], ""material"": [""full_text_repeated_terms""], ""primary_subject"": [""title""]}",RESOLVED_PRODUCT,False,
IS 6307: 1985,RIGID PVC SHEETS,,product_standard,,rigid_pvc_sheets,,RIGID PVC SHEETS,PVC,,,,high,"{""canonical_product"": [""title""], ""material"": [""title"", ""scope"", ""full_text_summary_heading"", ""full_text_repeated_terms""], ""primary_subject"": [""title""]}",REVIEW_REQUIRED,True,source_grounded_fallback_requires_review
IS 6315: 1992,FLOOR SPRINGS (HYDRAULICALLY  REGULATED),FLOOR SPRINGS (HYDRAULICALLY REGULATED) FOR HEAVY DOORS,other,,door,,FLOOR SPRINGS (HYDRAULICALLY REGULATED) FOR HEAVY DOORS,cast iron,flooring,,door_window,high,"{""application"": [""title"", ""scope"", ""full_text_summary_heading"", ""full_text_repeated_terms""], ""applies_to_product_families"": [""title"", ""scope""], ""canonical_product"": [""title"", ""scope"", ""full_text_summary_heading"", ""full_text_repeated_terms""], ""material"": [""full_text_repeated_terms""], ""primary_subject"": [""title""]}",RESOLVED_PRODUCT,False,
IS 6318: 1971,PLASTIC WINDOW STAYS AND FASTENERS,PLASTIC WINDOW STAYS AND FASTENERS 1. Scope – Lays down performance and functional requirements of window stays made of polypropylene and fasteners (handles) made of nylon.,product_standard,,fastener,,PLASTIC WINDOW STAYS AND FASTENERS 1. Scope – Lays down performance and functional requirements of window stays made of polypropylene and fasteners (handles) made of nylon,,door and window construction,,door_window; fastener,high,"{""application"": [""title"", ""scope"", ""full_text_summary_heading"", ""full_text_repeated_terms""], ""applies_to_product_families"": [""title"", ""scope""], ""canonical_product"": [""title"", ""scope"", ""full_text_summary_heading"", ""full_text_repeated_terms""], ""primary_subject"": [""title""]}",RESOLVED_PRODUCT,False,
IS 6343: 1982,DOOR CLOSERS (PNEUMATICALLY REGULATED),DOOR CLOSERS (PNEUMATICALLY REGULATED) FOR LIGHT DOORS WEIGHING UPTO 40 KG,product_standard,,door,,DOOR CLOSERS (PNEUMATICALLY REGULATED) FOR LIGHT DOORS WEIGHING UPTO 40 KG,cast iron,door and window construction,,door_window,high,"{""application"": [""title"", ""scope"", ""full_text_summary_heading"", ""full_text_repeated_terms""], ""applies_to_product_families"": [""title"", ""scope""], ""canonical_product"": [""title"", ""scope"", ""full_text_summary_heading"", ""full_text_repeated_terms""], ""material"": [""full_text_repeated_terms""], ""primary_subject"": [""title""]}",RESOLVED_PRODUCT,False,
IS 638: 1979,SHEET RUBBER JOINTING AND RUBBER,SHEET RUBBER JOINTING AND RUBBER INSERTION JOINTING,product_standard,,pipe_fitting,,SHEET RUBBER JOINTING AND RUBBER INSERTION JOINTING,rubber,,,,high,"{""canonical_product"": [""full_text_repeated_terms""], ""material"": [""title"", ""scope"", ""full_text_summary_heading"", ""full_text_repeated_terms""], ""primary_subject"": [""title""]}",REVIEW_REQUIRED,True,low_confidence_metadata
IS 6418: 1971,CAST IRON AND MALLEABLE CAST IRON,CAST IRON AND MALLEABLE CAST IRON FLANGES FOR GENERAL ENGINEERING PURPOSES 1.2. Type of gasket and gasket materials are not covered in the standard and shall be subject to agreement between the manufacturer and the purchaser.,material_standard,,bolt,,CAST IRON AND MALLEABLE CAST IRON FLANGES FOR GENERAL ENGINEERING PURPOSES 1.2. Type of gasket and gasket materials are not covered in the standard and shall be subject to agreement between the manufacturer and the purchaser,cast iron,,,,high,"{""canonical_product"": [""full_text_repeated_terms""], ""material"": [""title"", ""scope"", ""full_text_summary_heading"", ""full_text_repeated_terms""], ""primary_subject"": [""title""]}",REVIEW_REQUIRED,True,low_confidence_metadata
IS 6445: 1985,ALUMINIUM TEE - SECTIONS,,material_standard,,pipe_fitting,tee,tee,aluminium,,,pipe_water_drainage,high,"{""applies_to_product_families"": [""title"", ""scope""], ""canonical_product"": [""title"", ""scope"", ""full_text_summary_heading"", ""full_text_repeated_terms""], ""material"": [""title"", ""scope"", ""full_text_summary_heading"", ""full_text_repeated_terms""], ""primary_subject"": [""title""], ""product_subtype"": [""title"", ""scope"", ""full_text_summary_heading""]}",RESOLVED_PRODUCT,False,
IS 6523: 1983,PRECAST REINFORCED CONCRETE DOOR,PRECAST REINFORCED CONCRETE DOOR AND WINDOW FRAMES,product_standard,,door,,PRECAST REINFORCED CONCRETE DOOR AND WINDOW FRAMES,steel,door and window construction,,door_window,high,"{""application"": [""title"", ""scope"", ""full_text_summary_heading"", ""full_text_repeated_terms""], ""applies_to_product_families"": [""title"", ""scope""], ""canonical_product"": [""title"", ""scope"", ""full_text_summary_heading"", ""full_text_repeated_terms""], ""material"": [""full_text_repeated_terms""], ""primary_subject"": [""title""]}",REVIEW_REQUIRED,True,low_confidence_metadata
IS 6538: 1971,THREE-PIN PLUGS MADE OF RESILIENTMATERIAL,,material_standard,,plug_socket,,THREE-PIN PLUGS MADE OF RESILIENTMATERIAL,steel,thermal insulation,,electrical; pipe_water_drainage,high,"{""application"": [""full_text_repeated_terms""], ""applies_to_product_families"": [""title"", ""scope""], ""canonical_product"": [""title"", ""scope"", ""full_text_summary_heading"", ""full_text_repeated_terms""], ""material"": [""full_text_repeated_terms""], ""primary_subject"": [""title""]}",RESOLVED_PRODUCT,False,
IS 6560: 1996,MOLYBDENUM AND CHROMIUM-MOLYBDENUM,MOLYBDENUM AND CHROMIUM-MOLYBDENUM LOW ALLOY STEEL WELDING RODS AND BARE ELECTRODES FOR GAS SHIELDED ARC WELDING,material_standard,,rod,,MOLYBDENUM AND CHROMIUM-MOLYBDENUM LOW ALLOY STEEL WELDING RODS AND BARE ELECTRODES FOR GAS SHIELDED ARC WELDING,steel,,,coating; welding,high,"{""applies_to_product_families"": [""title"", ""scope""], ""canonical_product"": [""title"", ""scope"", ""full_text_summary_heading"", ""full_text_repeated_terms""], ""material"": [""title"", ""scope"", ""full_text_summary_heading"", ""full_text_repeated_terms""], ""primary_subject"": [""title""]}",RESOLVED_PRODUCT,False,
IS 6579: 1981,COARSE AGGREGATE FOR WATER BOUND,COARSE AGGREGATE FOR WATER BOUND MACADAM,other,,aggregate,,COARSE AGGREGATE FOR WATER BOUND MACADAM,clay,,,concrete_material,high,"{""applies_to_product_families"": [""title"", ""scope""], ""canonical_product"": [""title"", ""scope"", ""full_text_summary_heading"", ""full_text_repeated_terms""], ""material"": [""full_text_repeated_terms""], ""primary_subject"": [""title""]}",RESOLVED_PRODUCT,False,
IS 6607: 1972,REBATED MORTICE LOCKS (VERTICAL TYPE),,product_standard,,door,,REBATED MORTICE LOCKS (VERTICAL TYPE),steel,,,door_window,high,"{""applies_to_product_families"": [""title"", ""scope""], ""canonical_product"": [""scope"", ""full_text_repeated_terms""], ""material"": [""full_text_repeated_terms""], ""primary_subject"": [""title""]}",RESOLVED_PRODUCT,False,
IS 6733: 1972,WALL AND ROOFING NAILS,,product_standard,,pipe_fitting,,WALL AND ROOFING NAILS,,roofing,roofing,,high,"{""application"": [""title"", ""scope"", ""full_text_summary_heading"", ""full_text_repeated_terms""], ""canonical_product"": [""full_text_repeated_terms""], ""function"": [""title"", ""scope"", ""full_text_summary_heading""], ""primary_subject"": [""title""]}",REVIEW_REQUIRED,True,low_confidence_metadata
IS 694: 1990,PVC INSULATED CABLE FOR WORKING VOLTAGES,PVC INSULATED CABLE FOR WORKING VOLTAGES UP TO AND INCLUDING 1100 VOLTS,product_standard,,pipe_fitting,bend,bend,PVC,door and window construction,,door_window; pipe_water_drainage,high,"{""application"": [""scope"", ""full_text_repeated_terms""], ""applies_to_product_families"": [""title"", ""scope""], ""canonical_product"": [""scope"", ""full_text_repeated_terms""], ""material"": [""title"", ""scope"", ""full_text_summary_heading"", ""full_text_repeated_terms""], ""primary_subject"": [""title""], ""product_subtype"": [""scope""]}",REVIEW_REQUIRED,True,low_confidence_metadata
IS 702: 1988,INDUSTRIAL BITUMEN,,product_standard,,industrial_bitumen,,INDUSTRIAL BITUMEN,bitumen,,,,high,"{""canonical_product"": [""title""], ""material"": [""title"", ""scope"", ""full_text_summary_heading"", ""full_text_repeated_terms""], ""primary_subject"": [""title""]}",REVIEW_REQUIRED,True,source_grounded_fallback_requires_review
IS 7098 (Part 1): 1988,CROSSLINKED POLYETHYLENE,CROSSLINKED POLYETHYLENE INSULATED THERMOPLASTIC SHEATHED CABLES PART-1 FOR WORKING VOLTAGES UP TO AND INCLUDING 1 100 VOLTS,product_standard,,thermal_insulation,,CROSSLINKED POLYETHYLENE INSULATED THERMOPLASTIC SHEATHED CABLES PART-1 FOR WORKING VOLTAGES UP TO AND INCLUDING 1 100 VOLTS,PVC,,,,high,"{""canonical_product"": [""full_text_repeated_terms""], ""material"": [""scope"", ""full_text_repeated_terms""], ""primary_subject"": [""title""]}",REVIEW_REQUIRED,True,low_confidence_metadata
IS 712: 1984,BUILDING LIMES,,product_standard,,building_limes,,BUILDING LIMES,concrete,,,,high,"{""canonical_product"": [""title""], ""material"": [""full_text_repeated_terms""], ""primary_subject"": [""title""]}",REVIEW_REQUIRED,True,source_grounded_fallback_requires_review
IS 7193: 1974,GLASS FIBRE BASE BITUMEN FELTS,,product_standard,,glass,,GLASS FIBRE BASE BITUMEN FELTS,bitumen,waterproofing,waterproofing,glass; waterproofing,high,"{""application"": [""scope"", ""full_text_repeated_terms""], ""applies_to_product_families"": [""title"", ""scope""], ""canonical_product"": [""title"", ""scope"", ""full_text_summary_heading"", ""full_text_repeated_terms""], ""function"": [""scope""], ""material"": [""title"", ""scope"", ""full_text_summary_heading"", ""full_text_repeated_terms""], ""primary_subject"": [""title""]}",RESOLVED_PRODUCT,False,
IS 7196: 1974,HOLD FAST,HOLD FAST . 1. Scope — Requirements for mild steel hold fasts for use with wooden doors and window frames.,material_standard,,door,,HOLD FAST . 1. Scope — Requirements for mild steel hold fasts for use with wooden doors and window frames,steel,door and window construction,,door_window,high,"{""application"": [""title"", ""scope"", ""full_text_summary_heading"", ""full_text_repeated_terms""], ""applies_to_product_families"": [""title"", ""scope""], ""canonical_product"": [""title"", ""scope"", ""full_text_summary_heading"", ""full_text_repeated_terms""], ""material"": [""title"", ""scope"", ""full_text_summary_heading"", ""full_text_repeated_terms""], ""primary_subject"": [""title""]}",REVIEW_REQUIRED,True,low_confidence_metadata
IS 7197: 1974,DOUBLE ACTION  FLOOR SPRINGS,,product_standard,,door,,DOUBLE ACTION FLOOR SPRINGS,cast iron,flooring,,door_window,high,"{""application"": [""title"", ""scope"", ""full_text_summary_heading"", ""full_text_repeated_terms""], ""applies_to_product_families"": [""title"", ""scope""], ""canonical_product"": [""scope"", ""full_text_repeated_terms""], ""material"": [""full_text_repeated_terms""], ""primary_subject"": [""title""]}",RESOLVED_PRODUCT,False,
IS 7226: 1974,"COLD–ROLLED MEDIUM, HIGH CARBON AND LOW","COLD–ROLLED MEDIUM, HIGH CARBON AND LOW ALLOY STEEL STRIP FOR GENERAL ENGINEERING PURPOSES For detailed information, refer to IS 7226 : 1974 Specification for cold-rolled medium, high carbon and low alloy steel strip for general engineering purposes.",material_standard,,steel_strip,,"COLD–ROLLED MEDIUM, HIGH CARBON AND LOW ALLOY STEEL STRIP FOR GENERAL ENGINEERING PURPOSES For detailed information, refer to IS 7226 : 1974 Specification for cold-rolled medium, high carbon and low alloy steel strip for general engineering",steel,,,steel,high,"{""applies_to_product_families"": [""title"", ""scope""], ""canonical_product"": [""title"", ""scope"", ""full_text_summary_heading"", ""full_text_repeated_terms""], ""material"": [""title"", ""scope"", ""full_text_summary_heading"", ""full_text_repeated_terms""], ""primary_subject"": [""title""]}",RESOLVED_PRODUCT,False,
IS 7231: 1994,PLASTIC FLUSHING CISTERNS FOR WATER,PLASTIC FLUSHING CISTERNS FOR WATER CLOSETS AND URINALS,product_standard,,pipe,,PLASTIC FLUSHING CISTERNS FOR WATER CLOSETS AND URINALS,HDPE,,,,high,"{""canonical_product"": [""full_text_repeated_terms""], ""material"": [""full_text_repeated_terms""], ""primary_subject"": [""title""]}",REVIEW_REQUIRED,True,low_confidence_metadata
IS 723: 1972,STEEL COUNTER SUNK HEAD WIRE NAILS,,material_standard,,pipe_fitting,,STEEL COUNTER SUNK HEAD WIRE NAILS,steel,,,,high,"{""canonical_product"": [""full_text_repeated_terms""], ""material"": [""title"", ""scope"", ""full_text_summary_heading"", ""full_text_repeated_terms""], ""primary_subject"": [""title""]}",REVIEW_REQUIRED,True,low_confidence_metadata
IS 725: 1961,COPPER WIRE NAILS,,product_standard,,coating,,COPPER WIRE NAILS,,,,,high,"{""canonical_product"": [""full_text_repeated_terms""], ""primary_subject"": [""title""]}",REVIEW_REQUIRED,True,low_confidence_metadata
IS 7280: 1974,BARE WIRE ELECTRODES FOR SUBMERGED ARC,BARE WIRE ELECTRODES FOR SUBMERGED ARC WELDING OF STRUCTURAL STEELS 1. Scope – Requirements of solid filler wires for submerged arc welding of structural steels,material_standard,,paint,,BARE WIRE ELECTRODES FOR SUBMERGED ARC WELDING OF STRUCTURAL STEELS 1. Scope – Requirements of solid filler wires for submerged arc welding of structural steels,,,,coating; welding,high,"{""applies_to_product_families"": [""title"", ""scope""], ""canonical_product"": [""title"", ""scope"", ""full_text_summary_heading"", ""full_text_repeated_terms""], ""primary_subject"": [""title""]}",REVIEW_REQUIRED,True,low_confidence_metadata
IS 7308: 1999,NON-CONIFEROUS LOGS,,material_standard,,timber,,NON-CONIFEROUS LOGS,timber,,,timber,high,"{""applies_to_product_families"": [""title"", ""scope""], ""canonical_product"": [""scope"", ""full_text_repeated_terms""], ""material"": [""scope"", ""full_text_repeated_terms""], ""primary_subject"": [""title""]}",RESOLVED_PRODUCT,False,
IS 7316: 1974,DECORATIVE PLYWOOD USING PLURALITY,DECORATIVE PLYWOOD USING PLURALITY OF VENEER FOR DECORATIVE FACES 1. Scope – Covers decorative plywood with ornamental faces produced by use of plurality of veneers,product_standard,,board,plywood,plywood,timber,,,wood_board,high,"{""applies_to_product_families"": [""title"", ""scope""], ""canonical_product"": [""title"", ""scope"", ""full_text_summary_heading"", ""full_text_repeated_terms""], ""material"": [""full_text_repeated_terms""], ""primary_subject"": [""title""], ""product_subtype"": [""title"", ""scope"", ""full_text_summary_heading""]}",RESOLVED_PRODUCT,False,
IS 733: 1983,WROUGHT ALUMINIUM AND ALUMINIUM,"WROUGHT ALUMINIUM AND ALUMINIUM ALLOY BARS, RODS AND SECTIONS FOR GENERAL ENGINEERING PURPOSES",product_standard,,rod,,"WROUGHT ALUMINIUM AND ALUMINIUM ALLOY BARS, RODS AND SECTIONS FOR GENERAL ENGINEERING PURPOSES",aluminium,roofing,,welding,high,"{""application"": [""full_text_repeated_terms""], ""applies_to_product_families"": [""title"", ""scope""], ""canonical_product"": [""title"", ""scope"", ""full_text_summary_heading"", ""full_text_repeated_terms""], ""material"": [""title"", ""scope"", ""full_text_summary_heading"", ""full_text_repeated_terms""], ""primary_subject"": [""title""]}",RESOLVED_PRODUCT,False,
IS 736: 1986,WROUGHT ALUMINIUM AND ALUMINIUM ALLOY,WROUGHT ALUMINIUM AND ALUMINIUM ALLOY PLATE FOR GENERAL ENGINEERING PURPOSES,product_standard,,pipe_fitting,,WROUGHT ALUMINIUM AND ALUMINIUM ALLOY PLATE FOR GENERAL ENGINEERING PURPOSES,aluminium,roofing,,,high,"{""application"": [""full_text_repeated_terms""], ""canonical_product"": [""full_text_repeated_terms""], ""material"": [""title"", ""scope"", ""full_text_summary_heading"", ""full_text_repeated_terms""], ""primary_subject"": [""title""]}",REVIEW_REQUIRED,True,low_confidence_metadata
IS 737: 1986,WROUGHT ALUMINIUM AND ALUMINIUM ALLOY,WROUGHT ALUMINIUM AND ALUMINIUM ALLOY SHEET AND STRIP FOR GENERAL ENGINEERING PURPOSES,product_standard,,pipe_fitting,,WROUGHT ALUMINIUM AND ALUMINIUM ALLOY SHEET AND STRIP FOR GENERAL ENGINEERING PURPOSES,aluminium,roofing,,,high,"{""application"": [""full_text_repeated_terms""], ""canonical_product"": [""full_text_repeated_terms""], ""material"": [""title"", ""scope"", ""full_text_summary_heading"", ""full_text_repeated_terms""], ""primary_subject"": [""title""]}",REVIEW_REQUIRED,True,low_confidence_metadata
IS 739: 1992,WROUGHT ALUMINIUM AND ALUMINIUM,WROUGHT ALUMINIUM AND ALUMINIUM ALLOYS-WIRE FOR GENERAL ENGINEERING PURPOSES,product_standard,,rivet,,WROUGHT ALUMINIUM AND ALUMINIUM ALLOYS-WIRE FOR GENERAL ENGINEERING PURPOSES,aluminium,roofing,,,high,"{""application"": [""full_text_repeated_terms""], ""canonical_product"": [""full_text_repeated_terms""], ""material"": [""title"", ""scope"", ""full_text_summary_heading"", ""full_text_repeated_terms""], ""primary_subject"": [""title""]}",REVIEW_REQUIRED,True,low_confidence_metadata
IS 73: 1992,PAVING BITUMEN,,product_standard,,paving_bitumen,,PAVING BITUMEN,bitumen,,,,high,"{""canonical_product"": [""title""], ""material"": [""title"", ""full_text_summary_heading"", ""full_text_repeated_terms""], ""primary_subject"": [""title""]}",REVIEW_REQUIRED,True,source_grounded_fallback_requires_review
IS 740: 1977,WROUGHT ALUMINIUM ALLOY RIVET STOCK FOR,WROUGHT ALUMINIUM ALLOY RIVET STOCK FOR GENERAL ENGINEERING PURPOSES,product_standard,,rivet,,WROUGHT ALUMINIUM ALLOY RIVET STOCK FOR GENERAL ENGINEERING PURPOSES,aluminium,roofing,structural_fastening,fastener,high,"{""application"": [""full_text_repeated_terms""], ""applies_to_product_families"": [""title"", ""scope""], ""canonical_product"": [""title"", ""scope"", ""full_text_summary_heading"", ""full_text_repeated_terms""], ""function"": [""title"", ""scope"", ""full_text_summary_heading""], ""material"": [""title"", ""scope"", ""full_text_summary_heading"", ""full_text_repeated_terms""], ""primary_subject"": [""title""]}",RESOLVED_PRODUCT,False,
IS 7452: 1990,"HOT ROLLED STEEL SECTIONS FOR DOORS,","HOT ROLLED STEEL SECTIONS FOR DOORS, WINDOWS AND VENTILATORS",material_standard,,window,,"HOT ROLLED STEEL SECTIONS FOR DOORS, WINDOWS AND VENTILATORS",steel,,,door_window; steel,high,"{""applies_to_product_families"": [""title"", ""scope""], ""canonical_product"": [""title"", ""scope"", ""full_text_summary_heading"", ""full_text_repeated_terms""], ""material"": [""title"", ""scope"", ""full_text_summary_heading"", ""full_text_repeated_terms""], ""primary_subject"": [""title""]}",RESOLVED_PRODUCT,False,
IS 7556: 1988,BURNT CLAY  JALLIES,,product_standard,,burnt_clay_jallies,,BURNT CLAY JALLIES,clay,,,,high,"{""canonical_product"": [""title""], ""material"": [""title"", ""scope"", ""full_text_summary_heading"", ""full_text_repeated_terms""], ""primary_subject"": [""title""]}",REVIEW_REQUIRED,True,source_grounded_fallback_requires_review
IS 771 (Part 1): 1979,GLAZED FIRE–CLAY SANITARY,GLAZED FIRE–CLAY SANITARY APPLIANCES PART 1 GENERAL REQUIREMENTS,test_method,,,,GLAZED FIRE–CLAY SANITARY APPLIANCES PART 1 GENERAL REQUIREMENTS,clay,flooring,,sanitary_fixture,high,"{""application"": [""full_text_repeated_terms""], ""applies_to_product_families"": [""title"", ""scope""], ""canonical_product"": [""full_text_repeated_terms""], ""material"": [""title"", ""scope"", ""full_text_summary_heading"", ""full_text_repeated_terms""], ""primary_subject"": [""title""]}",RESOLVED_NON_PRODUCT,False,
IS 771 (Part 2): 1985,GLAZED FIRE – CLAY SANITARY,GLAZED FIRE – CLAY SANITARY APPLIANCES PART 2 SPECIFIC REQUIREMENTS OF KITCHEN AND LABORATORY SINKS,product_standard,,sink,,GLAZED FIRE – CLAY SANITARY APPLIANCES PART 2 SPECIFIC REQUIREMENTS OF KITCHEN AND LABORATORY SINKS,clay,,,sanitary_fixture,high,"{""applies_to_product_families"": [""title"", ""scope""], ""canonical_product"": [""title"", ""scope"", ""full_text_summary_heading"", ""full_text_repeated_terms""], ""material"": [""title"", ""scope"", ""full_text_summary_heading"", ""full_text_repeated_terms""], ""primary_subject"": [""title""]}",RESOLVED_PRODUCT,False,
IS 771 (Part 5): 1979,"GLAZED FIRE  CLAY APPLIANCES,","GLAZED FIRE CLAY APPLIANCES, PART 5 SPECIFIC REQUIREMENTS OF SHOWER TRAYS",product_standard,,clay_appliances_shower_trays,,"GLAZED FIRE CLAY APPLIANCES, PART 5 SPECIFIC REQUIREMENTS OF SHOWER TRAYS",clay,,,,high,"{""canonical_product"": [""title""], ""material"": [""title"", ""scope"", ""full_text_summary_heading"", ""full_text_repeated_terms""], ""primary_subject"": [""title""]}",REVIEW_REQUIRED,True,source_grounded_fallback_requires_review
IS 771 (Part 7): 1981,GLAZED FIRE CLAY SANITARY,"GLAZED FIRE CLAY SANITARY APPLIANCES, PART 7 SPECIFIC REQUIREMENTS OF SLOP SINKS",product_standard,,sink,,"GLAZED FIRE CLAY SANITARY APPLIANCES, PART 7 SPECIFIC REQUIREMENTS OF SLOP SINKS",clay,flooring,,sanitary_fixture,high,"{""application"": [""full_text_repeated_terms""], ""applies_to_product_families"": [""title"", ""scope""], ""canonical_product"": [""title"", ""scope"", ""full_text_summary_heading"", ""full_text_repeated_terms""], ""material"": [""title"", ""scope"", ""full_text_summary_heading"", ""full_text_repeated_terms""], ""primary_subject"": [""title""]}",RESOLVED_PRODUCT,False,
IS 772: 1973,GENERAL  REQUIREMENT FOR ENAMELLED CAST,GENERAL REQUIREMENT FOR ENAMELLED CAST IRON SANITARY APPLIANCES,material_standard,,window,,GENERAL REQUIREMENT FOR ENAMELLED CAST IRON SANITARY APPLIANCES,cast iron,flooring,,,high,"{""application"": [""full_text_repeated_terms""], ""canonical_product"": [""full_text_repeated_terms""], ""material"": [""title"", ""scope"", ""full_text_summary_heading"", ""full_text_repeated_terms""], ""primary_subject"": [""title""]}",REVIEW_REQUIRED,True,low_confidence_metadata
IS 773: 1988,"ENAMELLED CAST IRON WATER–CLOSETS,","ENAMELLED CAST IRON WATER–CLOSETS, RAILWAY COACHING STOCK TYPE",material_standard,,pipe,,"ENAMELLED CAST IRON WATER–CLOSETS, RAILWAY COACHING STOCK TYPE",cast iron,,,,high,"{""canonical_product"": [""full_text_repeated_terms""], ""material"": [""title"", ""scope"", ""full_text_summary_heading"", ""full_text_repeated_terms""], ""primary_subject"": [""title""]}",REVIEW_REQUIRED,True,low_confidence_metadata
IS 775: 1970,CAST IRON BRACKETS AND SUPPORTS,CAST IRON BRACKETS AND SUPPORTS FOR WASH-BASINS AND SINKS,material_standard,,sink,,CAST IRON BRACKETS AND SUPPORTS FOR WASH-BASINS AND SINKS,cast iron,flooring,,sanitary_fixture,high,"{""application"": [""full_text_repeated_terms""], ""applies_to_product_families"": [""title"", ""scope""], ""canonical_product"": [""title"", ""scope"", ""full_text_summary_heading"", ""full_text_repeated_terms""], ""material"": [""title"", ""scope"", ""full_text_summary_heading"", ""full_text_repeated_terms""], ""primary_subject"": [""title""]}",RESOLVED_PRODUCT,False,
IS 779: 1994,WATER METERS (DOMESTIC  TYPE),,terminology,,,,WATER METERS (DOMESTIC TYPE),steel,potable water supply,carry_potable_water,fastener,high,"{""application"": [""scope"", ""full_text_repeated_terms""], ""applies_to_product_families"": [""title"", ""scope""], ""canonical_product"": [""full_text_repeated_terms""], ""function"": [""scope""], ""material"": [""full_text_repeated_terms""], ""primary_subject"": [""title""]}",RESOLVED_NON_PRODUCT,False,
IS 782: 1978,CAULKING LEAD,,installation,,,,CAULKING LEAD,,water supply,,,high,"{""application"": [""scope"", ""full_text_repeated_terms""], ""primary_subject"": [""title""]}",REVIEW_REQUIRED,True,low_confidence_metadata
IS 7834 (Part 2): 1987,INJECTION MOULDED PVC SOCKET,INJECTION MOULDED PVC SOCKET FITTINGS WITH SOLVENT CEMENT JOINTS FOR WATER SUPPLIES PART 2 SPECIFIC REQUIREMENTS FOR 45° ELBOWS.,material_standard,,pipe_fitting,socket,socket,PVC,,,cement; electrical; pipe_water_drainage,high,"{""applies_to_product_families"": [""title"", ""scope""], ""canonical_product"": [""title"", ""full_text_summary_heading"", ""full_text_repeated_terms""], ""material"": [""title"", ""scope"", ""full_text_summary_heading"", ""full_text_repeated_terms""], ""primary_subject"": [""title""], ""product_subtype"": [""title"", ""full_text_summary_heading""]}",RESOLVED_PRODUCT,False,
IS 7834 (Part 3): 1987,– INJECTION MOULDED PVC SOCKET,– INJECTION MOULDED PVC SOCKET FITTINGS WITH SOLVENT CEMENT JOINTS FOR WATER SUPPLIES PART-3 SPECIFIC REQUIREMENTS FOR 900 ELBOWS First Revision,material_standard,,pipe_fitting,socket,socket,PVC,,,cement; electrical; pipe_water_drainage,high,"{""applies_to_product_families"": [""title"", ""scope""], ""canonical_product"": [""title"", ""full_text_summary_heading"", ""full_text_repeated_terms""], ""material"": [""title"", ""scope"", ""full_text_summary_heading"", ""full_text_repeated_terms""], ""primary_subject"": [""title""], ""product_subtype"": [""title"", ""full_text_summary_heading""]}",RESOLVED_PRODUCT,False,
IS 7834 (Part 4): 1987,– INJECTION MOULDED PVC SOCKET,– INJECTION MOULDED PVC SOCKET FITTINGS WITH SOLVENT CEMENT JOINTS FOR WATER SUPPLIES PART 4 SPECIFIC REQUIREMENTS FOR 90° TEES,material_standard,,pipe_fitting,tee,tee,PVC,,,cement; electrical; pipe_water_drainage,high,"{""applies_to_product_families"": [""title"", ""scope""], ""canonical_product"": [""title"", ""scope"", ""full_text_summary_heading"", ""full_text_repeated_terms""], ""material"": [""title"", ""scope"", ""full_text_summary_heading"", ""full_text_repeated_terms""], ""primary_subject"": [""title""], ""product_subtype"": [""title"", ""scope"", ""full_text_summary_heading""]}",RESOLVED_PRODUCT,False,
IS 7834 (Part 5): 1987,– INJECTION MOULDED PVC SOCKET,– INJECTION MOULDED PVC SOCKET FITTINGS WITH SOLVENT CEMENT JOINTS FOR WATER SUPPLIES PART – 5 SPECIFIC REQUIREMENTS FOR 450 TEES.,material_standard,,pipe_fitting,tee,tee,PVC,,,cement; electrical; pipe_water_drainage,high,"{""applies_to_product_families"": [""title"", ""scope""], ""canonical_product"": [""title"", ""scope"", ""full_text_summary_heading"", ""full_text_repeated_terms""], ""material"": [""title"", ""scope"", ""full_text_summary_heading"", ""full_text_repeated_terms""], ""primary_subject"": [""title""], ""product_subtype"": [""title"", ""scope"", ""full_text_summary_heading""]}",RESOLVED_PRODUCT,False,
IS 7834 (Part 7): 1987,INJECTION MOULDED PVC SOCKET,INJECTION MOULDED PVC SOCKET FITINGS WITH SOLVENT CEMENT JOINTS FOR WATER SUPPLIES PART 7 SPECIFIC REQUIREMENTS FOR UNIONS.,material_standard,,pipe_fitting,socket,socket,PVC,,,cement; electrical; pipe_water_drainage,high,"{""applies_to_product_families"": [""title"", ""scope""], ""canonical_product"": [""title"", ""full_text_summary_heading"", ""full_text_repeated_terms""], ""material"": [""title"", ""scope"", ""full_text_summary_heading"", ""full_text_repeated_terms""], ""primary_subject"": [""title""], ""product_subtype"": [""title"", ""full_text_summary_heading""]}",REVIEW_REQUIRED,True,low_confidence_metadata
IS 7834 (Part 8): 1987,- INJECTION MOULDED PVC SOCKET,INJECTION MOULDED PVC SOCKET FITTINGS WITH SOLVENT CEMENT JOINTS FOR WATER SUPPLIES PART 8 SPECIFIC REQUIREMENTS FOR CAPS,material_standard,,pipe_fitting,socket,socket,PVC,,,cement; electrical; pipe_water_drainage,high,"{""applies_to_product_families"": [""title"", ""scope""], ""canonical_product"": [""title"", ""full_text_summary_heading"", ""full_text_repeated_terms""], ""material"": [""title"", ""scope"", ""full_text_summary_heading"", ""full_text_repeated_terms""], ""primary_subject"": [""title""], ""product_subtype"": [""title"", ""full_text_summary_heading""]}",RESOLVED_PRODUCT,False,
IS 7887: 1992,MILD STEEL WIRE ROD FOR GENERAL,MILD STEEL WIRE ROD FOR GENERAL ENGINEERING PURPOSES,material_standard,,rod,,MILD STEEL WIRE ROD FOR GENERAL ENGINEERING PURPOSES,steel,,,welding,high,"{""applies_to_product_families"": [""title"", ""scope""], ""canonical_product"": [""title"", ""scope"", ""full_text_summary_heading"", ""full_text_repeated_terms""], ""material"": [""title"", ""scope"", ""full_text_summary_heading"", ""full_text_repeated_terms""], ""primary_subject"": [""title""]}",RESOLVED_PRODUCT,False,
IS 8008 (Part 2): 2003,INJECTION MOULDED HIGH DENSITY,INJECTION MOULDED HIGH DENSITY POLYETHYLENE (HDPE) FITTINGS FOR POTABLE WATER SUPPLIES PART 2 SPECIFIC REQUIREMENTS FOR 90O BENDS,product_standard,,pipe_fitting,bend,bend,HDPE,potable water supply,carry_potable_water,pipe_water_drainage,high,"{""application"": [""title"", ""scope"", ""full_text_summary_heading"", ""full_text_repeated_terms""], ""applies_to_product_families"": [""title"", ""scope""], ""canonical_product"": [""title"", ""scope"", ""full_text_summary_heading"", ""full_text_repeated_terms""], ""function"": [""title"", ""scope"", ""full_text_summary_heading""], ""material"": [""title"", ""full_text_summary_heading"", ""full_text_repeated_terms""], ""primary_subject"": [""title""], ""product_subtype"": [""title"", ""scope"", ""full_text_summary_heading""]}",RESOLVED_PRODUCT,False,
IS 8008 (Part 3): 2003,INJECTION MOULDED HIGH DENSITY,INJECTION MOULDED HIGH DENSITY POLYETHYLENE (HDPE) FITTINGS FOR POTABLE WATER SUPPLIES PART 3 SPECIFIC REQUIREMENTS FOR 90O TEES,product_standard,,pipe_fitting,tee,tee,HDPE,potable water supply,carry_potable_water,pipe_water_drainage,high,"{""application"": [""title"", ""scope"", ""full_text_summary_heading"", ""full_text_repeated_terms""], ""applies_to_product_families"": [""title"", ""scope""], ""canonical_product"": [""title"", ""scope"", ""full_text_summary_heading"", ""full_text_repeated_terms""], ""function"": [""title"", ""scope"", ""full_text_summary_heading""], ""material"": [""title"", ""scope"", ""full_text_summary_heading"", ""full_text_repeated_terms""], ""primary_subject"": [""title""], ""product_subtype"": [""title"", ""scope"", ""full_text_summary_heading""]}",RESOLVED_PRODUCT,False,
IS 8008 (Part 4): 2003,INJECTION MOULDED HIGH DENSITY,INJECTION MOULDED HIGH DENSITY POLYETHYLENE (HDPE) FITTINGS FOR POTABLE WATER SUPPLIES PART 4 SPECIFIC REQUIREMENTS FOR REDUCERS,product_standard,,pipe_fitting,reducer,reducer,HDPE,potable water supply,carry_potable_water,pipe_water_drainage,high,"{""application"": [""title"", ""scope"", ""full_text_summary_heading"", ""full_text_repeated_terms""], ""applies_to_product_families"": [""title"", ""scope""], ""canonical_product"": [""title"", ""scope"", ""full_text_summary_heading"", ""full_text_repeated_terms""], ""function"": [""title"", ""scope"", ""full_text_summary_heading""], ""material"": [""title"", ""scope"", ""full_text_summary_heading"", ""full_text_repeated_terms""], ""primary_subject"": [""title""], ""product_subtype"": [""title"", ""scope"", ""full_text_summary_heading""]}",RESOLVED_PRODUCT,False,
IS 8008 (Part 5): 2003,INJECTION MOULDED HIGH DENSITY,INJECTION MOULDED HIGH DENSITY POLYETHYLENE (HDPE) FITTINGS FOR POTABLE WATER SUPPLIES PART 5 SPECIFIC REQUIREMENTS FOR FERRULE REDUCERS,product_standard,,pipe_fitting,reducer,reducer,HDPE,potable water supply,carry_potable_water,pipe_water_drainage,high,"{""application"": [""title"", ""scope"", ""full_text_summary_heading"", ""full_text_repeated_terms""], ""applies_to_product_families"": [""title"", ""scope""], ""canonical_product"": [""title"", ""scope"", ""full_text_summary_heading"", ""full_text_repeated_terms""], ""function"": [""title"", ""scope"", ""full_text_summary_heading""], ""material"": [""title"", ""scope"", ""full_text_summary_heading"", ""full_text_repeated_terms""], ""primary_subject"": [""title""], ""product_subtype"": [""title"", ""scope"", ""full_text_summary_heading""]}",RESOLVED_PRODUCT,False,
IS 804: 1967,RECTANGULAR PRESSED STEEL TANKS,,material_standard,,water_tank,,RECTANGULAR PRESSED STEEL TANKS,steel,flooring,,water_storage,high,"{""application"": [""full_text_repeated_terms""], ""applies_to_product_families"": [""title"", ""scope""], ""canonical_product"": [""scope"", ""full_text_repeated_terms""], ""material"": [""title"", ""scope"", ""full_text_summary_heading"", ""full_text_repeated_terms""], ""primary_subject"": [""title""]}",RESOLVED_PRODUCT,False,
IS 8081: 1976,SLOTTED SECTIONS,,material_standard,,steel_section,,SLOTTED SECTIONS,steel,,,steel,high,"{""applies_to_product_families"": [""title"", ""scope""], ""canonical_product"": [""scope"", ""full_text_repeated_terms""], ""material"": [""scope"", ""full_text_repeated_terms""], ""primary_subject"": [""title""]}",RESOLVED_PRODUCT,False,
IS 808: 1989,"DIMENSIONS FOR HOT ROLLED STEELBEAM,","DIMENSIONS FOR HOT ROLLED STEELBEAM, COLUMN, CHANNEL AND ANGLE SECTIONS",material_standard,,channel,,"DIMENSIONS FOR HOT ROLLED STEELBEAM, COLUMN, CHANNEL AND ANGLE SECTIONS",steel,,,precast_concrete,high,"{""applies_to_product_families"": [""title"", ""scope""], ""canonical_product"": [""title"", ""scope"", ""full_text_summary_heading"", ""full_text_repeated_terms""], ""material"": [""full_text_repeated_terms""], ""primary_subject"": [""title""]}",RESOLVED_PRODUCT,False,
IS 809: 1992,RUBBER FLOORING MATERIALS,RUBBER FLOORING MATERIALS FOR GENERAL PURPOSE,material_standard,,waterproofing_membrane,,RUBBER FLOORING MATERIALS FOR GENERAL PURPOSE,bitumen,flooring,thermal_insulation,,high,"{""application"": [""title"", ""scope"", ""full_text_summary_heading"", ""full_text_repeated_terms""], ""canonical_product"": [""full_text_repeated_terms""], ""function"": [""scope""], ""material"": [""full_text_repeated_terms""], ""primary_subject"": [""title""]}",REVIEW_REQUIRED,True,low_confidence_metadata
IS 811: 1987,COLD FORMED LIGHT GAUGE STRUCTURAL STEEL,COLD FORMED LIGHT GAUGE STRUCTURAL STEEL SECTIONS,material_standard,,steel_section,,COLD FORMED LIGHT GAUGE STRUCTURAL STEEL SECTIONS,steel,,,steel,high,"{""applies_to_product_families"": [""title"", ""scope""], ""canonical_product"": [""title"", ""scope"", ""full_text_summary_heading"", ""full_text_repeated_terms""], ""material"": [""title"", ""scope"", ""full_text_summary_heading"", ""full_text_repeated_terms""], ""primary_subject"": [""title""]}",RESOLVED_PRODUCT,False,
IS 814: 2004,COVERED ELECTRODES FOR MANUAL METAL ARC,COVERED ELECTRODES FOR MANUAL METAL ARC WELDING OF CARBON AND CARBON MANGANESE STEEL,material_standard,,electrode,,COVERED ELECTRODES FOR MANUAL METAL ARC WELDING OF CARBON AND CARBON MANGANESE STEEL,steel,,,welding,high,"{""applies_to_product_families"": [""title"", ""scope""], ""canonical_product"": [""title"", ""scope"", ""full_text_summary_heading"", ""full_text_repeated_terms""], ""material"": [""title"", ""scope"", ""full_text_summary_heading"", ""full_text_repeated_terms""], ""primary_subject"": [""title""]}",RESOLVED_PRODUCT,False,
IS 8272: 1984,GYPSUM PLASTER FOR USE IN THE,GYPSUM PLASTER FOR USE IN THE MANUFACTURE OF FIBROUS PLASTER BOARDS,product_standard,,board,,GYPSUM PLASTER FOR USE IN THE MANUFACTURE OF FIBROUS PLASTER BOARDS,timber,railway track,,wood_board,high,"{""application"": [""full_text_repeated_terms""], ""applies_to_product_families"": [""title"", ""scope""], ""canonical_product"": [""title"", ""scope"", ""full_text_summary_heading"", ""full_text_repeated_terms""], ""material"": [""full_text_repeated_terms""], ""primary_subject"": [""title""]}",RESOLVED_PRODUCT,False,
IS 8360 (Part 2): 1977,FABRICATED HIGH DENSITY,FABRICATED HIGH DENSITY POLYETHYLENE (HDPE) FITTINGS FOR POTABLE WATER SUPPLIES PART 2 SPECIFIC REQUIREMENTS FOR 90O TEES 2.2 Ouside diameters and wall thickness of pipes out of which 90° tees are fabricated shall comply with those,product_standard,,pipe_fitting,tee,tee,HDPE,potable water supply,carry_potable_water,pipe_water_drainage,high,"{""application"": [""title"", ""scope"", ""full_text_summary_heading"", ""full_text_repeated_terms""], ""applies_to_product_families"": [""title"", ""scope""], ""canonical_product"": [""title"", ""scope"", ""full_text_summary_heading"", ""full_text_repeated_terms""], ""function"": [""title"", ""scope"", ""full_text_summary_heading""], ""material"": [""title"", ""scope"", ""full_text_summary_heading"", ""full_text_repeated_terms""], ""primary_subject"": [""title""], ""product_subtype"": [""title"", ""scope"", ""full_text_summary_heading""]}",RESOLVED_PRODUCT,False,
IS 8360 (Part 3): 1977,FABRICATED HIGH  DENSITY POLYETHYLENE,,product_standard,,pipe_fitting,bend,bend,HDPE,potable water supply,carry_potable_water,pipe_water_drainage,high,"{""application"": [""scope"", ""full_text_repeated_terms""], ""applies_to_product_families"": [""title"", ""scope""], ""canonical_product"": [""scope"", ""full_text_repeated_terms""], ""function"": [""scope""], ""material"": [""title"", ""scope"", ""full_text_summary_heading"", ""full_text_repeated_terms""], ""primary_subject"": [""title""], ""product_subtype"": [""scope""]}",RESOLVED_PRODUCT,False,
IS 8363: 1976,BARE WIRE ELECTRODES FOR ELECTROSLAG,BARE WIRE ELECTRODES FOR ELECTROSLAG WELDING OF STEELS,material_standard,,electrode,,BARE WIRE ELECTRODES FOR ELECTROSLAG WELDING OF STEELS,steel,roofing,,welding,high,"{""application"": [""full_text_repeated_terms""], ""applies_to_product_families"": [""title"", ""scope""], ""canonical_product"": [""title"", ""scope"", ""full_text_summary_heading"", ""full_text_repeated_terms""], ""material"": [""full_text_repeated_terms""], ""primary_subject"": [""title""]}",RESOLVED_PRODUCT,False,
IS 8374: 1977,"BITUMEN MASTIC, ANTI-STATIC AND","BITUMEN MASTIC, ANTI-STATIC AND ELECTRICALLY CONDUCTING GRADE",product_standard,,aggregate,,"BITUMEN MASTIC, ANTI-STATIC AND ELECTRICALLY CONDUCTING GRADE",bitumen,flooring,flooring,,high,"{""application"": [""scope"", ""full_text_repeated_terms""], ""canonical_product"": [""full_text_repeated_terms""], ""function"": [""scope""], ""material"": [""title"", ""scope"", ""full_text_summary_heading"", ""full_text_repeated_terms""], ""primary_subject"": [""title""]}",REVIEW_REQUIRED,True,low_confidence_metadata
IS 849: 1994,COLD SETTING CASE IN GLUE FOR WOOD,,product_standard,,adhesive,,COLD SETTING CASE IN GLUE FOR WOOD,timber,,,,high,"{""canonical_product"": [""full_text_repeated_terms""], ""material"": [""title"", ""scope"", ""full_text_summary_heading"", ""full_text_repeated_terms""], ""primary_subject"": [""title""]}",REVIEW_REQUIRED,True,low_confidence_metadata
IS 8500: 1991,STRUCTURAL  STEEL- MICRO ALLOYED,,material_standard,,pipe_fitting,,STRUCTURAL STEEL- MICRO ALLOYED,steel,,,,high,"{""canonical_product"": [""full_text_repeated_terms""], ""material"": [""title"", ""full_text_summary_heading"", ""full_text_repeated_terms""], ""primary_subject"": [""title""]}",REVIEW_REQUIRED,True,low_confidence_metadata
IS 851: 1978,SYNTHETIC RESIN ADHESIVES FOR CONSTRUCTION,SYNTHETIC RESIN ADHESIVES FOR CONSTRUCTION WORK (NON-STRUCTURAL) IN WOOD,product_standard,,adhesive,,SYNTHETIC RESIN ADHESIVES FOR CONSTRUCTION WORK (NON-STRUCTURAL) IN WOOD,timber,,,adhesive,high,"{""applies_to_product_families"": [""title"", ""scope""], ""canonical_product"": [""title"", ""scope"", ""full_text_summary_heading"", ""full_text_repeated_terms""], ""material"": [""title"", ""scope"", ""full_text_summary_heading"", ""full_text_repeated_terms""], ""primary_subject"": [""title""]}",RESOLVED_PRODUCT,False,
IS 852: 1994,ANIMAL GLUE FOR GENERAL WOOD-WORKING,ANIMAL GLUE FOR GENERAL WOOD-WORKING PURPOSES,product_standard,,board,,ANIMAL GLUE FOR GENERAL WOOD-WORKING PURPOSES,timber,,,,high,"{""canonical_product"": [""full_text_repeated_terms""], ""material"": [""title"", ""scope"", ""full_text_summary_heading"", ""full_text_repeated_terms""], ""primary_subject"": [""title""]}",REVIEW_REQUIRED,True,low_confidence_metadata
IS 8718: 1978,VITREOUS ENAMELLED STEELKITCHEN SINKS,,material_standard,,sink,,VITREOUS ENAMELLED STEELKITCHEN SINKS,steel,,,sanitary_fixture,high,"{""applies_to_product_families"": [""title"", ""scope""], ""canonical_product"": [""title"", ""scope"", ""full_text_summary_heading"", ""full_text_repeated_terms""], ""material"": [""scope"", ""full_text_repeated_terms""], ""primary_subject"": [""title""]}",RESOLVED_PRODUCT,False,
IS 8727: 1978,VITREOUS  ENAMELLED STEEL WASH–BASINS,"VITREOUS ENAMELLED STEEL WASH–BASINS Note — For test procedures refer to IS 772 : 1973 General requirements for enamelled cast iron sanitary appliances(second revision), and IS 3972. Methods of test for vitreous enamel ware. For detailed information, refer to IS 8727 : 1978 Specification for vitreous enamelled steel wash-basins.",test_method,,,,"VITREOUS ENAMELLED STEEL WASH–BASINS Note — For test procedures refer to IS 772 : 1973 General requirements for enamelled cast iron sanitary appliances(second revision), and IS 3972. Methods of test for vitreous enamel ware. For detailed in",cast iron,,,steel,high,"{""applies_to_product_families"": [""title"", ""scope""], ""canonical_product"": [""full_text_repeated_terms""], ""material"": [""title"", ""full_text_summary_heading"", ""full_text_repeated_terms""], ""primary_subject"": [""title""]}",RESOLVED_NON_PRODUCT,False,
IS 875 (Part 1): 1987,CODE OF PRACTICE FOR DESIGN  LOADS,,code_of_practice,,,,CODE OF PRACTICE FOR DESIGN LOADS,cast iron,roofing,,thermal_insulation,high,"{""application"": [""full_text_repeated_terms""], ""applies_to_product_families"": [""title"", ""scope""], ""canonical_product"": [""full_text_repeated_terms""], ""material"": [""full_text_repeated_terms""], ""primary_subject"": [""title""]}",RESOLVED_NON_PRODUCT,False,
IS 8760: 1978,MORTICE  SLIDING  DOOR LOCKS,MORTICE SLIDING DOOR LOCKS WITH LEVER MECHANISM,product_standard,,door,,MORTICE SLIDING DOOR LOCKS WITH LEVER MECHANISM,steel,door and window construction,,door_window,high,"{""application"": [""title"", ""scope"", ""full_text_summary_heading"", ""full_text_repeated_terms""], ""applies_to_product_families"": [""title"", ""scope""], ""canonical_product"": [""title"", ""scope"", ""full_text_summary_heading"", ""full_text_repeated_terms""], ""material"": [""full_text_repeated_terms""], ""primary_subject"": [""title""]}",RESOLVED_PRODUCT,False,
IS 876: 1992,WOOD POLES  FOR OVER HEAD POWER,WOOD POLES FOR OVER HEAD POWER AND TELECOMMUNICATION LINES,material_standard,,timber,,WOOD POLES FOR OVER HEAD POWER AND TELECOMMUNICATION LINES,timber,,,timber,high,"{""applies_to_product_families"": [""title"", ""scope""], ""canonical_product"": [""scope"", ""full_text_repeated_terms""], ""material"": [""title"", ""scope"", ""full_text_summary_heading"", ""full_text_repeated_terms""], ""primary_subject"": [""title""]}",RESOLVED_PRODUCT,False,
IS 8828: 1996,/IEC 898 (1995) CIRCUIT BREAKERS FOR,/IEC 898 (1995) CIRCUIT BREAKERS FOR OVER CURRENT PROTECTION FOR HOUSEHOLD AND SIMILAR INSTALLATIONS,installation,,,,/IEC 898 (1995) CIRCUIT BREAKERS FOR OVER CURRENT PROTECTION FOR HOUSEHOLD AND SIMILAR INSTALLATIONS,,,,fastener,high,"{""applies_to_product_families"": [""title"", ""scope""], ""canonical_product"": [""full_text_repeated_terms""], ""primary_subject"": [""title""]}",RESOLVED_NON_PRODUCT,False,
IS 8887: 2004,BITUMEN EMULSION FOR ROADS,,product_standard,,cement,,BITUMEN EMULSION FOR ROADS,bitumen,,,,high,"{""canonical_product"": [""full_text_repeated_terms""], ""material"": [""title"", ""scope"", ""full_text_summary_heading"", ""full_text_repeated_terms""], ""primary_subject"": [""title""]}",REVIEW_REQUIRED,True,low_confidence_metadata
IS 9106: 1979,RISING BUTT HINGES,,material_standard,,hinge,,RISING BUTT HINGES,cast iron,,,hardware,high,"{""applies_to_product_families"": [""title"", ""scope""], ""canonical_product"": [""title"", ""scope"", ""full_text_summary_heading"", ""full_text_repeated_terms""], ""material"": [""full_text_repeated_terms""], ""primary_subject"": [""title""]}",RESOLVED_PRODUCT,False,
IS 9131: 1979,RIM LOCKS,,material_standard,,door,,RIM LOCKS,steel,,,door_window,high,"{""applies_to_product_families"": [""title"", ""scope""], ""canonical_product"": [""scope"", ""full_text_repeated_terms""], ""material"": [""full_text_repeated_terms""], ""primary_subject"": [""title""]}",RESOLVED_PRODUCT,False,
IS 9142: 1979,ARTIFICIAL LIGHTWEIGHT AGGREGATES FOR,"ARTIFICIAL LIGHTWEIGHT AGGREGATES FOR CONCRETE MASONRY UNITS 1. Scope — Requirements of artificial lightweight aggregates, such as foamed blast furnace slag, bloated",product_standard,,aggregate,,"ARTIFICIAL LIGHTWEIGHT AGGREGATES FOR CONCRETE MASONRY UNITS 1. Scope — Requirements of artificial lightweight aggregates, such as foamed blast furnace slag, bloated",clay,,,concrete_material,high,"{""applies_to_product_families"": [""title"", ""scope""], ""canonical_product"": [""title"", ""scope"", ""full_text_summary_heading"", ""full_text_repeated_terms""], ""material"": [""scope"", ""full_text_repeated_terms""], ""primary_subject"": [""title""]}",RESOLVED_PRODUCT,False,
IS 9197: 1979,"EPOXY RESIN, HARDENERS AND EPOXY","EPOXY RESIN, HARDENERS AND EPOXY RESIN COMPOSITIONS FOR FLOOR TOPPING } 2.3 Accelerator — Liquids generally tertiary amines. 2.4 Plasticizers and Non-reactive Diluents —",material_standard,,aggregate,,"EPOXY RESIN, HARDENERS AND EPOXY RESIN COMPOSITIONS FOR FLOOR TOPPING } 2.3 Accelerator — Liquids generally tertiary amines. 2.4 Plasticizers and Non-reactive Diluents —",concrete,flooring,,,high,"{""application"": [""title"", ""scope"", ""full_text_summary_heading"", ""full_text_repeated_terms""], ""canonical_product"": [""full_text_repeated_terms""], ""material"": [""full_text_repeated_terms""], ""primary_subject"": [""title""]}",REVIEW_REQUIRED,True,low_confidence_metadata
IS 9394: 1979,STONE LINTELS,STONE LINTELS *Recommendation for dressing of natural building stones,other,,stone,,STONE LINTELS *Recommendation for dressing of natural building stones,,,,stone,high,"{""applies_to_product_families"": [""title"", ""scope""], ""canonical_product"": [""title"", ""scope"", ""full_text_summary_heading"", ""full_text_repeated_terms""], ""primary_subject"": [""title""]}",RESOLVED_PRODUCT,False,
IS 9537 (Part 1): 1980,CONDUITS FOR ELECTRICAL,CONDUITS FOR ELECTRICAL INSTALLATIONS PART 1 - GENERAL REQUIREMENTS,installation,,,,CONDUITS FOR ELECTRICAL INSTALLATIONS PART 1 - GENERAL REQUIREMENTS,,thermal insulation,,pipe_water_drainage,high,"{""application"": [""full_text_repeated_terms""], ""applies_to_product_families"": [""title"", ""scope""], ""canonical_product"": [""full_text_repeated_terms""], ""primary_subject"": [""title""]}",RESOLVED_NON_PRODUCT,False,
IS 9537 (Part 3): 1983,CONDUITS FOR ELECTRICAL,CONDUITS FOR ELECTRICAL INSTALLATIONS PART 3 – RIGID PLAIN CONDUITS OF INSULATING MATERIALS,test_method,,,socket,CONDUITS FOR ELECTRICAL INSTALLATIONS PART 3 – RIGID PLAIN CONDUITS OF INSULATING MATERIALS,,thermal insulation,thermal_insulation,electrical; pipe_water_drainage,high,"{""application"": [""title"", ""scope"", ""full_text_summary_heading"", ""full_text_repeated_terms""], ""applies_to_product_families"": [""title"", ""scope""], ""canonical_product"": [""scope"", ""full_text_repeated_terms""], ""function"": [""title"", ""scope"", ""full_text_summary_heading""], ""primary_subject"": [""title""], ""product_subtype"": [""scope""]}",RESOLVED_NON_PRODUCT,False,
IS 9537 (Part 4): 1983,CONDUITS FOR ELECTRICAL,CONDUITS FOR ELECTRICAL INSTALLATIONS PART 4 – PLIABLE SELF RECOVERING CONDUITS OF INSULATING MATERIALS Note – For details requirements refer to the standard,test_method,,,,CONDUITS FOR ELECTRICAL INSTALLATIONS PART 4 – PLIABLE SELF RECOVERING CONDUITS OF INSULATING MATERIALS Note – For details requirements refer to the standard,,thermal insulation,thermal_insulation,,high,"{""application"": [""title"", ""scope"", ""full_text_summary_heading"", ""full_text_repeated_terms""], ""function"": [""title"", ""scope"", ""full_text_summary_heading""], ""primary_subject"": [""title""]}",REVIEW_REQUIRED,True,low_confidence_metadata
IS 9537 (Part 5): 2000,CONDUITS FOR ELECTRICAL,CONDUITS FOR ELECTRICAL INSTALLATIONS PART 5 – PLIABLE CONDUITS OF INSULATING MATERIAL 1. Scope – This clause of Part 1 of the Standard is,installation,,,,CONDUITS FOR ELECTRICAL INSTALLATIONS PART 5 – PLIABLE CONDUITS OF INSULATING MATERIAL 1. Scope – This clause of Part 1 of the Standard is,concrete,thermal insulation,thermal_insulation,thermal_insulation,high,"{""application"": [""title"", ""scope"", ""full_text_summary_heading"", ""full_text_repeated_terms""], ""applies_to_product_families"": [""title"", ""scope""], ""canonical_product"": [""full_text_repeated_terms""], ""function"": [""title"", ""scope"", ""full_text_summary_heading""], ""material"": [""full_text_repeated_terms""], ""primary_subject"": [""title""]}",RESOLVED_NON_PRODUCT,False,
IS 9537 (Part II): 1981,CONDUITS FOR ELECTRICAL WIRING,"CONDUITS FOR ELECTRICAL WIRING PART 2 RIGID STEEL CONDUITS Note 1 – For requirement regarding gauge for checking minimum and maximum outside diameter of conduits, measurement of thickness and screw threads, refer to the standard. Note 2 – For test details and provisions regarding external influences, refer to the standard and IS 9537 (Part 1) : 1980 Conduits",test_method,,,,"CONDUITS FOR ELECTRICAL WIRING PART 2 RIGID STEEL CONDUITS Note 1 – For requirement regarding gauge for checking minimum and maximum outside diameter of conduits, measurement of thickness and screw threads, refer to the standard. Note 2 – F",steel,,structural_fastening,fastener,high,"{""applies_to_product_families"": [""title"", ""scope""], ""canonical_product"": [""title"", ""full_text_summary_heading"", ""full_text_repeated_terms""], ""function"": [""title"", ""full_text_summary_heading""], ""material"": [""title"", ""scope"", ""full_text_summary_heading"", ""full_text_repeated_terms""], ""primary_subject"": [""title""]}",RESOLVED_NON_PRODUCT,False,
IS 9893: 1981,PRECAST CONCRETE BLOCKS FOR,"PRECAST CONCRETE BLOCKS FOR LINTELS AND SILLS Note 1 — For details of material, refer to 3 of the standard. Note 2—",material_standard,,block,,"PRECAST CONCRETE BLOCKS FOR LINTELS AND SILLS Note 1 — For details of material, refer to 3 of the standard. Note 2—",timber,door and window construction,,masonry_unit,high,"{""application"": [""full_text_repeated_terms""], ""applies_to_product_families"": [""title"", ""scope""], ""canonical_product"": [""title"", ""full_text_summary_heading"", ""full_text_repeated_terms""], ""material"": [""full_text_repeated_terms""], ""primary_subject"": [""title""]}",RESOLVED_PRODUCT,False,
