query_id,query,positive_standard,positive_title,product,description,style,specificity,source_fields,hard_negative_codes,review_status,review_notes
fcq_is_10019_1981_01,MILD STEEL STAYS AND FASTENERS standard,IS 10019: 1981,MILD STEEL STAYS AND FASTENERS,fastener,MILD STEEL STAYS AND FASTENERS,product_only,specific,primary_subject,IS 7534: 1985;IS 10090: 1982;IS 208: 1996;IS 9106: 1979,generated_from_metadata,
fcq_is_10019_1981_02,steel fastener,IS 10019: 1981,MILD STEEL STAYS AND FASTENERS,fastener,steel construction or composition,product_material,specific,canonical_product;material,IS 7534: 1985;IS 10090: 1982;IS 208: 1996;IS 9106: 1979,generated_from_metadata,
fcq_is_10019_1981_03,fastener for door and window construction,IS 10019: 1981,MILD STEEL STAYS AND FASTENERS,fastener,for door and window construction,product_application,specific,canonical_product;application,IS 7534: 1985;IS 10090: 1982;IS 208: 1996;IS 9106: 1979,generated_from_metadata,
fcq_is_10019_1981_04,steel fastener for door and window construction,IS 10019: 1981,MILD STEEL STAYS AND FASTENERS,fastener,steel product for door and window construction,material_application,specific,canonical_product;material;application,IS 7534: 1985;IS 10090: 1982;IS 208: 1996;IS 9106: 1979,generated_from_metadata,
fcq_is_10019_1981_05,Supply fastener meeting Indian Standard requirements for door and window construction; steel,IS 10019: 1981,MILD STEEL STAYS AND FASTENERS,fastener,door and window construction; steel,tender_sentence,specific,canonical_product;application;material,IS 7534: 1985;IS 10090: 1982;IS 208: 1996;IS 9106: 1979,generated_from_metadata,
fcq_is_10019_1981_06,Need the Indian Standard covering MILD STEEL STAYS AND FASTENERS,IS 10019: 1981,MILD STEEL STAYS AND FASTENERS,fastener,MILD STEEL STAYS AND FASTENERS,natural_language,specific,title,IS 7534: 1985;IS 10090: 1982;IS 208: 1996;IS 9106: 1979,generated_from_metadata,
fcq_is_10019_1981_07,"fastener, door and window construction",IS 10019: 1981,MILD STEEL STAYS AND FASTENERS,fastener,door and window construction,boq_short,general_but_sufficient,canonical_product;application,IS 7534: 1985;IS 10090: 1982;IS 208: 1996;IS 9106: 1979,generated_from_metadata,
fcq_is_10019_1981_08,fasteners for door and window construction,IS 10019: 1981,MILD STEEL STAYS AND FASTENERS,fasteners,door and window construction,alias,general_but_sufficient,product_aliases;application,IS 7534: 1985;IS 10090: 1982;IS 208: 1996;IS 9106: 1979,generated_from_metadata,
fcq_is_10019_1981_09,stay for door and window construction,IS 10019: 1981,MILD STEEL STAYS AND FASTENERS,stay,door and window construction,alias,general_but_sufficient,product_aliases;application,IS 7534: 1985;IS 10090: 1982;IS 208: 1996;IS 9106: 1979,generated_from_metadata,
fcq_is_10019_1981_10,stays for door and window construction,IS 10019: 1981,MILD STEEL STAYS AND FASTENERS,stays,door and window construction,alias,general_but_sufficient,product_aliases;application,IS 7534: 1985;IS 10090: 1982;IS 208: 1996;IS 9106: 1979,generated_from_metadata,
fcq_is_1003_part_1_2003_01,TIMBER PANELLED AND GLAZED SHUTTERS PART 1 DOOR SHUTTERS standard,IS 1003 (Part 1): 2003,TIMBER PANELLED AND GLAZED SHUTTERS PART 1 DOOR SHUTTERS,door,TIMBER PANELLED AND GLAZED SHUTTERS PART 1 DOOR SHUTTERS,product_only,specific,primary_subject,IS 1003 (Part 2): 1994;IS 4021: 1995;IS 14856: 2000;IS 15491: 2004,generated_from_metadata,
fcq_is_1003_part_1_2003_02,timber door,IS 1003 (Part 1): 2003,TIMBER PANELLED AND GLAZED SHUTTERS PART 1 DOOR SHUTTERS,door,timber construction or composition,product_material,specific,canonical_product;material,IS 1003 (Part 2): 1994;IS 4021: 1995;IS 14856: 2000;IS 15491: 2004,generated_from_metadata,
fcq_is_1003_part_1_2003_03,door for flooring,IS 1003 (Part 1): 2003,TIMBER PANELLED AND GLAZED SHUTTERS PART 1 DOOR SHUTTERS,door,for flooring,product_application,specific,canonical_product;application,IS 1003 (Part 2): 1994;IS 4021: 1995;IS 14856: 2000;IS 15491: 2004,generated_from_metadata,
fcq_is_1003_part_1_2003_04,timber door for flooring,IS 1003 (Part 1): 2003,TIMBER PANELLED AND GLAZED SHUTTERS PART 1 DOOR SHUTTERS,door,timber product for flooring,material_application,specific,canonical_product;material;application,IS 1003 (Part 2): 1994;IS 4021: 1995;IS 14856: 2000;IS 15491: 2004,generated_from_metadata,
fcq_is_1003_part_1_2003_05,Supply door meeting Indian Standard requirements for flooring; timber,IS 1003 (Part 1): 2003,TIMBER PANELLED AND GLAZED SHUTTERS PART 1 DOOR SHUTTERS,door,flooring; timber,tender_sentence,specific,canonical_product;application;material,IS 1003 (Part 2): 1994;IS 4021: 1995;IS 14856: 2000;IS 15491: 2004,generated_from_metadata,
fcq_is_1003_part_1_2003_06,Need the Indian Standard covering TIMBER PANELLED AND GLAZED SHUTTERS PART 1 DOOR SHUTTERS,IS 1003 (Part 1): 2003,TIMBER PANELLED AND GLAZED SHUTTERS PART 1 DOOR SHUTTERS,door,TIMBER PANELLED AND GLAZED SHUTTERS PART 1 DOOR SHUTTERS,natural_language,specific,title,IS 1003 (Part 2): 1994;IS 4021: 1995;IS 14856: 2000;IS 15491: 2004,generated_from_metadata,
fcq_is_1003_part_1_2003_07,"door, flooring",IS 1003 (Part 1): 2003,TIMBER PANELLED AND GLAZED SHUTTERS PART 1 DOOR SHUTTERS,door,flooring,boq_short,general_but_sufficient,canonical_product;application,IS 1003 (Part 2): 1994;IS 4021: 1995;IS 14856: 2000;IS 15491: 2004,generated_from_metadata,
fcq_is_1003_part_1_2003_08,door frame for flooring,IS 1003 (Part 1): 2003,TIMBER PANELLED AND GLAZED SHUTTERS PART 1 DOOR SHUTTERS,door frame,flooring,alias,general_but_sufficient,product_aliases;application,IS 1003 (Part 2): 1994;IS 4021: 1995;IS 14856: 2000;IS 15491: 2004,generated_from_metadata,
fcq_is_1003_part_1_2003_09,door frames for flooring,IS 1003 (Part 1): 2003,TIMBER PANELLED AND GLAZED SHUTTERS PART 1 DOOR SHUTTERS,door frames,flooring,alias,general_but_sufficient,product_aliases;application,IS 1003 (Part 2): 1994;IS 4021: 1995;IS 14856: 2000;IS 15491: 2004,generated_from_metadata,
fcq_is_1003_part_1_2003_10,doors for flooring,IS 1003 (Part 1): 2003,TIMBER PANELLED AND GLAZED SHUTTERS PART 1 DOOR SHUTTERS,doors,flooring,alias,general_but_sufficient,product_aliases;application,IS 1003 (Part 2): 1994;IS 4021: 1995;IS 14856: 2000;IS 15491: 2004,generated_from_metadata,
fcq_is_1003_part_2_1994_01,TIMBER PANELLED AND GLAZED SHUTTERS PART 2 – WINDOW AND VENTILATOR SHUTTERS standard,IS 1003 (Part 2): 1994,TIMBER PANELLED AND GLAZED SHUTTERS PART 2 – WINDOW AND VENTILATOR SHUTTERS,window,TIMBER PANELLED AND GLAZED SHUTTERS PART 2 – WINDOW AND VENTILATOR SHUTTERS,product_only,specific,primary_subject,IS 1003 (Part 1): 2003;IS 4021: 1995;IS 15491: 2004;IS 8081: 1976,generated_from_metadata,
fcq_is_1003_part_2_1994_02,timber window,IS 1003 (Part 2): 1994,TIMBER PANELLED AND GLAZED SHUTTERS PART 2 – WINDOW AND VENTILATOR SHUTTERS,window,timber construction or composition,product_material,specific,canonical_product;material,IS 1003 (Part 1): 2003;IS 4021: 1995;IS 15491: 2004;IS 8081: 1976,generated_from_metadata,
fcq_is_1003_part_2_1994_03,window for door and window construction,IS 1003 (Part 2): 1994,TIMBER PANELLED AND GLAZED SHUTTERS PART 2 – WINDOW AND VENTILATOR SHUTTERS,window,for door and window construction,product_application,specific,canonical_product;application,IS 1003 (Part 1): 2003;IS 4021: 1995;IS 15491: 2004;IS 8081: 1976,generated_from_metadata,
fcq_is_1003_part_2_1994_04,timber window for door and window construction,IS 1003 (Part 2): 1994,TIMBER PANELLED AND GLAZED SHUTTERS PART 2 – WINDOW AND VENTILATOR SHUTTERS,window,timber product for door and window construction,material_application,specific,canonical_product;material;application,IS 1003 (Part 1): 2003;IS 4021: 1995;IS 15491: 2004;IS 8081: 1976,generated_from_metadata,
fcq_is_1003_part_2_1994_05,Supply window meeting Indian Standard requirements for door and window construction; timber,IS 1003 (Part 2): 1994,TIMBER PANELLED AND GLAZED SHUTTERS PART 2 – WINDOW AND VENTILATOR SHUTTERS,window,door and window construction; timber,tender_sentence,specific,canonical_product;application;material,IS 1003 (Part 1): 2003;IS 4021: 1995;IS 15491: 2004;IS 8081: 1976,generated_from_metadata,
fcq_is_1003_part_2_1994_06,Need the Indian Standard covering TIMBER PANELLED AND GLAZED SHUTTERS PART 2 – WINDOW AND VENTILATOR SHUTTERS,IS 1003 (Part 2): 1994,TIMBER PANELLED AND GLAZED SHUTTERS PART 2 – WINDOW AND VENTILATOR SHUTTERS,window,TIMBER PANELLED AND GLAZED SHUTTERS PART 2 – WINDOW AND VENTILATOR SHUTTERS,natural_language,specific,title,IS 1003 (Part 1): 2003;IS 4021: 1995;IS 15491: 2004;IS 8081: 1976,generated_from_metadata,
fcq_is_1003_part_2_1994_07,"window, door and window construction",IS 1003 (Part 2): 1994,TIMBER PANELLED AND GLAZED SHUTTERS PART 2 – WINDOW AND VENTILATOR SHUTTERS,window,door and window construction,boq_short,general_but_sufficient,canonical_product;application,IS 1003 (Part 1): 2003;IS 4021: 1995;IS 15491: 2004;IS 8081: 1976,generated_from_metadata,
fcq_is_1003_part_2_1994_08,ventilator for door and window construction,IS 1003 (Part 2): 1994,TIMBER PANELLED AND GLAZED SHUTTERS PART 2 – WINDOW AND VENTILATOR SHUTTERS,ventilator,door and window construction,alias,general_but_sufficient,product_aliases;application,IS 1003 (Part 1): 2003;IS 4021: 1995;IS 15491: 2004;IS 8081: 1976,generated_from_metadata,
fcq_is_1003_part_2_1994_09,ventilators for door and window construction,IS 1003 (Part 2): 1994,TIMBER PANELLED AND GLAZED SHUTTERS PART 2 – WINDOW AND VENTILATOR SHUTTERS,ventilators,door and window construction,alias,general_but_sufficient,product_aliases;application,IS 1003 (Part 1): 2003;IS 4021: 1995;IS 15491: 2004;IS 8081: 1976,generated_from_metadata,
fcq_is_1003_part_2_1994_10,windows for door and window construction,IS 1003 (Part 2): 1994,TIMBER PANELLED AND GLAZED SHUTTERS PART 2 – WINDOW AND VENTILATOR SHUTTERS,windows,door and window construction,alias,general_but_sufficient,product_aliases;application,IS 1003 (Part 1): 2003;IS 4021: 1995;IS 15491: 2004;IS 8081: 1976,generated_from_metadata,
fcq_is_10124_part_10_1988_01,bend standard,IS 10124 (Part 10): 1988,FABRICATED PVC FITTING FOR POTABLE WATER SUPPLIES. PART 10 SPECIFIC REQUIREMENTS FOR 45O BENDS.,pipe fitting,bend,product_only,specific,product_subtype,IS 10124 (Part 11): 1988;IS 10124 (Part 12): 1988;IS 8008 (Part 1): 2003;IS 2556 (Part 2): 1994,generated_from_metadata,
fcq_is_10124_part_10_1988_02,pipe fitting required to carry potable water,IS 10124 (Part 10): 1988,FABRICATED PVC FITTING FOR POTABLE WATER SUPPLIES. PART 10 SPECIFIC REQUIREMENTS FOR 45O BENDS.,pipe fitting,required to carry potable water,product_function,specific,canonical_product;function,IS 10124 (Part 11): 1988;IS 10124 (Part 12): 1988;IS 8008 (Part 1): 2003;IS 2556 (Part 2): 1994,generated_from_metadata,
fcq_is_10124_part_10_1988_03,PVC pipe fitting,IS 10124 (Part 10): 1988,FABRICATED PVC FITTING FOR POTABLE WATER SUPPLIES. PART 10 SPECIFIC REQUIREMENTS FOR 45O BENDS.,pipe fitting,PVC construction or composition,product_material,specific,canonical_product;material,IS 10124 (Part 11): 1988;IS 10124 (Part 12): 1988;IS 8008 (Part 1): 2003;IS 2556 (Part 2): 1994,generated_from_metadata,
fcq_is_10124_part_10_1988_04,pipe fitting for potable water supply,IS 10124 (Part 10): 1988,FABRICATED PVC FITTING FOR POTABLE WATER SUPPLIES. PART 10 SPECIFIC REQUIREMENTS FOR 45O BENDS.,pipe fitting,for potable water supply,product_application,specific,canonical_product;application,IS 10124 (Part 11): 1988;IS 10124 (Part 12): 1988;IS 8008 (Part 1): 2003;IS 2556 (Part 2): 1994,generated_from_metadata,
fcq_is_10124_part_10_1988_05,bend to carry potable water,IS 10124 (Part 10): 1988,FABRICATED PVC FITTING FOR POTABLE WATER SUPPLIES. PART 10 SPECIFIC REQUIREMENTS FOR 45O BENDS.,pipe fitting,bend required to carry potable water,subtype_function,specific,product_subtype;function,IS 10124 (Part 11): 1988;IS 10124 (Part 12): 1988;IS 8008 (Part 1): 2003;IS 2556 (Part 2): 1994,generated_from_metadata,
fcq_is_10124_part_10_1988_06,PVC pipe fitting for potable water supply,IS 10124 (Part 10): 1988,FABRICATED PVC FITTING FOR POTABLE WATER SUPPLIES. PART 10 SPECIFIC REQUIREMENTS FOR 45O BENDS.,pipe fitting,PVC product for potable water supply,material_application,specific,canonical_product;material;application,IS 10124 (Part 11): 1988;IS 10124 (Part 12): 1988;IS 8008 (Part 1): 2003;IS 2556 (Part 2): 1994,generated_from_metadata,
fcq_is_10124_part_10_1988_07,bend for potable water supply,IS 10124 (Part 10): 1988,FABRICATED PVC FITTING FOR POTABLE WATER SUPPLIES. PART 10 SPECIFIC REQUIREMENTS FOR 45O BENDS.,pipe fitting,bend used for potable water supply,subtype_application,specific,product_subtype;application,IS 10124 (Part 11): 1988;IS 10124 (Part 12): 1988;IS 8008 (Part 1): 2003;IS 2556 (Part 2): 1994,generated_from_metadata,
fcq_is_10124_part_10_1988_08,Supply pipe fitting meeting Indian Standard requirements for potable water supply; carry potable water; PVC,IS 10124 (Part 10): 1988,FABRICATED PVC FITTING FOR POTABLE WATER SUPPLIES. PART 10 SPECIFIC REQUIREMENTS FOR 45O BENDS.,pipe fitting,potable water supply; carry potable water; PVC,tender_sentence,specific,canonical_product;application;function;material,IS 10124 (Part 11): 1988;IS 10124 (Part 12): 1988;IS 8008 (Part 1): 2003;IS 2556 (Part 2): 1994,generated_from_metadata,
fcq_is_10124_part_10_1988_09,Need the Indian Standard covering FABRICATED PVC FITTING FOR POTABLE WATER SUPPLIES. PART 10 SPECIFIC REQUIREMENTS FOR 45O BENDS.,IS 10124 (Part 10): 1988,FABRICATED PVC FITTING FOR POTABLE WATER SUPPLIES. PART 10 SPECIFIC REQUIREMENTS FOR 45O BENDS.,pipe fitting,FABRICATED PVC FITTING FOR POTABLE WATER SUPPLIES. PART 10 SPECIFIC REQUIREMENTS FOR 45O BENDS.,natural_language,specific,title,IS 10124 (Part 11): 1988;IS 10124 (Part 12): 1988;IS 8008 (Part 1): 2003;IS 2556 (Part 2): 1994,generated_from_metadata,
fcq_is_10124_part_10_1988_10,"pipe fitting, potable water supply",IS 10124 (Part 10): 1988,FABRICATED PVC FITTING FOR POTABLE WATER SUPPLIES. PART 10 SPECIFIC REQUIREMENTS FOR 45O BENDS.,pipe fitting,potable water supply,boq_short,general_but_sufficient,canonical_product;application,IS 10124 (Part 11): 1988;IS 10124 (Part 12): 1988;IS 8008 (Part 1): 2003;IS 2556 (Part 2): 1994,generated_from_metadata,
fcq_is_10124_part_11_1988_01,Need the Indian Standard covering FABRICATED PVC FITTING FOR POTABLE WATER SUPPLIES. PART 11 SPECIFIC REQUIREMENTS FOR 30O BENDS.,IS 10124 (Part 11): 1988,FABRICATED PVC FITTING FOR POTABLE WATER SUPPLIES. PART 11 SPECIFIC REQUIREMENTS FOR 30O BENDS.,pipe fitting,FABRICATED PVC FITTING FOR POTABLE WATER SUPPLIES. PART 11 SPECIFIC REQUIREMENTS FOR 30O BENDS.,natural_language,specific,title,IS 10124 (Part 10): 1988;IS 10124 (Part 12): 1988;IS 8008 (Part 1): 2003;IS 2556 (Part 2): 1994,generated_from_metadata,
fcq_is_10124_part_12_1988_01,Need the Indian Standard covering FABRICATED PVC FITTING FOR POTABLE WATER SUPPLIES PART 12 SPECIFIC REQUIREMENTS FOR 22½O BENDS,IS 10124 (Part 12): 1988,FABRICATED PVC FITTING FOR POTABLE WATER SUPPLIES PART 12 SPECIFIC REQUIREMENTS FOR 22½O BENDS,pipe fitting,FABRICATED PVC FITTING FOR POTABLE WATER SUPPLIES PART 12 SPECIFIC REQUIREMENTS FOR 22½O BENDS,natural_language,specific,title,IS 10124 (Part 10): 1988;IS 10124 (Part 11): 1988;IS 8008 (Part 1): 2003;IS 2556 (Part 2): 1994,generated_from_metadata,
fcq_is_10124_part_13_1988_01,Need the Indian Standard covering FABRICATED PVC FITTING FOR POTABLE WATER SUPPLIES PART 13 SPECIFIC REQUIREMENTS FOR 11¼O BENDS,IS 10124 (Part 13): 1988,FABRICATED PVC FITTING FOR POTABLE WATER SUPPLIES PART 13 SPECIFIC REQUIREMENTS FOR 11¼O BENDS,pipe fitting,FABRICATED PVC FITTING FOR POTABLE WATER SUPPLIES PART 13 SPECIFIC REQUIREMENTS FOR 11¼O BENDS,natural_language,specific,title,IS 10124 (Part 10): 1988;IS 10124 (Part 11): 1988;IS 8008 (Part 1): 2003;IS 2556 (Part 2): 1994,generated_from_metadata,
fcq_is_10124_part_2_1988_01,socket standard,IS 10124 (Part 2): 1988,FABRICATED PVC FITTINGS FOR POTABLE WATER SUPPLIES PART 2 SPECIFIC REQUIREMENTS FOR SOCKETS,pipe fitting,socket,product_only,specific,product_subtype,IS 10124 (Part 5): 1988;IS 10124 (Part 3): 1988;IS 7834: 1987;IS 2556 (Part 2): 1994,generated_from_metadata,
fcq_is_10124_part_2_1988_02,socket to carry potable water,IS 10124 (Part 2): 1988,FABRICATED PVC FITTINGS FOR POTABLE WATER SUPPLIES PART 2 SPECIFIC REQUIREMENTS FOR SOCKETS,pipe fitting,socket required to carry potable water,subtype_function,specific,product_subtype;function,IS 10124 (Part 5): 1988;IS 10124 (Part 3): 1988;IS 7834: 1987;IS 2556 (Part 2): 1994,generated_from_metadata,
fcq_is_10124_part_2_1988_03,socket for potable water supply,IS 10124 (Part 2): 1988,FABRICATED PVC FITTINGS FOR POTABLE WATER SUPPLIES PART 2 SPECIFIC REQUIREMENTS FOR SOCKETS,pipe fitting,socket used for potable water supply,subtype_application,specific,product_subtype;application,IS 10124 (Part 5): 1988;IS 10124 (Part 3): 1988;IS 7834: 1987;IS 2556 (Part 2): 1994,generated_from_metadata,
fcq_is_10124_part_2_1988_04,Need the Indian Standard covering FABRICATED PVC FITTINGS FOR POTABLE WATER SUPPLIES PART 2 SPECIFIC REQUIREMENTS FOR SOCKETS,IS 10124 (Part 2): 1988,FABRICATED PVC FITTINGS FOR POTABLE WATER SUPPLIES PART 2 SPECIFIC REQUIREMENTS FOR SOCKETS,pipe fitting,FABRICATED PVC FITTINGS FOR POTABLE WATER SUPPLIES PART 2 SPECIFIC REQUIREMENTS FOR SOCKETS,natural_language,specific,title,IS 10124 (Part 5): 1988;IS 10124 (Part 3): 1988;IS 7834: 1987;IS 2556 (Part 2): 1994,generated_from_metadata,
fcq_is_10124_part_3_1988_01,reducer standard,IS 10124 (Part 3): 1988,FABRICATED PVC FITTINGS FOR PORTABLE WATER SUPPLIES PART 3 SPECIFIC REQUIREMENTS FOR STRAIGHT REDUCER,pipe fitting,reducer,product_only,specific,product_subtype,IS 10124 (Part 5): 1988;IS 10124 (Part 4): 1988;IS 8008 (Part 1): 2003;IS 2556 (Part 2): 1994,generated_from_metadata,
fcq_is_10124_part_3_1988_02,reducer to carry potable water,IS 10124 (Part 3): 1988,FABRICATED PVC FITTINGS FOR PORTABLE WATER SUPPLIES PART 3 SPECIFIC REQUIREMENTS FOR STRAIGHT REDUCER,pipe fitting,reducer required to carry potable water,subtype_function,specific,product_subtype;function,IS 10124 (Part 5): 1988;IS 10124 (Part 4): 1988;IS 8008 (Part 1): 2003;IS 2556 (Part 2): 1994,generated_from_metadata,
fcq_is_10124_part_3_1988_03,reducer for potable water supply,IS 10124 (Part 3): 1988,FABRICATED PVC FITTINGS FOR PORTABLE WATER SUPPLIES PART 3 SPECIFIC REQUIREMENTS FOR STRAIGHT REDUCER,pipe fitting,reducer used for potable water supply,subtype_application,specific,product_subtype;application,IS 10124 (Part 5): 1988;IS 10124 (Part 4): 1988;IS 8008 (Part 1): 2003;IS 2556 (Part 2): 1994,generated_from_metadata,
fcq_is_10124_part_3_1988_04,Need the Indian Standard covering FABRICATED PVC FITTINGS FOR PORTABLE WATER SUPPLIES PART 3 SPECIFIC REQUIREMENTS FOR STRAIGHT REDUCER,IS 10124 (Part 3): 1988,FABRICATED PVC FITTINGS FOR PORTABLE WATER SUPPLIES PART 3 SPECIFIC REQUIREMENTS FOR STRAIGHT REDUCER,pipe fitting,FABRICATED PVC FITTINGS FOR PORTABLE WATER SUPPLIES PART 3 SPECIFIC REQUIREMENTS FOR STRAIGHT REDUCER,natural_language,specific,title,IS 10124 (Part 5): 1988;IS 10124 (Part 4): 1988;IS 8008 (Part 1): 2003;IS 2556 (Part 2): 1994,generated_from_metadata,
fcq_is_10124_part_4_1988_01,FABRICATED PVC FITTINGS FOR POTABLE WATER SUPPLIES PART 4 SPECIFIC REQUIREMENTS FOR CAPS standard,IS 10124 (Part 4): 1988,FABRICATED PVC FITTINGS FOR POTABLE WATER SUPPLIES PART 4 SPECIFIC REQUIREMENTS FOR CAPS,pipe fitting,FABRICATED PVC FITTINGS FOR POTABLE WATER SUPPLIES PART 4 SPECIFIC REQUIREMENTS FOR CAPS,product_only,specific,primary_subject,IS 10124 (Part 5): 1988;IS 10124 (Part 7): 1988;IS 8008 (Part 1): 2003;IS 2556 (Part 2): 1994,generated_from_metadata,
fcq_is_10124_part_4_1988_02,Need the Indian Standard covering FABRICATED PVC FITTINGS FOR POTABLE WATER SUPPLIES PART 4 SPECIFIC REQUIREMENTS FOR CAPS,IS 10124 (Part 4): 1988,FABRICATED PVC FITTINGS FOR POTABLE WATER SUPPLIES PART 4 SPECIFIC REQUIREMENTS FOR CAPS,pipe fitting,FABRICATED PVC FITTINGS FOR POTABLE WATER SUPPLIES PART 4 SPECIFIC REQUIREMENTS FOR CAPS,natural_language,specific,title,IS 10124 (Part 5): 1988;IS 10124 (Part 7): 1988;IS 8008 (Part 1): 2003;IS 2556 (Part 2): 1994,generated_from_metadata,
fcq_is_10124_part_4_1988_03,bends for potable water supply,IS 10124 (Part 4): 1988,FABRICATED PVC FITTINGS FOR POTABLE WATER SUPPLIES PART 4 SPECIFIC REQUIREMENTS FOR CAPS,bends,potable water supply,alias,general_but_sufficient,product_aliases;application,IS 10124 (Part 5): 1988;IS 10124 (Part 7): 1988;IS 8008 (Part 1): 2003;IS 2556 (Part 2): 1994,generated_from_metadata,
fcq_is_10124_part_4_1988_04,coupler for potable water supply,IS 10124 (Part 4): 1988,FABRICATED PVC FITTINGS FOR POTABLE WATER SUPPLIES PART 4 SPECIFIC REQUIREMENTS FOR CAPS,coupler,potable water supply,alias,general_but_sufficient,product_aliases;application,IS 10124 (Part 5): 1988;IS 10124 (Part 7): 1988;IS 8008 (Part 1): 2003;IS 2556 (Part 2): 1994,generated_from_metadata,
fcq_is_10124_part_5_1988_01,tee standard,IS 10124 (Part 5): 1988,FABRICATED PVC FITTINGS FOR PORTABLE WATER SUPPLIES PART 5 SPECIFIC REQUIREMENT FOR EQUAL TEES,pipe fitting,tee,product_only,specific,product_subtype,IS 10124 (Part 3): 1988;IS 10124 (Part 4): 1988;IS 8008 (Part 1): 2003;IS 2556 (Part 2): 1994,generated_from_metadata,
fcq_is_10124_part_5_1988_02,tee to carry potable water,IS 10124 (Part 5): 1988,FABRICATED PVC FITTINGS FOR PORTABLE WATER SUPPLIES PART 5 SPECIFIC REQUIREMENT FOR EQUAL TEES,pipe fitting,tee required to carry potable water,subtype_function,specific,product_subtype;function,IS 10124 (Part 3): 1988;IS 10124 (Part 4): 1988;IS 8008 (Part 1): 2003;IS 2556 (Part 2): 1994,generated_from_metadata,
fcq_is_10124_part_5_1988_03,tee for potable water supply,IS 10124 (Part 5): 1988,FABRICATED PVC FITTINGS FOR PORTABLE WATER SUPPLIES PART 5 SPECIFIC REQUIREMENT FOR EQUAL TEES,pipe fitting,tee used for potable water supply,subtype_application,specific,product_subtype;application,IS 10124 (Part 3): 1988;IS 10124 (Part 4): 1988;IS 8008 (Part 1): 2003;IS 2556 (Part 2): 1994,generated_from_metadata,
fcq_is_10124_part_5_1988_04,Need the Indian Standard covering FABRICATED PVC FITTINGS FOR PORTABLE WATER SUPPLIES PART 5 SPECIFIC REQUIREMENT FOR EQUAL TEES,IS 10124 (Part 5): 1988,FABRICATED PVC FITTINGS FOR PORTABLE WATER SUPPLIES PART 5 SPECIFIC REQUIREMENT FOR EQUAL TEES,pipe fitting,FABRICATED PVC FITTINGS FOR PORTABLE WATER SUPPLIES PART 5 SPECIFIC REQUIREMENT FOR EQUAL TEES,natural_language,specific,title,IS 10124 (Part 3): 1988;IS 10124 (Part 4): 1988;IS 8008 (Part 1): 2003;IS 2556 (Part 2): 1994,generated_from_metadata,
fcq_is_10124_part_6_1988_01,FABRICATED PVC FITTINGS FOR POTABLE WATER SUPPLIES PART 6 SPECIFIC REQUIREMENTS FOR FLANGED TAIL PIECES WITH METTALLIC FLANGES standard,IS 10124 (Part 6): 1988,FABRICATED PVC FITTINGS FOR POTABLE WATER SUPPLIES PART 6 SPECIFIC REQUIREMENTS FOR FLANGED TAIL PIECES WITH METTALLIC FLANGES,pipe fitting,FABRICATED PVC FITTINGS FOR POTABLE WATER SUPPLIES PART 6 SPECIFIC REQUIREMENTS FOR FLANGED TAIL PIECES WITH METTALLIC FLANGES,product_only,specific,primary_subject,IS 10124 (Part 4): 1988;IS 10124 (Part 3): 1988;IS 8008 (Part 7): 2003;IS 3951 (Part 2): 1975,generated_from_metadata,
fcq_is_10124_part_6_1988_02,Need the Indian Standard covering FABRICATED PVC FITTINGS FOR POTABLE WATER SUPPLIES PART 6 SPECIFIC REQUIREMENTS FOR FLANGED TAIL PIECES WITH METTALLIC FLANGES,IS 10124 (Part 6): 1988,FABRICATED PVC FITTINGS FOR POTABLE WATER SUPPLIES PART 6 SPECIFIC REQUIREMENTS FOR FLANGED TAIL PIECES WITH METTALLIC FLANGES,pipe fitting,FABRICATED PVC FITTINGS FOR POTABLE WATER SUPPLIES PART 6 SPECIFIC REQUIREMENTS FOR FLANGED TAIL PIECES WITH METTALLIC FLANGES,natural_language,specific,title,IS 10124 (Part 4): 1988;IS 10124 (Part 3): 1988;IS 8008 (Part 7): 2003;IS 3951 (Part 2): 1975,generated_from_metadata,
fcq_is_10124_part_7_1988_01,FABRICATED PVC FITTINGS FOR POTABLE WATER SUPPLIES PART 7 SPECIFIC REQUIREMENT FOR THREADED ADAPTERS standard,IS 10124 (Part 7): 1988,FABRICATED PVC FITTINGS FOR POTABLE WATER SUPPLIES PART 7 SPECIFIC REQUIREMENT FOR THREADED ADAPTERS,pipe fitting,FABRICATED PVC FITTINGS FOR POTABLE WATER SUPPLIES PART 7 SPECIFIC REQUIREMENT FOR THREADED ADAPTERS,product_only,specific,primary_subject,IS 10124 (Part 4): 1988;IS 10124 (Part 5): 1988;IS 7834: 1987;IS 2556 (Part 2): 1994,generated_from_metadata,
fcq_is_10124_part_7_1988_02,Need the Indian Standard covering FABRICATED PVC FITTINGS FOR POTABLE WATER SUPPLIES PART 7 SPECIFIC REQUIREMENT FOR THREADED ADAPTERS,IS 10124 (Part 7): 1988,FABRICATED PVC FITTINGS FOR POTABLE WATER SUPPLIES PART 7 SPECIFIC REQUIREMENT FOR THREADED ADAPTERS,pipe fitting,FABRICATED PVC FITTINGS FOR POTABLE WATER SUPPLIES PART 7 SPECIFIC REQUIREMENT FOR THREADED ADAPTERS,natural_language,specific,title,IS 10124 (Part 4): 1988;IS 10124 (Part 5): 1988;IS 7834: 1987;IS 2556 (Part 2): 1994,generated_from_metadata,
fcq_is_10124_part_8_1988_01,Need the Indian Standard covering FABRICATED PVC FITTING FOR POTABLE WATER SUPPLIES PART 8 SPECIFIC REQUIREMENTS FOR 90O BENDS.,IS 10124 (Part 8): 1988,FABRICATED PVC FITTING FOR POTABLE WATER SUPPLIES PART 8 SPECIFIC REQUIREMENTS FOR 90O BENDS.,pipe fitting,FABRICATED PVC FITTING FOR POTABLE WATER SUPPLIES PART 8 SPECIFIC REQUIREMENTS FOR 90O BENDS.,natural_language,specific,title,IS 10124 (Part 10): 1988;IS 10124 (Part 11): 1988;IS 8008 (Part 1): 2003;IS 2556 (Part 2): 1994,generated_from_metadata,
fcq_is_10124_part_9_1988_01,Need the Indian Standard covering FABRICATED PVC FITTING FOR POTABLE WATER SUPPLIES PART 9 SPECIFIC REQUIREMENTS FOR 60O BENDS.,IS 10124 (Part 9): 1988,FABRICATED PVC FITTING FOR POTABLE WATER SUPPLIES PART 9 SPECIFIC REQUIREMENTS FOR 60O BENDS.,pipe fitting,FABRICATED PVC FITTING FOR POTABLE WATER SUPPLIES PART 9 SPECIFIC REQUIREMENTS FOR 60O BENDS.,natural_language,specific,title,IS 10124 (Part 10): 1988;IS 10124 (Part 11): 1988;IS 8008 (Part 1): 2003;IS 2556 (Part 2): 1994,generated_from_metadata,
fcq_is_1019_1974_01,RIM LATCHES standard,IS 1019: 1974,RIM LATCHES,latch,RIM LATCHES,product_only,specific,primary_subject,IS 3847: 1992;IS 1341: 1992;IS 4351: 2003;IS 10090: 1982,generated_from_metadata,
fcq_is_1019_1974_02,steel latch,IS 1019: 1974,RIM LATCHES,latch,steel construction or composition,product_material,specific,canonical_product;material,IS 3847: 1992;IS 1341: 1992;IS 4351: 2003;IS 10090: 1982,generated_from_metadata,
fcq_is_1019_1974_03,latch for door and window construction,IS 1019: 1974,RIM LATCHES,latch,for door and window construction,product_application,specific,canonical_product;application,IS 3847: 1992;IS 1341: 1992;IS 4351: 2003;IS 10090: 1982,generated_from_metadata,
fcq_is_1019_1974_04,steel latch for door and window construction,IS 1019: 1974,RIM LATCHES,latch,steel product for door and window construction,material_application,specific,canonical_product;material;application,IS 3847: 1992;IS 1341: 1992;IS 4351: 2003;IS 10090: 1982,generated_from_metadata,
fcq_is_1019_1974_05,Supply latch meeting Indian Standard requirements for door and window construction; steel,IS 1019: 1974,RIM LATCHES,latch,door and window construction; steel,tender_sentence,specific,canonical_product;application;material,IS 3847: 1992;IS 1341: 1992;IS 4351: 2003;IS 10090: 1982,generated_from_metadata,
fcq_is_1019_1974_06,Need the Indian Standard covering RIM LATCHES,IS 1019: 1974,RIM LATCHES,latch,RIM LATCHES,natural_language,specific,title,IS 3847: 1992;IS 1341: 1992;IS 4351: 2003;IS 10090: 1982,generated_from_metadata,
fcq_is_1019_1974_07,"latch, door and window construction",IS 1019: 1974,RIM LATCHES,latch,door and window construction,boq_short,general_but_sufficient,canonical_product;application,IS 3847: 1992;IS 1341: 1992;IS 4351: 2003;IS 10090: 1982,generated_from_metadata,
fcq_is_1019_1974_08,latches for door and window construction,IS 1019: 1974,RIM LATCHES,latches,door and window construction,alias,general_but_sufficient,product_aliases;application,IS 3847: 1992;IS 1341: 1992;IS 4351: 2003;IS 10090: 1982,generated_from_metadata,
fcq_is_1019_1974_09,rim latch for door and window construction,IS 1019: 1974,RIM LATCHES,rim latch,door and window construction,alias,general_but_sufficient,product_aliases;application,IS 3847: 1992;IS 1341: 1992;IS 4351: 2003;IS 10090: 1982,generated_from_metadata,
fcq_is_1019_1974_10,rim latches for door and window construction,IS 1019: 1974,RIM LATCHES,rim latches,door and window construction,alias,general_but_sufficient,product_aliases;application,IS 3847: 1992;IS 1341: 1992;IS 4351: 2003;IS 10090: 1982,generated_from_metadata,
fcq_is_10238_2001_01,FASTENERS – THREADED STEEL FASTENERS – STEP BOLT FOR STEEL STRUCTURES standard,IS 10238: 2001,FASTENERS – THREADED STEEL FASTENERS – STEP BOLT FOR STEEL STRUCTURES,bolt,FASTENERS – THREADED STEEL FASTENERS – STEP BOLT FOR STEEL STRUCTURES,product_only,specific,primary_subject,IS 6639: 1972;IS 12427: 2001;IS 14241: 1995;IS 2372: 2004,generated_from_metadata,
fcq_is_10238_2001_02,bolt required to structural fastening,IS 10238: 2001,FASTENERS – THREADED STEEL FASTENERS – STEP BOLT FOR STEEL STRUCTURES,bolt,required to structural fastening,product_function,specific,canonical_product;function,IS 6639: 1972;IS 12427: 2001;IS 14241: 1995;IS 2372: 2004,generated_from_metadata,
fcq_is_10238_2001_03,steel bolt,IS 10238: 2001,FASTENERS – THREADED STEEL FASTENERS – STEP BOLT FOR STEEL STRUCTURES,bolt,steel construction or composition,product_material,specific,canonical_product;material,IS 6639: 1972;IS 12427: 2001;IS 14241: 1995;IS 2372: 2004,generated_from_metadata,
fcq_is_10238_2001_04,Supply bolt meeting Indian Standard requirements for structural fastening; steel,IS 10238: 2001,FASTENERS – THREADED STEEL FASTENERS – STEP BOLT FOR STEEL STRUCTURES,bolt,structural fastening; steel,tender_sentence,specific,canonical_product;function;material,IS 6639: 1972;IS 12427: 2001;IS 14241: 1995;IS 2372: 2004,generated_from_metadata,
fcq_is_10238_2001_05,Need the Indian Standard covering FASTENERS – THREADED STEEL FASTENERS – STEP BOLT FOR STEEL STRUCTURES,IS 10238: 2001,FASTENERS – THREADED STEEL FASTENERS – STEP BOLT FOR STEEL STRUCTURES,bolt,FASTENERS – THREADED STEEL FASTENERS – STEP BOLT FOR STEEL STRUCTURES,natural_language,specific,title,IS 6639: 1972;IS 12427: 2001;IS 14241: 1995;IS 2372: 2004,generated_from_metadata,
fcq_is_10238_2001_06,bolts for steel,IS 10238: 2001,FASTENERS – THREADED STEEL FASTENERS – STEP BOLT FOR STEEL STRUCTURES,bolts,steel,alias,general_but_sufficient,product_aliases;material,IS 6639: 1972;IS 12427: 2001;IS 14241: 1995;IS 2372: 2004,generated_from_metadata,
fcq_is_10238_2001_07,hexagon head bolt for steel,IS 10238: 2001,FASTENERS – THREADED STEEL FASTENERS – STEP BOLT FOR STEEL STRUCTURES,hexagon head bolt,steel,alias,general_but_sufficient,product_aliases;material,IS 6639: 1972;IS 12427: 2001;IS 14241: 1995;IS 2372: 2004,generated_from_metadata,
fcq_is_10238_2001_08,structural bolt for steel,IS 10238: 2001,FASTENERS – THREADED STEEL FASTENERS – STEP BOLT FOR STEEL STRUCTURES,structural bolt,steel,alias,general_but_sufficient,product_aliases;material,IS 6639: 1972;IS 12427: 2001;IS 14241: 1995;IS 2372: 2004,generated_from_metadata,
fcq_is_10292_1988_01,DIMENSIONAL REQUIREMENTS FOR RUBBER SEALING RINGS FOR C I D. JOINTS IN ASBESTOS CEMENT PIPING standard,IS 10292: 1988,DIMENSIONAL REQUIREMENTS FOR RUBBER SEALING RINGS FOR C I D. JOINTS IN ASBESTOS CEMENT PIPING,cement,DIMENSIONAL REQUIREMENTS FOR RUBBER SEALING RINGS FOR C I D. JOINTS IN ASBESTOS CEMENT PIPING,product_only,specific,primary_subject,IS 3466: 1988;IS 6452: 1989;IS 12988: 1991;IS 14333: 1996,generated_from_metadata,
fcq_is_10292_1988_02,cast iron cement,IS 10292: 1988,DIMENSIONAL REQUIREMENTS FOR RUBBER SEALING RINGS FOR C I D. JOINTS IN ASBESTOS CEMENT PIPING,cement,cast iron construction or composition,product_material,specific,canonical_product;material,IS 3466: 1988;IS 6452: 1989;IS 12988: 1991;IS 14333: 1996,generated_from_metadata,
fcq_is_10292_1988_03,Supply cement meeting Indian Standard requirements for cast iron,IS 10292: 1988,DIMENSIONAL REQUIREMENTS FOR RUBBER SEALING RINGS FOR C I D. JOINTS IN ASBESTOS CEMENT PIPING,cement,cast iron,tender_sentence,specific,canonical_product;material,IS 3466: 1988;IS 6452: 1989;IS 12988: 1991;IS 14333: 1996,generated_from_metadata,
fcq_is_10292_1988_04,Need the Indian Standard covering DIMENSIONAL REQUIREMENTS FOR RUBBER SEALING RINGS FOR C I D. JOINTS IN ASBESTOS CEMENT PIPING,IS 10292: 1988,DIMENSIONAL REQUIREMENTS FOR RUBBER SEALING RINGS FOR C I D. JOINTS IN ASBESTOS CEMENT PIPING,cement,DIMENSIONAL REQUIREMENTS FOR RUBBER SEALING RINGS FOR C I D. JOINTS IN ASBESTOS CEMENT PIPING,natural_language,specific,title,IS 3466: 1988;IS 6452: 1989;IS 12988: 1991;IS 14333: 1996,generated_from_metadata,
fcq_is_10292_1988_05,lime pozzolana mixture for cast iron,IS 10292: 1988,DIMENSIONAL REQUIREMENTS FOR RUBBER SEALING RINGS FOR C I D. JOINTS IN ASBESTOS CEMENT PIPING,lime pozzolana mixture,cast iron,alias,general_but_sufficient,product_aliases;material,IS 3466: 1988;IS 6452: 1989;IS 12988: 1991;IS 14333: 1996,generated_from_metadata,
fcq_is_10292_1988_06,lime-pozzolana concrete for cast iron,IS 10292: 1988,DIMENSIONAL REQUIREMENTS FOR RUBBER SEALING RINGS FOR C I D. JOINTS IN ASBESTOS CEMENT PIPING,lime-pozzolana concrete,cast iron,alias,general_but_sufficient,product_aliases;material,IS 3466: 1988;IS 6452: 1989;IS 12988: 1991;IS 14333: 1996,generated_from_metadata,
fcq_is_10292_1988_07,masonry cement for cast iron,IS 10292: 1988,DIMENSIONAL REQUIREMENTS FOR RUBBER SEALING RINGS FOR C I D. JOINTS IN ASBESTOS CEMENT PIPING,masonry cement,cast iron,alias,general_but_sufficient,product_aliases;material,IS 3466: 1988;IS 6452: 1989;IS 12988: 1991;IS 14333: 1996,generated_from_metadata,
fcq_is_1038_1983_01,"STEEL DOOR, WINDOWS AND VENTILATORS standard",IS 1038: 1983,"STEEL DOOR, WINDOWS AND VENTILATORS",window,"STEEL DOOR, WINDOWS AND VENTILATORS",product_only,specific,primary_subject,IS 1948: 1961;IS 9131: 1979;IS 1019: 1974;IS 702: 1988,generated_from_metadata,
fcq_is_1038_1983_02,steel window,IS 1038: 1983,"STEEL DOOR, WINDOWS AND VENTILATORS",window,steel construction or composition,product_material,specific,canonical_product;material,IS 1948: 1961;IS 9131: 1979;IS 1019: 1974;IS 702: 1988,generated_from_metadata,
fcq_is_1038_1983_03,steel window for door and window construction,IS 1038: 1983,"STEEL DOOR, WINDOWS AND VENTILATORS",window,steel product for door and window construction,material_application,specific,canonical_product;material;application,IS 1948: 1961;IS 9131: 1979;IS 1019: 1974;IS 702: 1988,generated_from_metadata,
fcq_is_1038_1983_04,Supply window meeting Indian Standard requirements for door and window construction; steel,IS 1038: 1983,"STEEL DOOR, WINDOWS AND VENTILATORS",window,door and window construction; steel,tender_sentence,specific,canonical_product;application;material,IS 1948: 1961;IS 9131: 1979;IS 1019: 1974;IS 702: 1988,generated_from_metadata,
fcq_is_1038_1983_05,"Need the Indian Standard covering STEEL DOOR, WINDOWS AND VENTILATORS",IS 1038: 1983,"STEEL DOOR, WINDOWS AND VENTILATORS",window,"STEEL DOOR, WINDOWS AND VENTILATORS",natural_language,specific,title,IS 1948: 1961;IS 9131: 1979;IS 1019: 1974;IS 702: 1988,generated_from_metadata,
fcq_is_10394_1982_01,WOODEN SLEEPERS FOR RAILWAY TRACK standard,IS 10394: 1982,WOODEN SLEEPERS FOR RAILWAY TRACK,timber,WOODEN SLEEPERS FOR RAILWAY TRACK,product_only,specific,primary_subject,IS 3337: 1978;IS 2372: 2004;IS 2548 (Part 2): 1996;IS 212: 1983,generated_from_metadata,
fcq_is_10394_1982_02,steel timber,IS 10394: 1982,WOODEN SLEEPERS FOR RAILWAY TRACK,timber,steel construction or composition,product_material,specific,canonical_product;material,IS 3337: 1978;IS 2372: 2004;IS 2548 (Part 2): 1996;IS 212: 1983,generated_from_metadata,
fcq_is_10394_1982_03,timber for railway track,IS 10394: 1982,WOODEN SLEEPERS FOR RAILWAY TRACK,timber,for railway track,product_application,specific,canonical_product;application,IS 3337: 1978;IS 2372: 2004;IS 2548 (Part 2): 1996;IS 212: 1983,generated_from_metadata,
fcq_is_10394_1982_04,steel timber for railway track,IS 10394: 1982,WOODEN SLEEPERS FOR RAILWAY TRACK,timber,steel product for railway track,material_application,specific,canonical_product;material;application,IS 3337: 1978;IS 2372: 2004;IS 2548 (Part 2): 1996;IS 212: 1983,generated_from_metadata,
fcq_is_10394_1982_05,Supply timber meeting Indian Standard requirements for railway track; steel,IS 10394: 1982,WOODEN SLEEPERS FOR RAILWAY TRACK,timber,railway track; steel,tender_sentence,specific,canonical_product;application;material,IS 3337: 1978;IS 2372: 2004;IS 2548 (Part 2): 1996;IS 212: 1983,generated_from_metadata,
fcq_is_10394_1982_06,Need the Indian Standard covering WOODEN SLEEPERS FOR RAILWAY TRACK,IS 10394: 1982,WOODEN SLEEPERS FOR RAILWAY TRACK,timber,WOODEN SLEEPERS FOR RAILWAY TRACK,natural_language,specific,title,IS 3337: 1978;IS 2372: 2004;IS 2548 (Part 2): 1996;IS 212: 1983,generated_from_metadata,
fcq_is_10394_1982_07,"timber, railway track",IS 10394: 1982,WOODEN SLEEPERS FOR RAILWAY TRACK,timber,railway track,boq_short,general_but_sufficient,canonical_product;application,IS 3337: 1978;IS 2372: 2004;IS 2548 (Part 2): 1996;IS 212: 1983,generated_from_metadata,
fcq_is_10394_1982_08,sawn timber for railway track,IS 10394: 1982,WOODEN SLEEPERS FOR RAILWAY TRACK,sawn timber,railway track,alias,general_but_sufficient,product_aliases;application,IS 3337: 1978;IS 2372: 2004;IS 2548 (Part 2): 1996;IS 212: 1983,generated_from_metadata,
fcq_is_10394_1982_09,timbers for railway track,IS 10394: 1982,WOODEN SLEEPERS FOR RAILWAY TRACK,timbers,railway track,alias,general_but_sufficient,product_aliases;application,IS 3337: 1978;IS 2372: 2004;IS 2548 (Part 2): 1996;IS 212: 1983,generated_from_metadata,
fcq_is_10394_1982_10,wooden sleeper for railway track,IS 10394: 1982,WOODEN SLEEPERS FOR RAILWAY TRACK,wooden sleeper,railway track,alias,general_but_sufficient,product_aliases;application,IS 3337: 1978;IS 2372: 2004;IS 2548 (Part 2): 1996;IS 212: 1983,generated_from_metadata,
fcq_is_10451_1983_01,STEEL SLIDING SHUTTERS standard,IS 10451: 1983,STEEL SLIDING SHUTTERS,door,STEEL SLIDING SHUTTERS,product_only,specific,primary_subject,IS 4962: 1968;IS 6198: 1992;IS 363: 1993;IS 10090: 1982,generated_from_metadata,
fcq_is_10451_1983_02,steel door,IS 10451: 1983,STEEL SLIDING SHUTTERS,door,steel construction or composition,product_material,specific,canonical_product;material,IS 4962: 1968;IS 6198: 1992;IS 363: 1993;IS 10090: 1982,generated_from_metadata,
fcq_is_10451_1983_03,Supply door meeting Indian Standard requirements for steel,IS 10451: 1983,STEEL SLIDING SHUTTERS,door,steel,tender_sentence,specific,canonical_product;material,IS 4962: 1968;IS 6198: 1992;IS 363: 1993;IS 10090: 1982,generated_from_metadata,
fcq_is_10451_1983_04,Need the Indian Standard covering STEEL SLIDING SHUTTERS,IS 10451: 1983,STEEL SLIDING SHUTTERS,door,STEEL SLIDING SHUTTERS,natural_language,specific,title,IS 4962: 1968;IS 6198: 1992;IS 363: 1993;IS 10090: 1982,generated_from_metadata,
fcq_is_10451_1983_05,door frame for steel,IS 10451: 1983,STEEL SLIDING SHUTTERS,door frame,steel,alias,general_but_sufficient,product_aliases;material,IS 4962: 1968;IS 6198: 1992;IS 363: 1993;IS 10090: 1982,generated_from_metadata,
fcq_is_10451_1983_06,door frames for steel,IS 10451: 1983,STEEL SLIDING SHUTTERS,door frames,steel,alias,general_but_sufficient,product_aliases;material,IS 4962: 1968;IS 6198: 1992;IS 363: 1993;IS 10090: 1982,generated_from_metadata,
fcq_is_10451_1983_07,doors for steel,IS 10451: 1983,STEEL SLIDING SHUTTERS,doors,steel,alias,general_but_sufficient,product_aliases;material,IS 4962: 1968;IS 6198: 1992;IS 363: 1993;IS 10090: 1982,generated_from_metadata,
fcq_is_10521_1983_01,"COLLAPSIBLE GATES 1. Scope – Requirements regarding materials, fabrication and finish of different types of collapsible gates standard",IS 10521: 1983,"COLLAPSIBLE GATES 1. Scope – Requirements regarding materials, fabrication and finish of different types of collapsible gates.",gate,"COLLAPSIBLE GATES 1. Scope – Requirements regarding materials, fabrication and finish of different types of collapsible gates",product_only,specific,primary_subject,IS 12817: 1997;IS 3843: 1995;IS 363: 1993;IS 10090: 1982,generated_from_metadata,
fcq_is_10521_1983_02,steel gate,IS 10521: 1983,"COLLAPSIBLE GATES 1. Scope – Requirements regarding materials, fabrication and finish of different types of collapsible gates.",gate,steel construction or composition,product_material,specific,canonical_product;material,IS 12817: 1997;IS 3843: 1995;IS 363: 1993;IS 10090: 1982,generated_from_metadata,
fcq_is_10521_1983_03,Supply gate meeting Indian Standard requirements for steel,IS 10521: 1983,"COLLAPSIBLE GATES 1. Scope – Requirements regarding materials, fabrication and finish of different types of collapsible gates.",gate,steel,tender_sentence,specific,canonical_product;material,IS 12817: 1997;IS 3843: 1995;IS 363: 1993;IS 10090: 1982,generated_from_metadata,
fcq_is_10521_1983_04,"Need the Indian Standard covering COLLAPSIBLE GATES 1. Scope – Requirements regarding materials, fabrication and finish of different types of collapsible gates.",IS 10521: 1983,"COLLAPSIBLE GATES 1. Scope – Requirements regarding materials, fabrication and finish of different types of collapsible gates.",gate,"COLLAPSIBLE GATES 1. Scope – Requirements regarding materials, fabrication and finish of different types of collapsible gates.",natural_language,specific,title,IS 12817: 1997;IS 3843: 1995;IS 363: 1993;IS 10090: 1982,generated_from_metadata,
fcq_is_10521_1983_05,collapsible gate for steel,IS 10521: 1983,"COLLAPSIBLE GATES 1. Scope – Requirements regarding materials, fabrication and finish of different types of collapsible gates.",collapsible gate,steel,alias,general_but_sufficient,product_aliases;material,IS 12817: 1997;IS 3843: 1995;IS 363: 1993;IS 10090: 1982,generated_from_metadata,
fcq_is_10521_1983_06,gates for steel,IS 10521: 1983,"COLLAPSIBLE GATES 1. Scope – Requirements regarding materials, fabrication and finish of different types of collapsible gates.",gates,steel,alias,general_but_sufficient,product_aliases;material,IS 12817: 1997;IS 3843: 1995;IS 363: 1993;IS 10090: 1982,generated_from_metadata,
fcq_is_10701_1983_01,plywood standard,IS 10701: 1983,"STRUCTURAL PLYWOOD 1. Scope – Requirements of plywood for structural purposes, such as stressed skin panels, plywood web beams, sheathing, silos, rail and ship containers.",board,plywood,product_only,specific,product_subtype,IS 4990: 1993;IS 852: 1994;IS 212: 1983;IS 3438: 1994,generated_from_metadata,
fcq_is_10701_1983_02,timber board,IS 10701: 1983,"STRUCTURAL PLYWOOD 1. Scope – Requirements of plywood for structural purposes, such as stressed skin panels, plywood web beams, sheathing, silos, rail and ship containers.",board,timber construction or composition,product_material,specific,canonical_product;material,IS 4990: 1993;IS 852: 1994;IS 212: 1983;IS 3438: 1994,generated_from_metadata,
fcq_is_10701_1983_03,Supply board meeting Indian Standard requirements for timber,IS 10701: 1983,"STRUCTURAL PLYWOOD 1. Scope – Requirements of plywood for structural purposes, such as stressed skin panels, plywood web beams, sheathing, silos, rail and ship containers.",board,timber,tender_sentence,specific,canonical_product;material,IS 4990: 1993;IS 852: 1994;IS 212: 1983;IS 3438: 1994,generated_from_metadata,
fcq_is_10701_1983_04,"Need the Indian Standard covering STRUCTURAL PLYWOOD 1. Scope – Requirements of plywood for structural purposes, such as stressed skin panels, plywood web beams, sheathing, silos, rail and ship containers.",IS 10701: 1983,"STRUCTURAL PLYWOOD 1. Scope – Requirements of plywood for structural purposes, such as stressed skin panels, plywood web beams, sheathing, silos, rail and ship containers.",board,"STRUCTURAL PLYWOOD 1. Scope – Requirements of plywood for structural purposes, such as stressed skin panels, plywood web beams, sheathing, silos, rail and ship containers.",natural_language,specific,title,IS 4990: 1993;IS 852: 1994;IS 212: 1983;IS 3438: 1994,generated_from_metadata,
fcq_is_10701_1983_05,bamboo mat board for timber,IS 10701: 1983,"STRUCTURAL PLYWOOD 1. Scope – Requirements of plywood for structural purposes, such as stressed skin panels, plywood web beams, sheathing, silos, rail and ship containers.",bamboo mat board,timber,alias,general_but_sufficient,product_aliases;material,IS 4990: 1993;IS 852: 1994;IS 212: 1983;IS 3438: 1994,generated_from_metadata,
fcq_is_10701_1983_06,boards for timber,IS 10701: 1983,"STRUCTURAL PLYWOOD 1. Scope – Requirements of plywood for structural purposes, such as stressed skin panels, plywood web beams, sheathing, silos, rail and ship containers.",boards,timber,alias,general_but_sufficient,product_aliases;material,IS 4990: 1993;IS 852: 1994;IS 212: 1983;IS 3438: 1994,generated_from_metadata,
fcq_is_10701_1983_07,coir board for timber,IS 10701: 1983,"STRUCTURAL PLYWOOD 1. Scope – Requirements of plywood for structural purposes, such as stressed skin panels, plywood web beams, sheathing, silos, rail and ship containers.",coir board,timber,alias,general_but_sufficient,product_aliases;material,IS 4990: 1993;IS 852: 1994;IS 212: 1983;IS 3438: 1994,generated_from_metadata,
fcq_is_1077_1992_01,COMMON BURNT CLAY BUILDING BRICKS standard,IS 1077: 1992,COMMON BURNT CLAY BUILDING BRICKS,brick,COMMON BURNT CLAY BUILDING BRICKS,product_only,specific,primary_subject,IS 13757: 1993;IS 12894: 2002;IS 10360: 1982;IS 1478: 1992,generated_from_metadata,
fcq_is_1077_1992_02,clay brick,IS 1077: 1992,COMMON BURNT CLAY BUILDING BRICKS,brick,clay construction or composition,product_material,specific,canonical_product;material,IS 13757: 1993;IS 12894: 2002;IS 10360: 1982;IS 1478: 1992,generated_from_metadata,
fcq_is_1077_1992_03,Supply brick meeting Indian Standard requirements for clay,IS 1077: 1992,COMMON BURNT CLAY BUILDING BRICKS,brick,clay,tender_sentence,specific,canonical_product;material,IS 13757: 1993;IS 12894: 2002;IS 10360: 1982;IS 1478: 1992,generated_from_metadata,
fcq_is_1077_1992_04,Need the Indian Standard covering COMMON BURNT CLAY BUILDING BRICKS,IS 1077: 1992,COMMON BURNT CLAY BUILDING BRICKS,brick,COMMON BURNT CLAY BUILDING BRICKS,natural_language,specific,title,IS 13757: 1993;IS 12894: 2002;IS 10360: 1982;IS 1478: 1992,generated_from_metadata,
fcq_is_1077_1992_05,bricks for clay,IS 1077: 1992,COMMON BURNT CLAY BUILDING BRICKS,bricks,clay,alias,general_but_sufficient,product_aliases;material,IS 13757: 1993;IS 12894: 2002;IS 10360: 1982;IS 1478: 1992,generated_from_metadata,
fcq_is_1077_1992_06,building brick for clay,IS 1077: 1992,COMMON BURNT CLAY BUILDING BRICKS,building brick,clay,alias,general_but_sufficient,product_aliases;material,IS 13757: 1993;IS 12894: 2002;IS 10360: 1982;IS 1478: 1992,generated_from_metadata,
fcq_is_1077_1992_07,building bricks for clay,IS 1077: 1992,COMMON BURNT CLAY BUILDING BRICKS,building bricks,clay,alias,general_but_sufficient,product_aliases;material,IS 13757: 1993;IS 12894: 2002;IS 10360: 1982;IS 1478: 1992,generated_from_metadata,
fcq_is_1079_1994_01,HOT ROLLED CARBON STEEL SHEETS AND STRIPS standard,IS 1079: 1994,HOT ROLLED CARBON STEEL SHEETS AND STRIPS,steel sheet,HOT ROLLED CARBON STEEL SHEETS AND STRIPS,product_only,specific,primary_subject,IS 7226: 1974;IS 412: 1975;IS 1730: 1989;IS 739: 1992,generated_from_metadata,
fcq_is_1079_1994_02,steel steel sheet,IS 1079: 1994,HOT ROLLED CARBON STEEL SHEETS AND STRIPS,steel sheet,steel construction or composition,product_material,specific,canonical_product;material,IS 7226: 1974;IS 412: 1975;IS 1730: 1989;IS 739: 1992,generated_from_metadata,
fcq_is_1079_1994_03,Supply steel sheet meeting Indian Standard requirements for steel,IS 1079: 1994,HOT ROLLED CARBON STEEL SHEETS AND STRIPS,steel sheet,steel,tender_sentence,specific,canonical_product;material,IS 7226: 1974;IS 412: 1975;IS 1730: 1989;IS 739: 1992,generated_from_metadata,
fcq_is_1079_1994_04,Need the Indian Standard covering HOT ROLLED CARBON STEEL SHEETS AND STRIPS,IS 1079: 1994,HOT ROLLED CARBON STEEL SHEETS AND STRIPS,steel sheet,HOT ROLLED CARBON STEEL SHEETS AND STRIPS,natural_language,specific,title,IS 7226: 1974;IS 412: 1975;IS 1730: 1989;IS 739: 1992,generated_from_metadata,
fcq_is_1079_1994_05,carbon steel sheet for steel,IS 1079: 1994,HOT ROLLED CARBON STEEL SHEETS AND STRIPS,carbon steel sheet,steel,alias,general_but_sufficient,product_aliases;material,IS 7226: 1974;IS 412: 1975;IS 1730: 1989;IS 739: 1992,generated_from_metadata,
fcq_is_1079_1994_06,carbon steel sheets for steel,IS 1079: 1994,HOT ROLLED CARBON STEEL SHEETS AND STRIPS,carbon steel sheets,steel,alias,general_but_sufficient,product_aliases;material,IS 7226: 1974;IS 412: 1975;IS 1730: 1989;IS 739: 1992,generated_from_metadata,
fcq_is_1079_1994_07,steel sheets for steel,IS 1079: 1994,HOT ROLLED CARBON STEEL SHEETS AND STRIPS,steel sheets,steel,alias,general_but_sufficient,product_aliases;material,IS 7226: 1974;IS 412: 1975;IS 1730: 1989;IS 739: 1992,generated_from_metadata,
fcq_is_110_1983_01,"READY MIXED PAINT, BRUSHING, GREY FILLER, FOR ENAMELS FOR USE OVER PRIMERS standard",IS 110: 1983,"READY MIXED PAINT, BRUSHING, GREY FILLER, FOR ENAMELS FOR USE OVER PRIMERS",paint,"READY MIXED PAINT, BRUSHING, GREY FILLER, FOR ENAMELS FOR USE OVER PRIMERS",product_only,specific,primary_subject,IS 7280: 1974;IS 5961: 1970;IS 423: 1961;IS 1726: 1991,generated_from_metadata,
fcq_is_110_1983_02,"Need the Indian Standard covering READY MIXED PAINT, BRUSHING, GREY FILLER, FOR ENAMELS FOR USE OVER PRIMERS",IS 110: 1983,"READY MIXED PAINT, BRUSHING, GREY FILLER, FOR ENAMELS FOR USE OVER PRIMERS",paint,"READY MIXED PAINT, BRUSHING, GREY FILLER, FOR ENAMELS FOR USE OVER PRIMERS",natural_language,specific,title,IS 7280: 1974;IS 5961: 1970;IS 423: 1961;IS 1726: 1991,generated_from_metadata,
fcq_is_110_1983_03,"filler for READY MIXED PAINT, BRUSHING, GREY FILLER, FOR ENAMELS FOR USE OVER PRIMERS",IS 110: 1983,"READY MIXED PAINT, BRUSHING, GREY FILLER, FOR ENAMELS FOR USE OVER PRIMERS",filler,"READY MIXED PAINT, BRUSHING, GREY FILLER, FOR ENAMELS FOR USE OVER PRIMERS",alias,general_but_sufficient,product_aliases;primary_subject,IS 7280: 1974;IS 5961: 1970;IS 423: 1961;IS 1726: 1991,generated_from_metadata,
fcq_is_110_1983_04,"paints for READY MIXED PAINT, BRUSHING, GREY FILLER, FOR ENAMELS FOR USE OVER PRIMERS",IS 110: 1983,"READY MIXED PAINT, BRUSHING, GREY FILLER, FOR ENAMELS FOR USE OVER PRIMERS",paints,"READY MIXED PAINT, BRUSHING, GREY FILLER, FOR ENAMELS FOR USE OVER PRIMERS",alias,general_but_sufficient,product_aliases;primary_subject,IS 7280: 1974;IS 5961: 1970;IS 423: 1961;IS 1726: 1991,generated_from_metadata,
fcq_is_11128_1984_01,"SPRAY – APPLIED HYDRATED CALCIUM SILICATE THERMAL INSULATION 1. Scope – Requirements and methods of sampling and test for spray-applied, hydrated calcium silicate standard",IS 11128: 1984,"SPRAY – APPLIED HYDRATED CALCIUM SILICATE THERMAL INSULATION 1. Scope – Requirements and methods of sampling and test for spray-applied, hydrated calcium silicate",thermal insulation,"SPRAY – APPLIED HYDRATED CALCIUM SILICATE THERMAL INSULATION 1. Scope – Requirements and methods of sampling and test for spray-applied, hydrated calcium silicate",product_only,specific,primary_subject,IS 8183: 1993;IS 9742: 1993;IS 5437: 1994;IS 3438: 1994,generated_from_metadata,
fcq_is_11128_1984_02,thermal insulation required to thermal insulation,IS 11128: 1984,"SPRAY – APPLIED HYDRATED CALCIUM SILICATE THERMAL INSULATION 1. Scope – Requirements and methods of sampling and test for spray-applied, hydrated calcium silicate",thermal insulation,required to thermal insulation,product_function,specific,canonical_product;function,IS 8183: 1993;IS 9742: 1993;IS 5437: 1994;IS 3438: 1994,generated_from_metadata,
fcq_is_11128_1984_03,steel thermal insulation,IS 11128: 1984,"SPRAY – APPLIED HYDRATED CALCIUM SILICATE THERMAL INSULATION 1. Scope – Requirements and methods of sampling and test for spray-applied, hydrated calcium silicate",thermal insulation,steel construction or composition,product_material,specific,canonical_product;material,IS 8183: 1993;IS 9742: 1993;IS 5437: 1994;IS 3438: 1994,generated_from_metadata,
fcq_is_11128_1984_04,thermal insulation for thermal insulation,IS 11128: 1984,"SPRAY – APPLIED HYDRATED CALCIUM SILICATE THERMAL INSULATION 1. Scope – Requirements and methods of sampling and test for spray-applied, hydrated calcium silicate",thermal insulation,for thermal insulation,product_application,specific,canonical_product;application,IS 8183: 1993;IS 9742: 1993;IS 5437: 1994;IS 3438: 1994,generated_from_metadata,
fcq_is_11128_1984_05,steel thermal insulation for thermal insulation,IS 11128: 1984,"SPRAY – APPLIED HYDRATED CALCIUM SILICATE THERMAL INSULATION 1. Scope – Requirements and methods of sampling and test for spray-applied, hydrated calcium silicate",thermal insulation,steel product for thermal insulation,material_application,specific,canonical_product;material;application,IS 8183: 1993;IS 9742: 1993;IS 5437: 1994;IS 3438: 1994,generated_from_metadata,
fcq_is_11128_1984_06,Supply thermal insulation meeting Indian Standard requirements for thermal insulation; thermal insulation; steel,IS 11128: 1984,"SPRAY – APPLIED HYDRATED CALCIUM SILICATE THERMAL INSULATION 1. Scope – Requirements and methods of sampling and test for spray-applied, hydrated calcium silicate",thermal insulation,thermal insulation; thermal insulation; steel,tender_sentence,specific,canonical_product;application;function;material,IS 8183: 1993;IS 9742: 1993;IS 5437: 1994;IS 3438: 1994,generated_from_metadata,
fcq_is_11128_1984_07,"Need the Indian Standard covering SPRAY – APPLIED HYDRATED CALCIUM SILICATE THERMAL INSULATION 1. Scope – Requirements and methods of sampling and test for spray-applied, hydrated calcium silicate",IS 11128: 1984,"SPRAY – APPLIED HYDRATED CALCIUM SILICATE THERMAL INSULATION 1. Scope – Requirements and methods of sampling and test for spray-applied, hydrated calcium silicate",thermal insulation,"SPRAY – APPLIED HYDRATED CALCIUM SILICATE THERMAL INSULATION 1. Scope – Requirements and methods of sampling and test for spray-applied, hydrated calcium silicate",natural_language,specific,title,IS 8183: 1993;IS 9742: 1993;IS 5437: 1994;IS 3438: 1994,generated_from_metadata,
fcq_is_11128_1984_08,"thermal insulation, thermal insulation",IS 11128: 1984,"SPRAY – APPLIED HYDRATED CALCIUM SILICATE THERMAL INSULATION 1. Scope – Requirements and methods of sampling and test for spray-applied, hydrated calcium silicate",thermal insulation,thermal insulation,boq_short,general_but_sufficient,canonical_product;application,IS 8183: 1993;IS 9742: 1993;IS 5437: 1994;IS 3438: 1994,generated_from_metadata,
fcq_is_11128_1984_09,calcium silicate insulation for thermal insulation,IS 11128: 1984,"SPRAY – APPLIED HYDRATED CALCIUM SILICATE THERMAL INSULATION 1. Scope – Requirements and methods of sampling and test for spray-applied, hydrated calcium silicate",calcium silicate insulation,thermal insulation,alias,general_but_sufficient,product_aliases;application,IS 8183: 1993;IS 9742: 1993;IS 5437: 1994;IS 3438: 1994,generated_from_metadata,
fcq_is_11128_1984_10,expanded polystyrene for thermal insulation,IS 11128: 1984,"SPRAY – APPLIED HYDRATED CALCIUM SILICATE THERMAL INSULATION 1. Scope – Requirements and methods of sampling and test for spray-applied, hydrated calcium silicate",expanded polystyrene,thermal insulation,alias,general_but_sufficient,product_aliases;application,IS 8183: 1993;IS 9742: 1993;IS 5437: 1994;IS 3438: 1994,generated_from_metadata,
fcq_is_11128_1984_11,fibrous pipe insulation for thermal insulation,IS 11128: 1984,"SPRAY – APPLIED HYDRATED CALCIUM SILICATE THERMAL INSULATION 1. Scope – Requirements and methods of sampling and test for spray-applied, hydrated calcium silicate",fibrous pipe insulation,thermal insulation,alias,general_but_sufficient,product_aliases;application,IS 8183: 1993;IS 9742: 1993;IS 5437: 1994;IS 3438: 1994,generated_from_metadata,
fcq_is_1120_1975_01,COACH SCREW standard,IS 1120: 1975,COACH SCREW,screw,COACH SCREW,product_only,specific,primary_subject,IS 6760: 1972;IS 6736: 1972;IS 3443: 1980;IS 852: 1994,generated_from_metadata,
fcq_is_1120_1975_02,screw required to structural fastening,IS 1120: 1975,COACH SCREW,screw,required to structural fastening,product_function,specific,canonical_product;function,IS 6760: 1972;IS 6736: 1972;IS 3443: 1980;IS 852: 1994,generated_from_metadata,
fcq_is_1120_1975_03,steel screw,IS 1120: 1975,COACH SCREW,screw,steel construction or composition,product_material,specific,canonical_product;material,IS 6760: 1972;IS 6736: 1972;IS 3443: 1980;IS 852: 1994,generated_from_metadata,
fcq_is_1120_1975_04,Supply screw meeting Indian Standard requirements for structural fastening; steel,IS 1120: 1975,COACH SCREW,screw,structural fastening; steel,tender_sentence,specific,canonical_product;function;material,IS 6760: 1972;IS 6736: 1972;IS 3443: 1980;IS 852: 1994,generated_from_metadata,
fcq_is_1120_1975_05,Need the Indian Standard covering COACH SCREW,IS 1120: 1975,COACH SCREW,screw,COACH SCREW,natural_language,specific,title,IS 6760: 1972;IS 6736: 1972;IS 3443: 1980;IS 852: 1994,generated_from_metadata,
fcq_is_1120_1975_06,countersunk screw for steel,IS 1120: 1975,COACH SCREW,countersunk screw,steel,alias,general_but_sufficient,product_aliases;material,IS 6760: 1972;IS 6736: 1972;IS 3443: 1980;IS 852: 1994,generated_from_metadata,
fcq_is_1120_1975_07,hexagon head screw for steel,IS 1120: 1975,COACH SCREW,hexagon head screw,steel,alias,general_but_sufficient,product_aliases;material,IS 6760: 1972;IS 6736: 1972;IS 3443: 1980;IS 852: 1994,generated_from_metadata,
fcq_is_1120_1975_08,screws for steel,IS 1120: 1975,COACH SCREW,screws,steel,alias,general_but_sufficient,product_aliases;material,IS 6760: 1972;IS 6736: 1972;IS 3443: 1980;IS 852: 1994,generated_from_metadata,
fcq_is_11246_1992_01,GLASS FIBRE REINFORCED POLYESTER RESIN (GRP) SQUATTING PANS standard,IS 11246: 1992,GLASS FIBRE REINFORCED POLYESTER RESIN (GRP) SQUATTING PANS,glass,GLASS FIBRE REINFORCED POLYESTER RESIN (GRP) SQUATTING PANS,product_only,specific,primary_subject,IS 14856: 2000;IS 14402: 1996;IS 15380: 2003;IS 5437: 1994,generated_from_metadata,
fcq_is_11246_1992_02,glass fibre reinforced plastic glass,IS 11246: 1992,GLASS FIBRE REINFORCED POLYESTER RESIN (GRP) SQUATTING PANS,glass,glass fibre reinforced plastic construction or composition,product_material,specific,canonical_product;material,IS 14856: 2000;IS 14402: 1996;IS 15380: 2003;IS 5437: 1994,generated_from_metadata,
fcq_is_11246_1992_03,Supply glass meeting Indian Standard requirements for glass fibre reinforced plastic,IS 11246: 1992,GLASS FIBRE REINFORCED POLYESTER RESIN (GRP) SQUATTING PANS,glass,glass fibre reinforced plastic,tender_sentence,specific,canonical_product;material,IS 14856: 2000;IS 14402: 1996;IS 15380: 2003;IS 5437: 1994,generated_from_metadata,
fcq_is_11246_1992_04,Need the Indian Standard covering GLASS FIBRE REINFORCED POLYESTER RESIN (GRP) SQUATTING PANS,IS 11246: 1992,GLASS FIBRE REINFORCED POLYESTER RESIN (GRP) SQUATTING PANS,glass,GLASS FIBRE REINFORCED POLYESTER RESIN (GRP) SQUATTING PANS,natural_language,specific,title,IS 14856: 2000;IS 14402: 1996;IS 15380: 2003;IS 5437: 1994,generated_from_metadata,
fcq_is_11246_1992_05,glass fiber for glass fibre reinforced plastic,IS 11246: 1992,GLASS FIBRE REINFORCED POLYESTER RESIN (GRP) SQUATTING PANS,glass fiber,glass fibre reinforced plastic,alias,general_but_sufficient,product_aliases;material,IS 14856: 2000;IS 14402: 1996;IS 15380: 2003;IS 5437: 1994,generated_from_metadata,
fcq_is_11246_1992_06,glass fibre for glass fibre reinforced plastic,IS 11246: 1992,GLASS FIBRE REINFORCED POLYESTER RESIN (GRP) SQUATTING PANS,glass fibre,glass fibre reinforced plastic,alias,general_but_sufficient,product_aliases;material,IS 14856: 2000;IS 14402: 1996;IS 15380: 2003;IS 5437: 1994,generated_from_metadata,
fcq_is_11246_1992_07,glass fibre reinforced for glass fibre reinforced plastic,IS 11246: 1992,GLASS FIBRE REINFORCED POLYESTER RESIN (GRP) SQUATTING PANS,glass fibre reinforced,glass fibre reinforced plastic,alias,general_but_sufficient,product_aliases;material,IS 14856: 2000;IS 14402: 1996;IS 15380: 2003;IS 5437: 1994,generated_from_metadata,
fcq_is_1127_1970_01,DIMENSIONS AND WORKMANSHIP OF NATURAL BUILDING STONES FOR MASONRY WORK standard,IS 1127: 1970,DIMENSIONS AND WORKMANSHIP OF NATURAL BUILDING STONES FOR MASONRY WORK,stone,DIMENSIONS AND WORKMANSHIP OF NATURAL BUILDING STONES FOR MASONRY WORK,product_only,specific,primary_subject,IS 9394: 1979;IS 14223 (Part 1): 1995;IS 3620: 1979;IS 2116: 1980,generated_from_metadata,
fcq_is_1127_1970_02,Need the Indian Standard covering DIMENSIONS AND WORKMANSHIP OF NATURAL BUILDING STONES FOR MASONRY WORK,IS 1127: 1970,DIMENSIONS AND WORKMANSHIP OF NATURAL BUILDING STONES FOR MASONRY WORK,stone,DIMENSIONS AND WORKMANSHIP OF NATURAL BUILDING STONES FOR MASONRY WORK,natural_language,specific,title,IS 9394: 1979;IS 14223 (Part 1): 1995;IS 3620: 1979;IS 2116: 1980,generated_from_metadata,
fcq_is_1127_1970_03,building stone for DIMENSIONS AND WORKMANSHIP OF NATURAL BUILDING STONES FOR MASONRY WORK,IS 1127: 1970,DIMENSIONS AND WORKMANSHIP OF NATURAL BUILDING STONES FOR MASONRY WORK,building stone,DIMENSIONS AND WORKMANSHIP OF NATURAL BUILDING STONES FOR MASONRY WORK,alias,general_but_sufficient,product_aliases;primary_subject,IS 9394: 1979;IS 14223 (Part 1): 1995;IS 3620: 1979;IS 2116: 1980,generated_from_metadata,
fcq_is_1127_1970_04,polished stone for DIMENSIONS AND WORKMANSHIP OF NATURAL BUILDING STONES FOR MASONRY WORK,IS 1127: 1970,DIMENSIONS AND WORKMANSHIP OF NATURAL BUILDING STONES FOR MASONRY WORK,polished stone,DIMENSIONS AND WORKMANSHIP OF NATURAL BUILDING STONES FOR MASONRY WORK,alias,general_but_sufficient,product_aliases;primary_subject,IS 9394: 1979;IS 14223 (Part 1): 1995;IS 3620: 1979;IS 2116: 1980,generated_from_metadata,
fcq_is_1127_1970_05,stones for DIMENSIONS AND WORKMANSHIP OF NATURAL BUILDING STONES FOR MASONRY WORK,IS 1127: 1970,DIMENSIONS AND WORKMANSHIP OF NATURAL BUILDING STONES FOR MASONRY WORK,stones,DIMENSIONS AND WORKMANSHIP OF NATURAL BUILDING STONES FOR MASONRY WORK,alias,general_but_sufficient,product_aliases;primary_subject,IS 9394: 1979;IS 14223 (Part 1): 1995;IS 3620: 1979;IS 2116: 1980,generated_from_metadata,
fcq_is_1128_1974_01,LIMESTONE (SLAB AND TILES) standard,IS 1128: 1974,LIMESTONE (SLAB AND TILES),tile,LIMESTONE (SLAB AND TILES),product_only,specific,primary_subject,IS 3622: 1977;IS 1478: 1992;IS 4351: 2003;IS 5779: 1986,generated_from_metadata,
fcq_is_1128_1974_02,tile required to flooring,IS 1128: 1974,LIMESTONE (SLAB AND TILES),tile,required to flooring,product_function,specific,canonical_product;function,IS 3622: 1977;IS 1478: 1992;IS 4351: 2003;IS 5779: 1986,generated_from_metadata,
fcq_is_1128_1974_03,tile for flooring,IS 1128: 1974,LIMESTONE (SLAB AND TILES),tile,for flooring,product_application,specific,canonical_product;application,IS 3622: 1977;IS 1478: 1992;IS 4351: 2003;IS 5779: 1986,generated_from_metadata,
fcq_is_1128_1974_04,Supply tile meeting Indian Standard requirements for flooring; flooring,IS 1128: 1974,LIMESTONE (SLAB AND TILES),tile,flooring; flooring,tender_sentence,specific,canonical_product;application;function,IS 3622: 1977;IS 1478: 1992;IS 4351: 2003;IS 5779: 1986,generated_from_metadata,
fcq_is_1128_1974_05,Need the Indian Standard covering LIMESTONE (SLAB AND TILES),IS 1128: 1974,LIMESTONE (SLAB AND TILES),tile,LIMESTONE (SLAB AND TILES),natural_language,specific,title,IS 3622: 1977;IS 1478: 1992;IS 4351: 2003;IS 5779: 1986,generated_from_metadata,
fcq_is_1128_1974_06,"tile, flooring",IS 1128: 1974,LIMESTONE (SLAB AND TILES),tile,flooring,boq_short,general_but_sufficient,canonical_product;application,IS 3622: 1977;IS 1478: 1992;IS 4351: 2003;IS 5779: 1986,generated_from_metadata,
fcq_is_1128_1974_07,clay roofing country tile for flooring,IS 1128: 1974,LIMESTONE (SLAB AND TILES),clay roofing country tile,flooring,alias,general_but_sufficient,product_aliases;application,IS 3622: 1977;IS 1478: 1992;IS 4351: 2003;IS 5779: 1986,generated_from_metadata,
fcq_is_1128_1974_08,flooring tile for flooring,IS 1128: 1974,LIMESTONE (SLAB AND TILES),flooring tile,flooring,alias,general_but_sufficient,product_aliases;application,IS 3622: 1977;IS 1478: 1992;IS 4351: 2003;IS 5779: 1986,generated_from_metadata,
fcq_is_1128_1974_09,hollow clay tile for flooring,IS 1128: 1974,LIMESTONE (SLAB AND TILES),hollow clay tile,flooring,alias,general_but_sufficient,product_aliases;application,IS 3622: 1977;IS 1478: 1992;IS 4351: 2003;IS 5779: 1986,generated_from_metadata,
fcq_is_11307_1985_01,CELLULAR GLASS BLOCK AND PIPE THERMAL INSULATION 1. Scope – Requirements and methods of sampling and test for cellular glass block and pipe thermal standard,IS 11307: 1985,CELLULAR GLASS BLOCK AND PIPE THERMAL INSULATION 1. Scope – Requirements and methods of sampling and test for cellular glass block and pipe thermal,thermal insulation,CELLULAR GLASS BLOCK AND PIPE THERMAL INSULATION 1. Scope – Requirements and methods of sampling and test for cellular glass block and pipe thermal,product_only,specific,primary_subject,IS 9428: 1993;IS 8154: 1993;IS 3709: 1966;IS 3438: 1994,generated_from_metadata,
fcq_is_11307_1985_02,Supply thermal insulation meeting Indian Standard requirements for thermal insulation; thermal insulation,IS 11307: 1985,CELLULAR GLASS BLOCK AND PIPE THERMAL INSULATION 1. Scope – Requirements and methods of sampling and test for cellular glass block and pipe thermal,thermal insulation,thermal insulation; thermal insulation,tender_sentence,specific,canonical_product;application;function,IS 9428: 1993;IS 8154: 1993;IS 3709: 1966;IS 3438: 1994,generated_from_metadata,
fcq_is_11307_1985_03,Need the Indian Standard covering CELLULAR GLASS BLOCK AND PIPE THERMAL INSULATION 1. Scope – Requirements and methods of sampling and test for cellular glass block and pipe thermal,IS 11307: 1985,CELLULAR GLASS BLOCK AND PIPE THERMAL INSULATION 1. Scope – Requirements and methods of sampling and test for cellular glass block and pipe thermal,thermal insulation,CELLULAR GLASS BLOCK AND PIPE THERMAL INSULATION 1. Scope – Requirements and methods of sampling and test for cellular glass block and pipe thermal,natural_language,specific,title,IS 9428: 1993;IS 8154: 1993;IS 3709: 1966;IS 3438: 1994,generated_from_metadata,
fcq_is_11308_1985_01,HYDRAULIC SETTING THERMAL INSULATING CASTABLES FOR TEMPERATURE UPTO 1250ºC 1. Scope – Requirements and methods of sampling and test for hydraulic setting thermal insulating standard,IS 11308: 1985,HYDRAULIC SETTING THERMAL INSULATING CASTABLES FOR TEMPERATURE UPTO 1250ºC 1. Scope – Requirements and methods of sampling and test for hydraulic setting thermal insulating,thermal insulation,HYDRAULIC SETTING THERMAL INSULATING CASTABLES FOR TEMPERATURE UPTO 1250ºC 1. Scope – Requirements and methods of sampling and test for hydraulic setting thermal insulating,product_only,specific,primary_subject,IS 7509: 1993;IS 11307: 1985;IS 9537 (Part 4): 1983;IS 12994: 1990,generated_from_metadata,
fcq_is_11308_1985_02,Need the Indian Standard covering HYDRAULIC SETTING THERMAL INSULATING CASTABLES FOR TEMPERATURE UPTO 1250ºC 1. Scope – Requirements and methods of sampling and test for hydraulic setting thermal insulating,IS 11308: 1985,HYDRAULIC SETTING THERMAL INSULATING CASTABLES FOR TEMPERATURE UPTO 1250ºC 1. Scope – Requirements and methods of sampling and test for hydraulic setting thermal insulating,thermal insulation,HYDRAULIC SETTING THERMAL INSULATING CASTABLES FOR TEMPERATURE UPTO 1250ºC 1. Scope – Requirements and methods of sampling and test for hydraulic setting thermal insulating,natural_language,specific,title,IS 7509: 1993;IS 11307: 1985;IS 9537 (Part 4): 1983;IS 12994: 1990,generated_from_metadata,
fcq_is_11433_part_1_1985_01,ONE-PART GUN-GRADE POLYSULPHIDE- BASED JOINT SEALANTS PART 1 GENERAL REQUIREMENTS standard,IS 11433 (Part 1): 1985,ONE-PART GUN-GRADE POLYSULPHIDE- BASED JOINT SEALANTS PART 1 GENERAL REQUIREMENTS,sealant,ONE-PART GUN-GRADE POLYSULPHIDE- BASED JOINT SEALANTS PART 1 GENERAL REQUIREMENTS,product_only,specific,primary_subject,IS 12118 (Part 1): 1987;IS 1834: 1984;IS 364: 1993;IS 2547 (Part 2): 1976,generated_from_metadata,
fcq_is_11433_part_1_1985_02,steel sealant,IS 11433 (Part 1): 1985,ONE-PART GUN-GRADE POLYSULPHIDE- BASED JOINT SEALANTS PART 1 GENERAL REQUIREMENTS,sealant,steel construction or composition,product_material,specific,canonical_product;material,IS 12118 (Part 1): 1987;IS 1834: 1984;IS 364: 1993;IS 2547 (Part 2): 1976,generated_from_metadata,
fcq_is_11433_part_1_1985_03,Supply sealant meeting Indian Standard requirements for steel,IS 11433 (Part 1): 1985,ONE-PART GUN-GRADE POLYSULPHIDE- BASED JOINT SEALANTS PART 1 GENERAL REQUIREMENTS,sealant,steel,tender_sentence,specific,canonical_product;material,IS 12118 (Part 1): 1987;IS 1834: 1984;IS 364: 1993;IS 2547 (Part 2): 1976,generated_from_metadata,
fcq_is_11433_part_1_1985_04,Need the Indian Standard covering ONE-PART GUN-GRADE POLYSULPHIDE- BASED JOINT SEALANTS PART 1 GENERAL REQUIREMENTS,IS 11433 (Part 1): 1985,ONE-PART GUN-GRADE POLYSULPHIDE- BASED JOINT SEALANTS PART 1 GENERAL REQUIREMENTS,sealant,ONE-PART GUN-GRADE POLYSULPHIDE- BASED JOINT SEALANTS PART 1 GENERAL REQUIREMENTS,natural_language,specific,title,IS 12118 (Part 1): 1987;IS 1834: 1984;IS 364: 1993;IS 2547 (Part 2): 1976,generated_from_metadata,
fcq_is_11433_part_1_1985_05,polysulphide for steel,IS 11433 (Part 1): 1985,ONE-PART GUN-GRADE POLYSULPHIDE- BASED JOINT SEALANTS PART 1 GENERAL REQUIREMENTS,polysulphide,steel,alias,general_but_sufficient,product_aliases;material,IS 12118 (Part 1): 1987;IS 1834: 1984;IS 364: 1993;IS 2547 (Part 2): 1976,generated_from_metadata,
fcq_is_11433_part_1_1985_06,sealants for steel,IS 11433 (Part 1): 1985,ONE-PART GUN-GRADE POLYSULPHIDE- BASED JOINT SEALANTS PART 1 GENERAL REQUIREMENTS,sealants,steel,alias,general_but_sufficient,product_aliases;material,IS 12118 (Part 1): 1987;IS 1834: 1984;IS 364: 1993;IS 2547 (Part 2): 1976,generated_from_metadata,
fcq_is_11433_part_1_1985_07,sealing compound for steel,IS 11433 (Part 1): 1985,ONE-PART GUN-GRADE POLYSULPHIDE- BASED JOINT SEALANTS PART 1 GENERAL REQUIREMENTS,sealing compound,steel,alias,general_but_sufficient,product_aliases;material,IS 12118 (Part 1): 1987;IS 1834: 1984;IS 364: 1993;IS 2547 (Part 2): 1976,generated_from_metadata,
fcq_is_1148_1982_01,HOT ROLLED STEEL RIVETS BARS standard,IS 1148: 1982,HOT ROLLED STEEL RIVETS BARS,rivet,HOT ROLLED STEEL RIVETS BARS,product_only,specific,primary_subject,IS 1149: 1982;IS 2155: 1982;IS 280: 1978;IS 2372: 2004,generated_from_metadata,
fcq_is_1148_1982_02,rivet required to structural fastening,IS 1148: 1982,HOT ROLLED STEEL RIVETS BARS,rivet,required to structural fastening,product_function,specific,canonical_product;function,IS 1149: 1982;IS 2155: 1982;IS 280: 1978;IS 2372: 2004,generated_from_metadata,
fcq_is_1148_1982_03,steel rivet,IS 1148: 1982,HOT ROLLED STEEL RIVETS BARS,rivet,steel construction or composition,product_material,specific,canonical_product;material,IS 1149: 1982;IS 2155: 1982;IS 280: 1978;IS 2372: 2004,generated_from_metadata,
fcq_is_1148_1982_04,Supply rivet meeting Indian Standard requirements for structural fastening; steel,IS 1148: 1982,HOT ROLLED STEEL RIVETS BARS,rivet,structural fastening; steel,tender_sentence,specific,canonical_product;function;material,IS 1149: 1982;IS 2155: 1982;IS 280: 1978;IS 2372: 2004,generated_from_metadata,
fcq_is_1148_1982_05,Need the Indian Standard covering HOT ROLLED STEEL RIVETS BARS,IS 1148: 1982,HOT ROLLED STEEL RIVETS BARS,rivet,HOT ROLLED STEEL RIVETS BARS,natural_language,specific,title,IS 1149: 1982;IS 2155: 1982;IS 280: 1978;IS 2372: 2004,generated_from_metadata,
fcq_is_1148_1982_06,rivet bar for steel,IS 1148: 1982,HOT ROLLED STEEL RIVETS BARS,rivet bar,steel,alias,general_but_sufficient,product_aliases;material,IS 1149: 1982;IS 2155: 1982;IS 280: 1978;IS 2372: 2004,generated_from_metadata,
fcq_is_1148_1982_07,rivet bars for steel,IS 1148: 1982,HOT ROLLED STEEL RIVETS BARS,rivet bars,steel,alias,general_but_sufficient,product_aliases;material,IS 1149: 1982;IS 2155: 1982;IS 280: 1978;IS 2372: 2004,generated_from_metadata,
fcq_is_1148_1982_08,rivets for steel,IS 1148: 1982,HOT ROLLED STEEL RIVETS BARS,rivets,steel,alias,general_but_sufficient,product_aliases;material,IS 1149: 1982;IS 2155: 1982;IS 280: 1978;IS 2372: 2004,generated_from_metadata,
fcq_is_1149_1982_01,HIGH TENSILE STEEL RIVETS BARS FOR STRUCTURAL PURPOSES standard,IS 1149: 1982,HIGH TENSILE STEEL RIVETS BARS FOR STRUCTURAL PURPOSES,rivet,HIGH TENSILE STEEL RIVETS BARS FOR STRUCTURAL PURPOSES,product_only,specific,primary_subject,IS 1148: 1982;IS 2998: 1982;IS 2090: 1983;IS 3004: 1979,generated_from_metadata,
fcq_is_1149_1982_02,Need the Indian Standard covering HIGH TENSILE STEEL RIVETS BARS FOR STRUCTURAL PURPOSES,IS 1149: 1982,HIGH TENSILE STEEL RIVETS BARS FOR STRUCTURAL PURPOSES,rivet,HIGH TENSILE STEEL RIVETS BARS FOR STRUCTURAL PURPOSES,natural_language,specific,title,IS 1148: 1982;IS 2998: 1982;IS 2090: 1983;IS 3004: 1979,generated_from_metadata,
fcq_is_1161_1998_01,STEEL TUBES FOR STRUCTURAL PURPOSES standard,IS 1161: 1998,STEEL TUBES FOR STRUCTURAL PURPOSES.,pipe,STEEL TUBES FOR STRUCTURAL PURPOSES,product_only,specific,primary_subject,IS 6286: 1971;IS 3589: 2001;IS 11587: 1986;IS 9912: 1981,generated_from_metadata,
fcq_is_1161_1998_02,steel pipe,IS 1161: 1998,STEEL TUBES FOR STRUCTURAL PURPOSES.,pipe,steel construction or composition,product_material,specific,canonical_product;material,IS 6286: 1971;IS 3589: 2001;IS 11587: 1986;IS 9912: 1981,generated_from_metadata,
fcq_is_1161_1998_03,Supply pipe meeting Indian Standard requirements for steel,IS 1161: 1998,STEEL TUBES FOR STRUCTURAL PURPOSES.,pipe,steel,tender_sentence,specific,canonical_product;material,IS 6286: 1971;IS 3589: 2001;IS 11587: 1986;IS 9912: 1981,generated_from_metadata,
fcq_is_1161_1998_04,Need the Indian Standard covering STEEL TUBES FOR STRUCTURAL PURPOSES.,IS 1161: 1998,STEEL TUBES FOR STRUCTURAL PURPOSES.,pipe,STEEL TUBES FOR STRUCTURAL PURPOSES.,natural_language,specific,title,IS 6286: 1971;IS 3589: 2001;IS 11587: 1986;IS 9912: 1981,generated_from_metadata,
fcq_is_1161_1998_05,casing pipe for steel,IS 1161: 1998,STEEL TUBES FOR STRUCTURAL PURPOSES.,casing pipe,steel,alias,general_but_sufficient,product_aliases;material,IS 6286: 1971;IS 3589: 2001;IS 11587: 1986;IS 9912: 1981,generated_from_metadata,
fcq_is_1161_1998_06,grp pipe for steel,IS 1161: 1998,STEEL TUBES FOR STRUCTURAL PURPOSES.,grp pipe,steel,alias,general_but_sufficient,product_aliases;material,IS 6286: 1971;IS 3589: 2001;IS 11587: 1986;IS 9912: 1981,generated_from_metadata,
fcq_is_1161_1998_07,hdpe pipe for steel,IS 1161: 1998,STEEL TUBES FOR STRUCTURAL PURPOSES.,hdpe pipe,steel,alias,general_but_sufficient,product_aliases;material,IS 6286: 1971;IS 3589: 2001;IS 11587: 1986;IS 9912: 1981,generated_from_metadata,
fcq_is_1195_2002_01,BITUMEN MASTIC FOR FLOORING standard,IS 1195: 2002,BITUMEN MASTIC FOR FLOORING,aggregate,BITUMEN MASTIC FOR FLOORING,product_only,specific,primary_subject,IS 13026: 1991;IS 8374: 1977;IS 3037: 1986;IS 9537 (Part 5): 2000,generated_from_metadata,
fcq_is_1195_2002_02,aggregate required to flooring,IS 1195: 2002,BITUMEN MASTIC FOR FLOORING,aggregate,required to flooring,product_function,specific,canonical_product;function,IS 13026: 1991;IS 8374: 1977;IS 3037: 1986;IS 9537 (Part 5): 2000,generated_from_metadata,
fcq_is_1195_2002_03,bitumen aggregate,IS 1195: 2002,BITUMEN MASTIC FOR FLOORING,aggregate,bitumen construction or composition,product_material,specific,canonical_product;material,IS 13026: 1991;IS 8374: 1977;IS 3037: 1986;IS 9537 (Part 5): 2000,generated_from_metadata,
fcq_is_1195_2002_04,aggregate for flooring,IS 1195: 2002,BITUMEN MASTIC FOR FLOORING,aggregate,for flooring,product_application,specific,canonical_product;application,IS 13026: 1991;IS 8374: 1977;IS 3037: 1986;IS 9537 (Part 5): 2000,generated_from_metadata,
fcq_is_1195_2002_05,bitumen aggregate for flooring,IS 1195: 2002,BITUMEN MASTIC FOR FLOORING,aggregate,bitumen product for flooring,material_application,specific,canonical_product;material;application,IS 13026: 1991;IS 8374: 1977;IS 3037: 1986;IS 9537 (Part 5): 2000,generated_from_metadata,
fcq_is_1195_2002_06,Supply aggregate meeting Indian Standard requirements for flooring; flooring; bitumen,IS 1195: 2002,BITUMEN MASTIC FOR FLOORING,aggregate,flooring; flooring; bitumen,tender_sentence,specific,canonical_product;application;function;material,IS 13026: 1991;IS 8374: 1977;IS 3037: 1986;IS 9537 (Part 5): 2000,generated_from_metadata,
fcq_is_1195_2002_07,Need the Indian Standard covering BITUMEN MASTIC FOR FLOORING,IS 1195: 2002,BITUMEN MASTIC FOR FLOORING,aggregate,BITUMEN MASTIC FOR FLOORING,natural_language,specific,title,IS 13026: 1991;IS 8374: 1977;IS 3037: 1986;IS 9537 (Part 5): 2000,generated_from_metadata,
fcq_is_1195_2002_08,"aggregate, flooring",IS 1195: 2002,BITUMEN MASTIC FOR FLOORING,aggregate,flooring,boq_short,general_but_sufficient,canonical_product;application,IS 13026: 1991;IS 8374: 1977;IS 3037: 1986;IS 9537 (Part 5): 2000,generated_from_metadata,
fcq_is_1195_2002_09,aggregates for flooring,IS 1195: 2002,BITUMEN MASTIC FOR FLOORING,aggregates,flooring,alias,general_but_sufficient,product_aliases;application,IS 13026: 1991;IS 8374: 1977;IS 3037: 1986;IS 9537 (Part 5): 2000,generated_from_metadata,
fcq_is_12049_1987_01,Need the Indian Standard covering DIMENSIONS AND TOLERANCES RELATING TO WOOD BASED PANEL MATERIALS,IS 12049: 1987,DIMENSIONS AND TOLERANCES RELATING TO WOOD BASED PANEL MATERIALS,board,DIMENSIONS AND TOLERANCES RELATING TO WOOD BASED PANEL MATERIALS,natural_language,specific,title,IS 3097: 1980;IS 10701: 1983;IS 218: 1983;IS 8081: 1976,generated_from_metadata,
fcq_is_12118_part_1_1987_01,TWO-PARTS POLYSULPHIDE BASED SEALANTS PART 1 GENERAL REQUIREMENTS the original profile in a horizontal position. 4.2 Plastic Deformation— The sealant shall have a standard,IS 12118 (Part 1): 1987,TWO-PARTS POLYSULPHIDE BASED SEALANTS PART 1 GENERAL REQUIREMENTS the original profile in a horizontal position. 4.2 Plastic Deformation— The sealant shall have a,sealant,TWO-PARTS POLYSULPHIDE BASED SEALANTS PART 1 GENERAL REQUIREMENTS the original profile in a horizontal position. 4.2 Plastic Deformation— The sealant shall have a,product_only,specific,primary_subject,IS 11433 (Part 1): 1985;IS 1834: 1984;IS 3951 (Part 1): 1975;IS 5246: 2000,generated_from_metadata,
fcq_is_12118_part_1_1987_02,clay sealant,IS 12118 (Part 1): 1987,TWO-PARTS POLYSULPHIDE BASED SEALANTS PART 1 GENERAL REQUIREMENTS the original profile in a horizontal position. 4.2 Plastic Deformation— The sealant shall have a,sealant,clay construction or composition,product_material,specific,canonical_product;material,IS 11433 (Part 1): 1985;IS 1834: 1984;IS 3951 (Part 1): 1975;IS 5246: 2000,generated_from_metadata,
fcq_is_12118_part_1_1987_03,Supply sealant meeting Indian Standard requirements for clay,IS 12118 (Part 1): 1987,TWO-PARTS POLYSULPHIDE BASED SEALANTS PART 1 GENERAL REQUIREMENTS the original profile in a horizontal position. 4.2 Plastic Deformation— The sealant shall have a,sealant,clay,tender_sentence,specific,canonical_product;material,IS 11433 (Part 1): 1985;IS 1834: 1984;IS 3951 (Part 1): 1975;IS 5246: 2000,generated_from_metadata,
fcq_is_12118_part_1_1987_04,Need the Indian Standard covering TWO-PARTS POLYSULPHIDE BASED SEALANTS PART 1 GENERAL REQUIREMENTS the original profile in a horizontal position. 4.2 Plastic Deformation— The sealant shall have a,IS 12118 (Part 1): 1987,TWO-PARTS POLYSULPHIDE BASED SEALANTS PART 1 GENERAL REQUIREMENTS the original profile in a horizontal position. 4.2 Plastic Deformation— The sealant shall have a,sealant,TWO-PARTS POLYSULPHIDE BASED SEALANTS PART 1 GENERAL REQUIREMENTS the original profile in a horizontal position. 4.2 Plastic Deformation— The sealant shall have a,natural_language,specific,title,IS 11433 (Part 1): 1985;IS 1834: 1984;IS 3951 (Part 1): 1975;IS 5246: 2000,generated_from_metadata,
fcq_is_12118_part_1_1987_05,polysulphide for clay,IS 12118 (Part 1): 1987,TWO-PARTS POLYSULPHIDE BASED SEALANTS PART 1 GENERAL REQUIREMENTS the original profile in a horizontal position. 4.2 Plastic Deformation— The sealant shall have a,polysulphide,clay,alias,general_but_sufficient,product_aliases;material,IS 11433 (Part 1): 1985;IS 1834: 1984;IS 3951 (Part 1): 1975;IS 5246: 2000,generated_from_metadata,
fcq_is_12118_part_1_1987_06,sealants for clay,IS 12118 (Part 1): 1987,TWO-PARTS POLYSULPHIDE BASED SEALANTS PART 1 GENERAL REQUIREMENTS the original profile in a horizontal position. 4.2 Plastic Deformation— The sealant shall have a,sealants,clay,alias,general_but_sufficient,product_aliases;material,IS 11433 (Part 1): 1985;IS 1834: 1984;IS 3951 (Part 1): 1975;IS 5246: 2000,generated_from_metadata,
fcq_is_12118_part_1_1987_07,sealing compound for clay,IS 12118 (Part 1): 1987,TWO-PARTS POLYSULPHIDE BASED SEALANTS PART 1 GENERAL REQUIREMENTS the original profile in a horizontal position. 4.2 Plastic Deformation— The sealant shall have a,sealing compound,clay,alias,general_but_sufficient,product_aliases;material,IS 11433 (Part 1): 1985;IS 1834: 1984;IS 3951 (Part 1): 1975;IS 5246: 2000,generated_from_metadata,
fcq_is_12269_1987_01,ordinary portland 53 grade standard,IS 12269: 1987,53 GRADE ORDINARY PORTLAND CEMENT 3.2 Soundness — unaerated cement not more than 10 mm by ‘Le Chatelier’ method and 0.8 percent by autoclave method 3.3 Setting Time —,cement,ordinary portland 53 grade,product_only,specific,product_subtype,IS 8112: 1989;IS 269: 1989;IS 2547 (Part 1): 1976;IS 1077: 1992,generated_from_metadata,
fcq_is_12269_1987_02,concrete cement,IS 12269: 1987,53 GRADE ORDINARY PORTLAND CEMENT 3.2 Soundness — unaerated cement not more than 10 mm by ‘Le Chatelier’ method and 0.8 percent by autoclave method 3.3 Setting Time —,cement,concrete construction or composition,product_material,specific,canonical_product;material,IS 8112: 1989;IS 269: 1989;IS 2547 (Part 1): 1976;IS 1077: 1992,generated_from_metadata,
fcq_is_12269_1987_03,Supply cement meeting Indian Standard requirements for concrete,IS 12269: 1987,53 GRADE ORDINARY PORTLAND CEMENT 3.2 Soundness — unaerated cement not more than 10 mm by ‘Le Chatelier’ method and 0.8 percent by autoclave method 3.3 Setting Time —,cement,concrete,tender_sentence,specific,canonical_product;material,IS 8112: 1989;IS 269: 1989;IS 2547 (Part 1): 1976;IS 1077: 1992,generated_from_metadata,
fcq_is_12269_1987_04,Need the Indian Standard covering 53 GRADE ORDINARY PORTLAND CEMENT 3.2 Soundness — unaerated cement not more than 10 mm by ‘Le Chatelier’ method and 0.8 percent by autoclave method 3.3 Setting Time —,IS 12269: 1987,53 GRADE ORDINARY PORTLAND CEMENT 3.2 Soundness — unaerated cement not more than 10 mm by ‘Le Chatelier’ method and 0.8 percent by autoclave method 3.3 Setting Time —,cement,53 GRADE ORDINARY PORTLAND CEMENT 3.2 Soundness — unaerated cement not more than 10 mm by ‘Le Chatelier’ method and 0.8 percent by autoclave method 3.3 Setting Time —,natural_language,specific,title,IS 8112: 1989;IS 269: 1989;IS 2547 (Part 1): 1976;IS 1077: 1992,generated_from_metadata,
fcq_is_12269_1987_05,lime pozzolana mixture for concrete,IS 12269: 1987,53 GRADE ORDINARY PORTLAND CEMENT 3.2 Soundness — unaerated cement not more than 10 mm by ‘Le Chatelier’ method and 0.8 percent by autoclave method 3.3 Setting Time —,lime pozzolana mixture,concrete,alias,general_but_sufficient,product_aliases;material,IS 8112: 1989;IS 269: 1989;IS 2547 (Part 1): 1976;IS 1077: 1992,generated_from_metadata,
fcq_is_12269_1987_06,lime-pozzolana concrete for concrete,IS 12269: 1987,53 GRADE ORDINARY PORTLAND CEMENT 3.2 Soundness — unaerated cement not more than 10 mm by ‘Le Chatelier’ method and 0.8 percent by autoclave method 3.3 Setting Time —,lime-pozzolana concrete,concrete,alias,general_but_sufficient,product_aliases;material,IS 8112: 1989;IS 269: 1989;IS 2547 (Part 1): 1976;IS 1077: 1992,generated_from_metadata,
fcq_is_12269_1987_07,masonry cement for concrete,IS 12269: 1987,53 GRADE ORDINARY PORTLAND CEMENT 3.2 Soundness — unaerated cement not more than 10 mm by ‘Le Chatelier’ method and 0.8 percent by autoclave method 3.3 Setting Time —,masonry cement,concrete,alias,general_but_sufficient,product_aliases;material,IS 8112: 1989;IS 269: 1989;IS 2547 (Part 1): 1976;IS 1077: 1992,generated_from_metadata,
fcq_is_12313_1988_01,HOT–DIP TERNE COATED CARBON STEEL SHEETS TABLE 1 CHEMICAL COMPOSITION (LADLE ANALYSIS) Quality C standard,IS 12313: 1988,HOT–DIP TERNE COATED CARBON STEEL SHEETS TABLE 1 CHEMICAL COMPOSITION (LADLE ANALYSIS) Quality C,steel sheet,HOT–DIP TERNE COATED CARBON STEEL SHEETS TABLE 1 CHEMICAL COMPOSITION (LADLE ANALYSIS) Quality C,product_only,specific,primary_subject,IS 513: 1994;IS 1079: 1994;IS 8363: 1976;IS 10889: 1984,generated_from_metadata,
fcq_is_12313_1988_02,steel sheet required to roofing,IS 12313: 1988,HOT–DIP TERNE COATED CARBON STEEL SHEETS TABLE 1 CHEMICAL COMPOSITION (LADLE ANALYSIS) Quality C,steel sheet,required to roofing,product_function,specific,canonical_product;function,IS 513: 1994;IS 1079: 1994;IS 8363: 1976;IS 10889: 1984,generated_from_metadata,
fcq_is_12313_1988_03,steel sheet for roofing,IS 12313: 1988,HOT–DIP TERNE COATED CARBON STEEL SHEETS TABLE 1 CHEMICAL COMPOSITION (LADLE ANALYSIS) Quality C,steel sheet,for roofing,product_application,specific,canonical_product;application,IS 513: 1994;IS 1079: 1994;IS 8363: 1976;IS 10889: 1984,generated_from_metadata,
fcq_is_12313_1988_04,steel steel sheet for roofing,IS 12313: 1988,HOT–DIP TERNE COATED CARBON STEEL SHEETS TABLE 1 CHEMICAL COMPOSITION (LADLE ANALYSIS) Quality C,steel sheet,steel product for roofing,material_application,specific,canonical_product;material;application,IS 513: 1994;IS 1079: 1994;IS 8363: 1976;IS 10889: 1984,generated_from_metadata,
fcq_is_12313_1988_05,Supply steel sheet meeting Indian Standard requirements for roofing; roofing; steel,IS 12313: 1988,HOT–DIP TERNE COATED CARBON STEEL SHEETS TABLE 1 CHEMICAL COMPOSITION (LADLE ANALYSIS) Quality C,steel sheet,roofing; roofing; steel,tender_sentence,specific,canonical_product;application;function;material,IS 513: 1994;IS 1079: 1994;IS 8363: 1976;IS 10889: 1984,generated_from_metadata,
fcq_is_12313_1988_06,Need the Indian Standard covering HOT–DIP TERNE COATED CARBON STEEL SHEETS TABLE 1 CHEMICAL COMPOSITION (LADLE ANALYSIS) Quality C,IS 12313: 1988,HOT–DIP TERNE COATED CARBON STEEL SHEETS TABLE 1 CHEMICAL COMPOSITION (LADLE ANALYSIS) Quality C,steel sheet,HOT–DIP TERNE COATED CARBON STEEL SHEETS TABLE 1 CHEMICAL COMPOSITION (LADLE ANALYSIS) Quality C,natural_language,specific,title,IS 513: 1994;IS 1079: 1994;IS 8363: 1976;IS 10889: 1984,generated_from_metadata,
fcq_is_12313_1988_07,"steel sheet, roofing",IS 12313: 1988,HOT–DIP TERNE COATED CARBON STEEL SHEETS TABLE 1 CHEMICAL COMPOSITION (LADLE ANALYSIS) Quality C,steel sheet,roofing,boq_short,general_but_sufficient,canonical_product;application,IS 513: 1994;IS 1079: 1994;IS 8363: 1976;IS 10889: 1984,generated_from_metadata,
fcq_is_12313_1988_08,carbon steel sheet for roofing,IS 12313: 1988,HOT–DIP TERNE COATED CARBON STEEL SHEETS TABLE 1 CHEMICAL COMPOSITION (LADLE ANALYSIS) Quality C,carbon steel sheet,roofing,alias,general_but_sufficient,product_aliases;application,IS 513: 1994;IS 1079: 1994;IS 8363: 1976;IS 10889: 1984,generated_from_metadata,
fcq_is_12313_1988_09,carbon steel sheets for roofing,IS 12313: 1988,HOT–DIP TERNE COATED CARBON STEEL SHEETS TABLE 1 CHEMICAL COMPOSITION (LADLE ANALYSIS) Quality C,carbon steel sheets,roofing,alias,general_but_sufficient,product_aliases;application,IS 513: 1994;IS 1079: 1994;IS 8363: 1976;IS 10889: 1984,generated_from_metadata,
fcq_is_12313_1988_10,steel sheets for roofing,IS 12313: 1988,HOT–DIP TERNE COATED CARBON STEEL SHEETS TABLE 1 CHEMICAL COMPOSITION (LADLE ANALYSIS) Quality C,steel sheets,roofing,alias,general_but_sufficient,product_aliases;application,IS 513: 1994;IS 1079: 1994;IS 8363: 1976;IS 10889: 1984,generated_from_metadata,
fcq_is_12330_1988_01,SULPHATE RESISTING PORTLAND CEMENT standard,IS 12330: 1988,SULPHATE RESISTING PORTLAND CEMENT,cement,SULPHATE RESISTING PORTLAND CEMENT,product_only,specific,primary_subject,IS 8043: 1991;IS 3466: 1988;IS 2547 (Part 1): 1976;IS 6598: 1972,generated_from_metadata,
fcq_is_12330_1988_02,Need the Indian Standard covering SULPHATE RESISTING PORTLAND CEMENT,IS 12330: 1988,SULPHATE RESISTING PORTLAND CEMENT,cement,SULPHATE RESISTING PORTLAND CEMENT,natural_language,specific,title,IS 8043: 1991;IS 3466: 1988;IS 2547 (Part 1): 1976;IS 6598: 1972,generated_from_metadata,
fcq_is_1239_part_1_2004_01,"STEEL TUBES, TUBULARS ANDOTHER WROUGHT STEEL FITTINGS PART 1 STEEL TUBES standard",IS 1239 (Part 1): 2004,"STEEL TUBES, TUBULARS ANDOTHER WROUGHT STEEL FITTINGS PART 1 STEEL TUBES",pipe,"STEEL TUBES, TUBULARS ANDOTHER WROUGHT STEEL FITTINGS PART 1 STEEL TUBES",product_only,specific,primary_subject,IS 4270: 2001;IS 432 (Part 1): 1982;IS 11587: 1986;IS 9739: 1981,generated_from_metadata,
fcq_is_1239_part_1_2004_02,"Need the Indian Standard covering STEEL TUBES, TUBULARS ANDOTHER WROUGHT STEEL FITTINGS PART 1 STEEL TUBES",IS 1239 (Part 1): 2004,"STEEL TUBES, TUBULARS ANDOTHER WROUGHT STEEL FITTINGS PART 1 STEEL TUBES",pipe,"STEEL TUBES, TUBULARS ANDOTHER WROUGHT STEEL FITTINGS PART 1 STEEL TUBES",natural_language,specific,title,IS 4270: 2001;IS 432 (Part 1): 1982;IS 11587: 1986;IS 9739: 1981,generated_from_metadata,
fcq_is_12406_2003_01,MEDIUM DENSITY FIBRE BOARDS FOR GENERAL PURPOSES 1. Scope — Requirements of medium density fibre boards for general purposes having density in the range standard,IS 12406: 2003,MEDIUM DENSITY FIBRE BOARDS FOR GENERAL PURPOSES 1. Scope — Requirements of medium density fibre boards for general purposes having density in the range,board,MEDIUM DENSITY FIBRE BOARDS FOR GENERAL PURPOSES 1. Scope — Requirements of medium density fibre boards for general purposes having density in the range,product_only,specific,primary_subject,IS 15491: 2004;IS 3087: 1985;IS 4895: 1985;IS 404 (Part 1): 1993,generated_from_metadata,
fcq_is_12406_2003_02,Need the Indian Standard covering MEDIUM DENSITY FIBRE BOARDS FOR GENERAL PURPOSES 1. Scope — Requirements of medium density fibre boards for general purposes having density in the range,IS 12406: 2003,MEDIUM DENSITY FIBRE BOARDS FOR GENERAL PURPOSES 1. Scope — Requirements of medium density fibre boards for general purposes having density in the range,board,MEDIUM DENSITY FIBRE BOARDS FOR GENERAL PURPOSES 1. Scope — Requirements of medium density fibre boards for general purposes having density in the range,natural_language,specific,title,IS 15491: 2004;IS 3087: 1985;IS 4895: 1985;IS 404 (Part 1): 1993,generated_from_metadata,
fcq_is_12427_2001_01,FASTENERS – THREADED STEEL FASTENERS – HEXAGON HEAD TRANSMISSION TOWER BOLTS standard,IS 12427: 2001,FASTENERS – THREADED STEEL FASTENERS – HEXAGON HEAD TRANSMISSION TOWER BOLTS,bolt,FASTENERS – THREADED STEEL FASTENERS – HEXAGON HEAD TRANSMISSION TOWER BOLTS,product_only,specific,primary_subject,IS 8412: 1977;IS 6639: 1972;IS 12313: 1988;IS 2372: 2004,generated_from_metadata,
fcq_is_12427_2001_02,Supply bolt meeting Indian Standard requirements for steel,IS 12427: 2001,FASTENERS – THREADED STEEL FASTENERS – HEXAGON HEAD TRANSMISSION TOWER BOLTS,bolt,steel,tender_sentence,specific,canonical_product;material,IS 8412: 1977;IS 6639: 1972;IS 12313: 1988;IS 2372: 2004,generated_from_metadata,
fcq_is_12427_2001_03,Need the Indian Standard covering FASTENERS – THREADED STEEL FASTENERS – HEXAGON HEAD TRANSMISSION TOWER BOLTS,IS 12427: 2001,FASTENERS – THREADED STEEL FASTENERS – HEXAGON HEAD TRANSMISSION TOWER BOLTS,bolt,FASTENERS – THREADED STEEL FASTENERS – HEXAGON HEAD TRANSMISSION TOWER BOLTS,natural_language,specific,title,IS 8412: 1977;IS 6639: 1972;IS 12313: 1988;IS 2372: 2004,generated_from_metadata,
fcq_is_12436_1988_01,"PREFORMED RIGID POLYURETHANE (PUR) AND POLYISOCYANURATE (PIR) FOAMS FOR THERMAL INSULATION 1. Scope – Requirements, and the methods of sampling and test for preformed rigid polyurethane (PUR) and standard",IS 12436: 1988,"PREFORMED RIGID POLYURETHANE (PUR) AND POLYISOCYANURATE (PIR) FOAMS FOR THERMAL INSULATION 1. Scope – Requirements, and the methods of sampling and test for preformed rigid polyurethane (PUR) and",thermal insulation,"PREFORMED RIGID POLYURETHANE (PUR) AND POLYISOCYANURATE (PIR) FOAMS FOR THERMAL INSULATION 1. Scope – Requirements, and the methods of sampling and test for preformed rigid polyurethane (PUR) and",product_only,specific,primary_subject,IS 9842: 1994;IS 4671: 1984;IS 3709: 1966;IS 12830: 1989,generated_from_metadata,
fcq_is_12436_1988_02,"Need the Indian Standard covering PREFORMED RIGID POLYURETHANE (PUR) AND POLYISOCYANURATE (PIR) FOAMS FOR THERMAL INSULATION 1. Scope – Requirements, and the methods of sampling and test for preformed rigid polyurethane (PUR) and",IS 12436: 1988,"PREFORMED RIGID POLYURETHANE (PUR) AND POLYISOCYANURATE (PIR) FOAMS FOR THERMAL INSULATION 1. Scope – Requirements, and the methods of sampling and test for preformed rigid polyurethane (PUR) and",thermal insulation,"PREFORMED RIGID POLYURETHANE (PUR) AND POLYISOCYANURATE (PIR) FOAMS FOR THERMAL INSULATION 1. Scope – Requirements, and the methods of sampling and test for preformed rigid polyurethane (PUR) and",natural_language,specific,title,IS 9842: 1994;IS 4671: 1984;IS 3709: 1966;IS 12830: 1989,generated_from_metadata,
fcq_is_12440_1988_01,"PRECAST CONCRETE STONE MASONRY BLOCKS 3.2 For 200, 150 and 100 mm nominal thick walls, the blocks shall be of 300 × 200 × 150 mm, 300 × 150 × 150 mm and 300 × 100 × 150 mm nominal size respectively. 3.3 For accommodating vertical reinforcem standard",IS 12440: 1988,"PRECAST CONCRETE STONE MASONRY BLOCKS 3.2 For 200, 150 and 100 mm nominal thick walls, the blocks shall be of 300 × 200 × 150 mm, 300 × 150 × 150 mm and 300 × 100 × 150 mm nominal size respectively. 3.3 For accommodating vertical reinforcement required",block,"PRECAST CONCRETE STONE MASONRY BLOCKS 3.2 For 200, 150 and 100 mm nominal thick walls, the blocks shall be of 300 × 200 × 150 mm, 300 × 150 × 150 mm and 300 × 100 × 150 mm nominal size respectively. 3.3 For accommodating vertical reinforcem",product_only,specific,primary_subject,IS 9893: 1981;IS 3620: 1979;IS 9197: 1979;IS 2372: 2004,generated_from_metadata,
fcq_is_12440_1988_02,concrete block,IS 12440: 1988,"PRECAST CONCRETE STONE MASONRY BLOCKS 3.2 For 200, 150 and 100 mm nominal thick walls, the blocks shall be of 300 × 200 × 150 mm, 300 × 150 × 150 mm and 300 × 100 × 150 mm nominal size respectively. 3.3 For accommodating vertical reinforcement required",block,concrete construction or composition,product_material,specific,canonical_product;material,IS 9893: 1981;IS 3620: 1979;IS 9197: 1979;IS 2372: 2004,generated_from_metadata,
fcq_is_12440_1988_03,Supply block meeting Indian Standard requirements for concrete,IS 12440: 1988,"PRECAST CONCRETE STONE MASONRY BLOCKS 3.2 For 200, 150 and 100 mm nominal thick walls, the blocks shall be of 300 × 200 × 150 mm, 300 × 150 × 150 mm and 300 × 100 × 150 mm nominal size respectively. 3.3 For accommodating vertical reinforcement required",block,concrete,tender_sentence,specific,canonical_product;material,IS 9893: 1981;IS 3620: 1979;IS 9197: 1979;IS 2372: 2004,generated_from_metadata,
fcq_is_12440_1988_04,"Need the Indian Standard covering PRECAST CONCRETE STONE MASONRY BLOCKS 3.2 For 200, 150 and 100 mm nominal thick walls, the blocks shall be of 300 × 200 × 150 mm, 300 × 150 × 150 mm and 300 × 100 × 150 mm nominal size respectively. 3.3 For accommodating vertical reinforcement required",IS 12440: 1988,"PRECAST CONCRETE STONE MASONRY BLOCKS 3.2 For 200, 150 and 100 mm nominal thick walls, the blocks shall be of 300 × 200 × 150 mm, 300 × 150 × 150 mm and 300 × 100 × 150 mm nominal size respectively. 3.3 For accommodating vertical reinforcement required",block,"PRECAST CONCRETE STONE MASONRY BLOCKS 3.2 For 200, 150 and 100 mm nominal thick walls, the blocks shall be of 300 × 200 × 150 mm, 300 × 150 × 150 mm and 300 × 100 × 150 mm nominal size respectively. 3.3 For accommodating vertical reinforcement required",natural_language,specific,title,IS 9893: 1981;IS 3620: 1979;IS 9197: 1979;IS 2372: 2004,generated_from_metadata,
fcq_is_12440_1988_05,blocks for concrete,IS 12440: 1988,"PRECAST CONCRETE STONE MASONRY BLOCKS 3.2 For 200, 150 and 100 mm nominal thick walls, the blocks shall be of 300 × 200 × 150 mm, 300 × 150 × 150 mm and 300 × 100 × 150 mm nominal size respectively. 3.3 For accommodating vertical reinforcement required",blocks,concrete,alias,general_but_sufficient,product_aliases;material,IS 9893: 1981;IS 3620: 1979;IS 9197: 1979;IS 2372: 2004,generated_from_metadata,
fcq_is_12440_1988_06,concrete block for concrete,IS 12440: 1988,"PRECAST CONCRETE STONE MASONRY BLOCKS 3.2 For 200, 150 and 100 mm nominal thick walls, the blocks shall be of 300 × 200 × 150 mm, 300 × 150 × 150 mm and 300 × 100 × 150 mm nominal size respectively. 3.3 For accommodating vertical reinforcement required",concrete block,concrete,alias,general_but_sufficient,product_aliases;material,IS 9893: 1981;IS 3620: 1979;IS 9197: 1979;IS 2372: 2004,generated_from_metadata,
fcq_is_12440_1988_07,masonry block for concrete,IS 12440: 1988,"PRECAST CONCRETE STONE MASONRY BLOCKS 3.2 For 200, 150 and 100 mm nominal thick walls, the blocks shall be of 300 × 200 × 150 mm, 300 × 150 × 150 mm and 300 × 100 × 150 mm nominal size respectively. 3.3 For accommodating vertical reinforcement required",masonry block,concrete,alias,general_but_sufficient,product_aliases;material,IS 9893: 1981;IS 3620: 1979;IS 9197: 1979;IS 2372: 2004,generated_from_metadata,
fcq_is_12583_1988_01,CORRUGATED BITMEN ROOFING SHEETS ± ± ± ± standard,IS 12583: 1988,CORRUGATED BITMEN ROOFING SHEETS,roofing sheet,CORRUGATED BITMEN ROOFING SHEETS ± ± ± ±,product_only,specific,primary_subject,IS 1254: 1991;IS 15476: 2004;IS 277: 2003;IS 412: 1975,generated_from_metadata,
fcq_is_12583_1988_02,roofing sheet required to roofing,IS 12583: 1988,CORRUGATED BITMEN ROOFING SHEETS,roofing sheet,required to roofing,product_function,specific,canonical_product;function,IS 1254: 1991;IS 15476: 2004;IS 277: 2003;IS 412: 1975,generated_from_metadata,
fcq_is_12583_1988_03,bitumen roofing sheet,IS 12583: 1988,CORRUGATED BITMEN ROOFING SHEETS,roofing sheet,bitumen construction or composition,product_material,specific,canonical_product;material,IS 1254: 1991;IS 15476: 2004;IS 277: 2003;IS 412: 1975,generated_from_metadata,
fcq_is_12583_1988_04,roofing sheet for roofing,IS 12583: 1988,CORRUGATED BITMEN ROOFING SHEETS,roofing sheet,for roofing,product_application,specific,canonical_product;application,IS 1254: 1991;IS 15476: 2004;IS 277: 2003;IS 412: 1975,generated_from_metadata,
fcq_is_12583_1988_05,bitumen roofing sheet for roofing,IS 12583: 1988,CORRUGATED BITMEN ROOFING SHEETS,roofing sheet,bitumen product for roofing,material_application,specific,canonical_product;material;application,IS 1254: 1991;IS 15476: 2004;IS 277: 2003;IS 412: 1975,generated_from_metadata,
fcq_is_12583_1988_06,Supply roofing sheet meeting Indian Standard requirements for roofing; roofing; bitumen,IS 12583: 1988,CORRUGATED BITMEN ROOFING SHEETS,roofing sheet,roofing; roofing; bitumen,tender_sentence,specific,canonical_product;application;function;material,IS 1254: 1991;IS 15476: 2004;IS 277: 2003;IS 412: 1975,generated_from_metadata,
fcq_is_12583_1988_07,Need the Indian Standard covering CORRUGATED BITMEN ROOFING SHEETS,IS 12583: 1988,CORRUGATED BITMEN ROOFING SHEETS,roofing sheet,CORRUGATED BITMEN ROOFING SHEETS,natural_language,specific,title,IS 1254: 1991;IS 15476: 2004;IS 277: 2003;IS 412: 1975,generated_from_metadata,
fcq_is_12583_1988_08,"roofing sheet, roofing",IS 12583: 1988,CORRUGATED BITMEN ROOFING SHEETS,roofing sheet,roofing,boq_short,general_but_sufficient,canonical_product;application,IS 1254: 1991;IS 15476: 2004;IS 277: 2003;IS 412: 1975,generated_from_metadata,
fcq_is_12583_1988_09,corrugated sheet for roofing,IS 12583: 1988,CORRUGATED BITMEN ROOFING SHEETS,corrugated sheet,roofing,alias,general_but_sufficient,product_aliases;application,IS 1254: 1991;IS 15476: 2004;IS 277: 2003;IS 412: 1975,generated_from_metadata,
fcq_is_12583_1988_10,corrugated sheets for roofing,IS 12583: 1988,CORRUGATED BITMEN ROOFING SHEETS,corrugated sheets,roofing,alias,general_but_sufficient,product_aliases;application,IS 1254: 1991;IS 15476: 2004;IS 277: 2003;IS 412: 1975,generated_from_metadata,
fcq_is_12583_1988_11,roofing sheets for roofing,IS 12583: 1988,CORRUGATED BITMEN ROOFING SHEETS,roofing sheets,roofing,alias,general_but_sufficient,product_aliases;application,IS 1254: 1991;IS 15476: 2004;IS 277: 2003;IS 412: 1975,generated_from_metadata,
fcq_is_12592_2002_01,PRECAST CONCRETE MANHOLE COVER AND FRAME standard,IS 12592: 2002,PRECAST CONCRETE MANHOLE COVER AND FRAME,cement,PRECAST CONCRETE MANHOLE COVER AND FRAME,product_only,specific,primary_subject,IS 455: 1989;IS 10360: 1982;IS 6908: 1991;IS 1726: 1991,generated_from_metadata,
fcq_is_12592_2002_02,cement required to carry sewage,IS 12592: 2002,PRECAST CONCRETE MANHOLE COVER AND FRAME,cement,required to carry sewage,product_function,specific,canonical_product;function,IS 455: 1989;IS 10360: 1982;IS 6908: 1991;IS 1726: 1991,generated_from_metadata,
fcq_is_12592_2002_03,steel cement,IS 12592: 2002,PRECAST CONCRETE MANHOLE COVER AND FRAME,cement,steel construction or composition,product_material,specific,canonical_product;material,IS 455: 1989;IS 10360: 1982;IS 6908: 1991;IS 1726: 1991,generated_from_metadata,
fcq_is_12592_2002_04,cement for sewerage,IS 12592: 2002,PRECAST CONCRETE MANHOLE COVER AND FRAME,cement,for sewerage,product_application,specific,canonical_product;application,IS 455: 1989;IS 10360: 1982;IS 6908: 1991;IS 1726: 1991,generated_from_metadata,
fcq_is_12592_2002_05,steel cement for sewerage,IS 12592: 2002,PRECAST CONCRETE MANHOLE COVER AND FRAME,cement,steel product for sewerage,material_application,specific,canonical_product;material;application,IS 455: 1989;IS 10360: 1982;IS 6908: 1991;IS 1726: 1991,generated_from_metadata,
fcq_is_12592_2002_06,Supply cement meeting Indian Standard requirements for sewerage; carry sewage; steel,IS 12592: 2002,PRECAST CONCRETE MANHOLE COVER AND FRAME,cement,sewerage; carry sewage; steel,tender_sentence,specific,canonical_product;application;function;material,IS 455: 1989;IS 10360: 1982;IS 6908: 1991;IS 1726: 1991,generated_from_metadata,
fcq_is_12592_2002_07,Need the Indian Standard covering PRECAST CONCRETE MANHOLE COVER AND FRAME,IS 12592: 2002,PRECAST CONCRETE MANHOLE COVER AND FRAME,cement,PRECAST CONCRETE MANHOLE COVER AND FRAME,natural_language,specific,title,IS 455: 1989;IS 10360: 1982;IS 6908: 1991;IS 1726: 1991,generated_from_metadata,
fcq_is_12592_2002_08,"cement, sewerage",IS 12592: 2002,PRECAST CONCRETE MANHOLE COVER AND FRAME,cement,sewerage,boq_short,general_but_sufficient,canonical_product;application,IS 455: 1989;IS 10360: 1982;IS 6908: 1991;IS 1726: 1991,generated_from_metadata,
fcq_is_12592_2002_09,lime pozzolana mixture for sewerage,IS 12592: 2002,PRECAST CONCRETE MANHOLE COVER AND FRAME,lime pozzolana mixture,sewerage,alias,general_but_sufficient,product_aliases;application,IS 455: 1989;IS 10360: 1982;IS 6908: 1991;IS 1726: 1991,generated_from_metadata,
fcq_is_12592_2002_10,lime-pozzolana concrete for sewerage,IS 12592: 2002,PRECAST CONCRETE MANHOLE COVER AND FRAME,lime-pozzolana concrete,sewerage,alias,general_but_sufficient,product_aliases;application,IS 455: 1989;IS 10360: 1982;IS 6908: 1991;IS 1726: 1991,generated_from_metadata,
fcq_is_12592_2002_11,masonry cement for sewerage,IS 12592: 2002,PRECAST CONCRETE MANHOLE COVER AND FRAME,masonry cement,sewerage,alias,general_but_sufficient,product_aliases;application,IS 455: 1989;IS 10360: 1982;IS 6908: 1991;IS 1726: 1991,generated_from_metadata,
fcq_is_12701_1996_01,ROTATIONAL MOULDED POLYETHYLENE WATER STORAGE TANKS standard,IS 12701: 1996,ROTATIONAL MOULDED POLYETHYLENE WATER STORAGE TANKS,water tank,ROTATIONAL MOULDED POLYETHYLENE WATER STORAGE TANKS,product_only,specific,primary_subject,IS 804: 1967;IS 13356: 1992;IS 208: 1996;IS 12234: 1988,generated_from_metadata,
fcq_is_12701_1996_02,water tank for door and window construction,IS 12701: 1996,ROTATIONAL MOULDED POLYETHYLENE WATER STORAGE TANKS,water tank,for door and window construction,product_application,specific,canonical_product;application,IS 804: 1967;IS 13356: 1992;IS 208: 1996;IS 12234: 1988,generated_from_metadata,
fcq_is_12701_1996_03,Supply water tank meeting Indian Standard requirements for door and window construction,IS 12701: 1996,ROTATIONAL MOULDED POLYETHYLENE WATER STORAGE TANKS,water tank,door and window construction,tender_sentence,specific,canonical_product;application,IS 804: 1967;IS 13356: 1992;IS 208: 1996;IS 12234: 1988,generated_from_metadata,
fcq_is_12701_1996_04,Need the Indian Standard covering ROTATIONAL MOULDED POLYETHYLENE WATER STORAGE TANKS,IS 12701: 1996,ROTATIONAL MOULDED POLYETHYLENE WATER STORAGE TANKS,water tank,ROTATIONAL MOULDED POLYETHYLENE WATER STORAGE TANKS,natural_language,specific,title,IS 804: 1967;IS 13356: 1992;IS 208: 1996;IS 12234: 1988,generated_from_metadata,
fcq_is_12701_1996_05,"water tank, door and window construction",IS 12701: 1996,ROTATIONAL MOULDED POLYETHYLENE WATER STORAGE TANKS,water tank,door and window construction,boq_short,general_but_sufficient,canonical_product;application,IS 804: 1967;IS 13356: 1992;IS 208: 1996;IS 12234: 1988,generated_from_metadata,
fcq_is_12701_1996_06,tank for door and window construction,IS 12701: 1996,ROTATIONAL MOULDED POLYETHYLENE WATER STORAGE TANKS,tank,door and window construction,alias,general_but_sufficient,product_aliases;application,IS 804: 1967;IS 13356: 1992;IS 208: 1996;IS 12234: 1988,generated_from_metadata,
fcq_is_12701_1996_07,water tanks for door and window construction,IS 12701: 1996,ROTATIONAL MOULDED POLYETHYLENE WATER STORAGE TANKS,water tanks,door and window construction,alias,general_but_sufficient,product_aliases;application,IS 804: 1967;IS 13356: 1992;IS 208: 1996;IS 12234: 1988,generated_from_metadata,
fcq_is_12709_1994_01,"— which are 200, 250, 300, 350, 400, 450, 500, 600, 700, 800, 900, 1 000, 1 100, 1 200, 1 400, 1 600, 1 800, 2 000, 2 200, 2 400, 2 600, 2 800 and 3 000 mm standard",IS 12709: 1994,GLASS FIBRE REINFORCED PLASTICS (GRP),glass,"— which are 200, 250, 300, 350, 400, 450, 500, 600, 700, 800, 900, 1 000, 1 100, 1 200, 1 400, 1 600, 1 800, 2 000, 2 200, 2 400, 2 600, 2 800 and 3 000 mm",product_only,specific,primary_subject,IS 14402: 1996;IS 14856: 2000;IS 14182: 1994;IS 1538: 1993,generated_from_metadata,
fcq_is_12709_1994_02,glass required to carry potable water,IS 12709: 1994,GLASS FIBRE REINFORCED PLASTICS (GRP),glass,required to carry potable water,product_function,specific,canonical_product;function,IS 14402: 1996;IS 14856: 2000;IS 14182: 1994;IS 1538: 1993,generated_from_metadata,
fcq_is_12709_1994_03,glass for potable water supply,IS 12709: 1994,GLASS FIBRE REINFORCED PLASTICS (GRP),glass,for potable water supply,product_application,specific,canonical_product;application,IS 14402: 1996;IS 14856: 2000;IS 14182: 1994;IS 1538: 1993,generated_from_metadata,
fcq_is_12709_1994_04,glass fibre reinforced plastic glass for potable water supply,IS 12709: 1994,GLASS FIBRE REINFORCED PLASTICS (GRP),glass,glass fibre reinforced plastic product for potable water supply,material_application,specific,canonical_product;material;application,IS 14402: 1996;IS 14856: 2000;IS 14182: 1994;IS 1538: 1993,generated_from_metadata,
fcq_is_12709_1994_05,Supply glass meeting Indian Standard requirements for potable water supply; carry potable water; glass fibre reinforced plastic,IS 12709: 1994,GLASS FIBRE REINFORCED PLASTICS (GRP),glass,potable water supply; carry potable water; glass fibre reinforced plastic,tender_sentence,specific,canonical_product;application;function;material,IS 14402: 1996;IS 14856: 2000;IS 14182: 1994;IS 1538: 1993,generated_from_metadata,
fcq_is_12709_1994_06,Need the Indian Standard covering GLASS FIBRE REINFORCED PLASTICS (GRP),IS 12709: 1994,GLASS FIBRE REINFORCED PLASTICS (GRP),glass,GLASS FIBRE REINFORCED PLASTICS (GRP),natural_language,specific,title,IS 14402: 1996;IS 14856: 2000;IS 14182: 1994;IS 1538: 1993,generated_from_metadata,
fcq_is_12709_1994_07,"glass, potable water supply",IS 12709: 1994,GLASS FIBRE REINFORCED PLASTICS (GRP),glass,potable water supply,boq_short,general_but_sufficient,canonical_product;application,IS 14402: 1996;IS 14856: 2000;IS 14182: 1994;IS 1538: 1993,generated_from_metadata,
fcq_is_12709_1994_08,glass fiber for potable water supply,IS 12709: 1994,GLASS FIBRE REINFORCED PLASTICS (GRP),glass fiber,potable water supply,alias,general_but_sufficient,product_aliases;application,IS 14402: 1996;IS 14856: 2000;IS 14182: 1994;IS 1538: 1993,generated_from_metadata,
fcq_is_12709_1994_09,glass fibre for potable water supply,IS 12709: 1994,GLASS FIBRE REINFORCED PLASTICS (GRP),glass fibre,potable water supply,alias,general_but_sufficient,product_aliases;application,IS 14402: 1996;IS 14856: 2000;IS 14182: 1994;IS 1538: 1993,generated_from_metadata,
fcq_is_12709_1994_10,glass fibre reinforced for potable water supply,IS 12709: 1994,GLASS FIBRE REINFORCED PLASTICS (GRP),glass fibre reinforced,potable water supply,alias,general_but_sufficient,product_aliases;application,IS 14402: 1996;IS 14856: 2000;IS 14182: 1994;IS 1538: 1993,generated_from_metadata,
fcq_is_12778_2004_01,"HOT ROLLED PARALLEL FLANGE STEEL SECTION FOR BEAMS, COLUMNS AND BEARING PILES DIMENSIONS AND SECTION PROPERTIES standard",IS 12778: 2004,"HOT ROLLED PARALLEL FLANGE STEEL SECTION FOR BEAMS, COLUMNS AND BEARING PILES DIMENSIONS AND SECTION PROPERTIES",steel section,"HOT ROLLED PARALLEL FLANGE STEEL SECTION FOR BEAMS, COLUMNS AND BEARING PILES DIMENSIONS AND SECTION PROPERTIES",product_only,specific,primary_subject,IS 2314: 1986;IS 811: 1987;IS 1230: 1979;IS 808: 1989,generated_from_metadata,
fcq_is_12778_2004_02,cast iron steel section,IS 12778: 2004,"HOT ROLLED PARALLEL FLANGE STEEL SECTION FOR BEAMS, COLUMNS AND BEARING PILES DIMENSIONS AND SECTION PROPERTIES",steel section,cast iron construction or composition,product_material,specific,canonical_product;material,IS 2314: 1986;IS 811: 1987;IS 1230: 1979;IS 808: 1989,generated_from_metadata,
fcq_is_12778_2004_03,Supply steel section meeting Indian Standard requirements for cast iron,IS 12778: 2004,"HOT ROLLED PARALLEL FLANGE STEEL SECTION FOR BEAMS, COLUMNS AND BEARING PILES DIMENSIONS AND SECTION PROPERTIES",steel section,cast iron,tender_sentence,specific,canonical_product;material,IS 2314: 1986;IS 811: 1987;IS 1230: 1979;IS 808: 1989,generated_from_metadata,
fcq_is_12778_2004_04,"Need the Indian Standard covering HOT ROLLED PARALLEL FLANGE STEEL SECTION FOR BEAMS, COLUMNS AND BEARING PILES DIMENSIONS AND SECTION PROPERTIES",IS 12778: 2004,"HOT ROLLED PARALLEL FLANGE STEEL SECTION FOR BEAMS, COLUMNS AND BEARING PILES DIMENSIONS AND SECTION PROPERTIES",steel section,"HOT ROLLED PARALLEL FLANGE STEEL SECTION FOR BEAMS, COLUMNS AND BEARING PILES DIMENSIONS AND SECTION PROPERTIES",natural_language,specific,title,IS 2314: 1986;IS 811: 1987;IS 1230: 1979;IS 808: 1989,generated_from_metadata,
fcq_is_12778_2004_05,flange steel section for cast iron,IS 12778: 2004,"HOT ROLLED PARALLEL FLANGE STEEL SECTION FOR BEAMS, COLUMNS AND BEARING PILES DIMENSIONS AND SECTION PROPERTIES",flange steel section,cast iron,alias,general_but_sufficient,product_aliases;material,IS 2314: 1986;IS 811: 1987;IS 1230: 1979;IS 808: 1989,generated_from_metadata,
fcq_is_12778_2004_06,steel sections for cast iron,IS 12778: 2004,"HOT ROLLED PARALLEL FLANGE STEEL SECTION FOR BEAMS, COLUMNS AND BEARING PILES DIMENSIONS AND SECTION PROPERTIES",steel sections,cast iron,alias,general_but_sufficient,product_aliases;material,IS 2314: 1986;IS 811: 1987;IS 1230: 1979;IS 808: 1989,generated_from_metadata,
fcq_is_12778_2004_07,tee bar for cast iron,IS 12778: 2004,"HOT ROLLED PARALLEL FLANGE STEEL SECTION FOR BEAMS, COLUMNS AND BEARING PILES DIMENSIONS AND SECTION PROPERTIES",tee bar,cast iron,alias,general_but_sufficient,product_aliases;material,IS 2314: 1986;IS 811: 1987;IS 1230: 1979;IS 808: 1989,generated_from_metadata,
fcq_is_1278_1972_01,FILLER RODS FOR GAS WELDING standard,IS 1278: 1972,FILLER RODS FOR GAS WELDING,rod,FILLER RODS FOR GAS WELDING,product_only,specific,primary_subject,IS 7887: 1992;IS 3908: 1986;IS 1230: 1979;IS 4891: 1988,generated_from_metadata,
fcq_is_1278_1972_02,cast iron rod,IS 1278: 1972,FILLER RODS FOR GAS WELDING,rod,cast iron construction or composition,product_material,specific,canonical_product;material,IS 7887: 1992;IS 3908: 1986;IS 1230: 1979;IS 4891: 1988,generated_from_metadata,
fcq_is_1278_1972_03,Supply rod meeting Indian Standard requirements for cast iron,IS 1278: 1972,FILLER RODS FOR GAS WELDING,rod,cast iron,tender_sentence,specific,canonical_product;material,IS 7887: 1992;IS 3908: 1986;IS 1230: 1979;IS 4891: 1988,generated_from_metadata,
fcq_is_1278_1972_04,Need the Indian Standard covering FILLER RODS FOR GAS WELDING,IS 1278: 1972,FILLER RODS FOR GAS WELDING,rod,FILLER RODS FOR GAS WELDING,natural_language,specific,title,IS 7887: 1992;IS 3908: 1986;IS 1230: 1979;IS 4891: 1988,generated_from_metadata,
fcq_is_1278_1972_05,filler rod for cast iron,IS 1278: 1972,FILLER RODS FOR GAS WELDING,filler rod,cast iron,alias,general_but_sufficient,product_aliases;material,IS 7887: 1992;IS 3908: 1986;IS 1230: 1979;IS 4891: 1988,generated_from_metadata,
fcq_is_1278_1972_06,filler rods for cast iron,IS 1278: 1972,FILLER RODS FOR GAS WELDING,filler rods,cast iron,alias,general_but_sufficient,product_aliases;material,IS 7887: 1992;IS 3908: 1986;IS 1230: 1979;IS 4891: 1988,generated_from_metadata,
fcq_is_1278_1972_07,rods for cast iron,IS 1278: 1972,FILLER RODS FOR GAS WELDING,rods,cast iron,alias,general_but_sufficient,product_aliases;material,IS 7887: 1992;IS 3908: 1986;IS 1230: 1979;IS 4891: 1988,generated_from_metadata,
fcq_is_12817_1997_01,STAINLESS STEEL BUTT HINGES standard,IS 12817: 1997,STAINLESS STEEL BUTT HINGES,hinge,STAINLESS STEEL BUTT HINGES,product_only,specific,primary_subject,IS 1341: 1992;IS 3843: 1995;IS 363: 1993;IS 10090: 1982,generated_from_metadata,
fcq_is_12817_1997_02,steel hinge,IS 12817: 1997,STAINLESS STEEL BUTT HINGES,hinge,steel construction or composition,product_material,specific,canonical_product;material,IS 1341: 1992;IS 3843: 1995;IS 363: 1993;IS 10090: 1982,generated_from_metadata,
fcq_is_12817_1997_03,Supply hinge meeting Indian Standard requirements for steel,IS 12817: 1997,STAINLESS STEEL BUTT HINGES,hinge,steel,tender_sentence,specific,canonical_product;material,IS 1341: 1992;IS 3843: 1995;IS 363: 1993;IS 10090: 1982,generated_from_metadata,
fcq_is_12817_1997_04,Need the Indian Standard covering STAINLESS STEEL BUTT HINGES,IS 12817: 1997,STAINLESS STEEL BUTT HINGES,hinge,STAINLESS STEEL BUTT HINGES,natural_language,specific,title,IS 1341: 1992;IS 3843: 1995;IS 363: 1993;IS 10090: 1982,generated_from_metadata,
fcq_is_12817_1997_05,butt hinge for steel,IS 12817: 1997,STAINLESS STEEL BUTT HINGES,butt hinge,steel,alias,general_but_sufficient,product_aliases;material,IS 1341: 1992;IS 3843: 1995;IS 363: 1993;IS 10090: 1982,generated_from_metadata,
fcq_is_12817_1997_06,butt hinges for steel,IS 12817: 1997,STAINLESS STEEL BUTT HINGES,butt hinges,steel,alias,general_but_sufficient,product_aliases;material,IS 1341: 1992;IS 3843: 1995;IS 363: 1993;IS 10090: 1982,generated_from_metadata,
fcq_is_12817_1997_07,hinges for steel,IS 12817: 1997,STAINLESS STEEL BUTT HINGES,hinges,steel,alias,general_but_sufficient,product_aliases;material,IS 1341: 1992;IS 3843: 1995;IS 363: 1993;IS 10090: 1982,generated_from_metadata,
fcq_is_12818_1992_01,UNPLASTICISED PVC SCREEN AND CASING PIPES FOR BORE/TUBE WELL standard,IS 12818: 1992,UNPLASTICISED PVC SCREEN AND CASING PIPES FOR BORE/TUBE WELL,pipe,UNPLASTICISED PVC SCREEN AND CASING PIPES FOR BORE/TUBE WELL,product_only,specific,primary_subject,IS 13592: 1992;IS 3076: 1985;IS 5312 (Part 2): 1986;IS 9762: 1994,generated_from_metadata,
fcq_is_12818_1992_02,PVC pipe,IS 12818: 1992,UNPLASTICISED PVC SCREEN AND CASING PIPES FOR BORE/TUBE WELL,pipe,PVC construction or composition,product_material,specific,canonical_product;material,IS 13592: 1992;IS 3076: 1985;IS 5312 (Part 2): 1986;IS 9762: 1994,generated_from_metadata,
fcq_is_12818_1992_03,pipe for potable water supply,IS 12818: 1992,UNPLASTICISED PVC SCREEN AND CASING PIPES FOR BORE/TUBE WELL,pipe,for potable water supply,product_application,specific,canonical_product;application,IS 13592: 1992;IS 3076: 1985;IS 5312 (Part 2): 1986;IS 9762: 1994,generated_from_metadata,
fcq_is_12818_1992_04,PVC pipe for potable water supply,IS 12818: 1992,UNPLASTICISED PVC SCREEN AND CASING PIPES FOR BORE/TUBE WELL,pipe,PVC product for potable water supply,material_application,specific,canonical_product;material;application,IS 13592: 1992;IS 3076: 1985;IS 5312 (Part 2): 1986;IS 9762: 1994,generated_from_metadata,
fcq_is_12818_1992_05,Supply pipe meeting Indian Standard requirements for potable water supply; PVC,IS 12818: 1992,UNPLASTICISED PVC SCREEN AND CASING PIPES FOR BORE/TUBE WELL,pipe,potable water supply; PVC,tender_sentence,specific,canonical_product;application;material,IS 13592: 1992;IS 3076: 1985;IS 5312 (Part 2): 1986;IS 9762: 1994,generated_from_metadata,
fcq_is_12818_1992_06,Need the Indian Standard covering UNPLASTICISED PVC SCREEN AND CASING PIPES FOR BORE/TUBE WELL,IS 12818: 1992,UNPLASTICISED PVC SCREEN AND CASING PIPES FOR BORE/TUBE WELL,pipe,UNPLASTICISED PVC SCREEN AND CASING PIPES FOR BORE/TUBE WELL,natural_language,specific,title,IS 13592: 1992;IS 3076: 1985;IS 5312 (Part 2): 1986;IS 9762: 1994,generated_from_metadata,
fcq_is_12818_1992_07,"pipe, potable water supply",IS 12818: 1992,UNPLASTICISED PVC SCREEN AND CASING PIPES FOR BORE/TUBE WELL,pipe,potable water supply,boq_short,general_but_sufficient,canonical_product;application,IS 13592: 1992;IS 3076: 1985;IS 5312 (Part 2): 1986;IS 9762: 1994,generated_from_metadata,
fcq_is_12818_1992_08,casing pipe for potable water supply,IS 12818: 1992,UNPLASTICISED PVC SCREEN AND CASING PIPES FOR BORE/TUBE WELL,casing pipe,potable water supply,alias,general_but_sufficient,product_aliases;application,IS 13592: 1992;IS 3076: 1985;IS 5312 (Part 2): 1986;IS 9762: 1994,generated_from_metadata,
fcq_is_12818_1992_09,grp pipe for potable water supply,IS 12818: 1992,UNPLASTICISED PVC SCREEN AND CASING PIPES FOR BORE/TUBE WELL,grp pipe,potable water supply,alias,general_but_sufficient,product_aliases;application,IS 13592: 1992;IS 3076: 1985;IS 5312 (Part 2): 1986;IS 9762: 1994,generated_from_metadata,
fcq_is_12818_1992_10,hdpe pipe for potable water supply,IS 12818: 1992,UNPLASTICISED PVC SCREEN AND CASING PIPES FOR BORE/TUBE WELL,hdpe pipe,potable water supply,alias,general_but_sufficient,product_aliases;application,IS 13592: 1992;IS 3076: 1985;IS 5312 (Part 2): 1986;IS 9762: 1994,generated_from_metadata,
fcq_is_12823_1990_01,WOOD PRODUCTS-PRELAMINATED PARTICLES BOARDS 3.3 Impregnated Overlay—An absorbent tissue paper having a weight of 18-40 g/m2 impregnated in a suitable synthetic resin and dried to a volatile content of 4-8 standard,IS 12823: 1990,WOOD PRODUCTS-PRELAMINATED PARTICLES BOARDS 3.3 Impregnated Overlay—An absorbent tissue paper having a weight of 18-40 g/m2 impregnated in a suitable synthetic resin and dried to a volatile content of 4-8,board,WOOD PRODUCTS-PRELAMINATED PARTICLES BOARDS 3.3 Impregnated Overlay—An absorbent tissue paper having a weight of 18-40 g/m2 impregnated in a suitable synthetic resin and dried to a volatile content of 4-8,product_only,specific,primary_subject,IS 14587: 1998;IS 3087: 1985;IS 3478: 1966;IS 1949: 1961,generated_from_metadata,
fcq_is_12823_1990_02,Need the Indian Standard covering WOOD PRODUCTS-PRELAMINATED PARTICLES BOARDS 3.3 Impregnated Overlay—An absorbent tissue paper having a weight of 18-40 g/m2 impregnated in a suitable synthetic resin and dried to a volatile content of 4-8,IS 12823: 1990,WOOD PRODUCTS-PRELAMINATED PARTICLES BOARDS 3.3 Impregnated Overlay—An absorbent tissue paper having a weight of 18-40 g/m2 impregnated in a suitable synthetic resin and dried to a volatile content of 4-8,board,WOOD PRODUCTS-PRELAMINATED PARTICLES BOARDS 3.3 Impregnated Overlay—An absorbent tissue paper having a weight of 18-40 g/m2 impregnated in a suitable synthetic resin and dried to a volatile content of 4-8,natural_language,specific,title,IS 14587: 1998;IS 3087: 1985;IS 3478: 1966;IS 1949: 1961,generated_from_metadata,
fcq_is_1285_2002_01,WROUGHT ALUMINIUM AND ALUMINIUM ALLOY EXTRUDED ROUND TUBE AND HOLLOW SECTIONS FOR GENERAL ENGINEERING PURPOSES standard,IS 1285: 2002,WROUGHT ALUMINIUM AND ALUMINIUM ALLOY EXTRUDED ROUND TUBE AND HOLLOW SECTIONS FOR GENERAL ENGINEERING PURPOSES,pipe,WROUGHT ALUMINIUM AND ALUMINIUM ALLOY EXTRUDED ROUND TUBE AND HOLLOW SECTIONS FOR GENERAL ENGINEERING PURPOSES,product_only,specific,primary_subject,IS 738: 1994;IS 737: 1986;IS 739: 1992;IS 3438: 1994,generated_from_metadata,
fcq_is_1285_2002_02,aluminium pipe,IS 1285: 2002,WROUGHT ALUMINIUM AND ALUMINIUM ALLOY EXTRUDED ROUND TUBE AND HOLLOW SECTIONS FOR GENERAL ENGINEERING PURPOSES,pipe,aluminium construction or composition,product_material,specific,canonical_product;material,IS 738: 1994;IS 737: 1986;IS 739: 1992;IS 3438: 1994,generated_from_metadata,
fcq_is_1285_2002_03,pipe for roofing,IS 1285: 2002,WROUGHT ALUMINIUM AND ALUMINIUM ALLOY EXTRUDED ROUND TUBE AND HOLLOW SECTIONS FOR GENERAL ENGINEERING PURPOSES,pipe,for roofing,product_application,specific,canonical_product;application,IS 738: 1994;IS 737: 1986;IS 739: 1992;IS 3438: 1994,generated_from_metadata,
fcq_is_1285_2002_04,aluminium pipe for roofing,IS 1285: 2002,WROUGHT ALUMINIUM AND ALUMINIUM ALLOY EXTRUDED ROUND TUBE AND HOLLOW SECTIONS FOR GENERAL ENGINEERING PURPOSES,pipe,aluminium product for roofing,material_application,specific,canonical_product;material;application,IS 738: 1994;IS 737: 1986;IS 739: 1992;IS 3438: 1994,generated_from_metadata,
fcq_is_1285_2002_05,Supply pipe meeting Indian Standard requirements for roofing; aluminium,IS 1285: 2002,WROUGHT ALUMINIUM AND ALUMINIUM ALLOY EXTRUDED ROUND TUBE AND HOLLOW SECTIONS FOR GENERAL ENGINEERING PURPOSES,pipe,roofing; aluminium,tender_sentence,specific,canonical_product;application;material,IS 738: 1994;IS 737: 1986;IS 739: 1992;IS 3438: 1994,generated_from_metadata,
fcq_is_1285_2002_06,Need the Indian Standard covering WROUGHT ALUMINIUM AND ALUMINIUM ALLOY EXTRUDED ROUND TUBE AND HOLLOW SECTIONS FOR GENERAL ENGINEERING PURPOSES,IS 1285: 2002,WROUGHT ALUMINIUM AND ALUMINIUM ALLOY EXTRUDED ROUND TUBE AND HOLLOW SECTIONS FOR GENERAL ENGINEERING PURPOSES,pipe,WROUGHT ALUMINIUM AND ALUMINIUM ALLOY EXTRUDED ROUND TUBE AND HOLLOW SECTIONS FOR GENERAL ENGINEERING PURPOSES,natural_language,specific,title,IS 738: 1994;IS 737: 1986;IS 739: 1992;IS 3438: 1994,generated_from_metadata,
fcq_is_1285_2002_07,"pipe, roofing",IS 1285: 2002,WROUGHT ALUMINIUM AND ALUMINIUM ALLOY EXTRUDED ROUND TUBE AND HOLLOW SECTIONS FOR GENERAL ENGINEERING PURPOSES,pipe,roofing,boq_short,general_but_sufficient,canonical_product;application,IS 738: 1994;IS 737: 1986;IS 739: 1992;IS 3438: 1994,generated_from_metadata,
fcq_is_1285_2002_08,casing pipe for roofing,IS 1285: 2002,WROUGHT ALUMINIUM AND ALUMINIUM ALLOY EXTRUDED ROUND TUBE AND HOLLOW SECTIONS FOR GENERAL ENGINEERING PURPOSES,casing pipe,roofing,alias,general_but_sufficient,product_aliases;application,IS 738: 1994;IS 737: 1986;IS 739: 1992;IS 3438: 1994,generated_from_metadata,
fcq_is_1285_2002_09,grp pipe for roofing,IS 1285: 2002,WROUGHT ALUMINIUM AND ALUMINIUM ALLOY EXTRUDED ROUND TUBE AND HOLLOW SECTIONS FOR GENERAL ENGINEERING PURPOSES,grp pipe,roofing,alias,general_but_sufficient,product_aliases;application,IS 738: 1994;IS 737: 1986;IS 739: 1992;IS 3438: 1994,generated_from_metadata,
fcq_is_1285_2002_10,hdpe pipe for roofing,IS 1285: 2002,WROUGHT ALUMINIUM AND ALUMINIUM ALLOY EXTRUDED ROUND TUBE AND HOLLOW SECTIONS FOR GENERAL ENGINEERING PURPOSES,hdpe pipe,roofing,alias,general_but_sufficient,product_aliases;application,IS 738: 1994;IS 737: 1986;IS 739: 1992;IS 3438: 1994,generated_from_metadata,
fcq_is_12866_1989_01,PLASTIC TRANSLUCENT SHEET MADE FROM THERMOSETTING POLYESTER RESIN standard,IS 12866: 1989,PLASTIC TRANSLUCENT SHEET MADE FROM THERMOSETTING POLYESTER RESIN,glass,PLASTIC TRANSLUCENT SHEET MADE FROM THERMOSETTING POLYESTER RESIN,product_only,specific,primary_subject,IS 14402: 1996;IS 14856: 2000;IS 6523: 1983;IS 13049: 1991,generated_from_metadata,
fcq_is_12866_1989_02,steel glass,IS 12866: 1989,PLASTIC TRANSLUCENT SHEET MADE FROM THERMOSETTING POLYESTER RESIN,glass,steel construction or composition,product_material,specific,canonical_product;material,IS 14402: 1996;IS 14856: 2000;IS 6523: 1983;IS 13049: 1991,generated_from_metadata,
fcq_is_12866_1989_03,Supply glass meeting Indian Standard requirements for steel,IS 12866: 1989,PLASTIC TRANSLUCENT SHEET MADE FROM THERMOSETTING POLYESTER RESIN,glass,steel,tender_sentence,specific,canonical_product;material,IS 14402: 1996;IS 14856: 2000;IS 6523: 1983;IS 13049: 1991,generated_from_metadata,
fcq_is_12866_1989_04,Need the Indian Standard covering PLASTIC TRANSLUCENT SHEET MADE FROM THERMOSETTING POLYESTER RESIN,IS 12866: 1989,PLASTIC TRANSLUCENT SHEET MADE FROM THERMOSETTING POLYESTER RESIN,glass,PLASTIC TRANSLUCENT SHEET MADE FROM THERMOSETTING POLYESTER RESIN,natural_language,specific,title,IS 14402: 1996;IS 14856: 2000;IS 6523: 1983;IS 13049: 1991,generated_from_metadata,
fcq_is_12866_1989_05,glass fiber for steel,IS 12866: 1989,PLASTIC TRANSLUCENT SHEET MADE FROM THERMOSETTING POLYESTER RESIN,glass fiber,steel,alias,general_but_sufficient,product_aliases;material,IS 14402: 1996;IS 14856: 2000;IS 6523: 1983;IS 13049: 1991,generated_from_metadata,
fcq_is_12866_1989_06,glass fibre for steel,IS 12866: 1989,PLASTIC TRANSLUCENT SHEET MADE FROM THERMOSETTING POLYESTER RESIN,glass fibre,steel,alias,general_but_sufficient,product_aliases;material,IS 14402: 1996;IS 14856: 2000;IS 6523: 1983;IS 13049: 1991,generated_from_metadata,
fcq_is_12866_1989_07,glass fibre reinforced for steel,IS 12866: 1989,PLASTIC TRANSLUCENT SHEET MADE FROM THERMOSETTING POLYESTER RESIN,glass fibre reinforced,steel,alias,general_but_sufficient,product_aliases;material,IS 14402: 1996;IS 14856: 2000;IS 6523: 1983;IS 13049: 1991,generated_from_metadata,
fcq_is_12867_1989_01,PVC HAND RAIL COVERS standard,IS 12867: 1989,PVC HAND RAIL COVERS,handrail,PVC HAND RAIL COVERS,product_only,specific,primary_subject,IS 3847: 1992;IS 3843: 1995;IS 10124 (Part 2): 1988;IS 702: 1988,generated_from_metadata,
fcq_is_12867_1989_02,PVC handrail,IS 12867: 1989,PVC HAND RAIL COVERS,handrail,PVC construction or composition,product_material,specific,canonical_product;material,IS 3847: 1992;IS 3843: 1995;IS 10124 (Part 2): 1988;IS 702: 1988,generated_from_metadata,
fcq_is_12867_1989_03,Supply handrail meeting Indian Standard requirements for PVC,IS 12867: 1989,PVC HAND RAIL COVERS,handrail,PVC,tender_sentence,specific,canonical_product;material,IS 3847: 1992;IS 3843: 1995;IS 10124 (Part 2): 1988;IS 702: 1988,generated_from_metadata,
fcq_is_12867_1989_04,Need the Indian Standard covering PVC HAND RAIL COVERS,IS 12867: 1989,PVC HAND RAIL COVERS,handrail,PVC HAND RAIL COVERS,natural_language,specific,title,IS 3847: 1992;IS 3843: 1995;IS 10124 (Part 2): 1988;IS 702: 1988,generated_from_metadata,
fcq_is_12867_1989_05,hand rail for PVC,IS 12867: 1989,PVC HAND RAIL COVERS,hand rail,PVC,alias,general_but_sufficient,product_aliases;material,IS 3847: 1992;IS 3843: 1995;IS 10124 (Part 2): 1988;IS 702: 1988,generated_from_metadata,
fcq_is_12867_1989_06,hand rail cover for PVC,IS 12867: 1989,PVC HAND RAIL COVERS,hand rail cover,PVC,alias,general_but_sufficient,product_aliases;material,IS 3847: 1992;IS 3843: 1995;IS 10124 (Part 2): 1988;IS 702: 1988,generated_from_metadata,
fcq_is_12894_2002_01,PULVERIZED FUEL ASH-LIME BRICKS standard,IS 12894: 2002,PULVERIZED FUEL ASH-LIME BRICKS,brick,PULVERIZED FUEL ASH-LIME BRICKS,product_only,specific,primary_subject,IS 13757: 1993;IS 1077: 1992;IS 10360: 1982;IS 7193: 1974,generated_from_metadata,
fcq_is_12894_2002_02,brick for roofing,IS 12894: 2002,PULVERIZED FUEL ASH-LIME BRICKS,brick,for roofing,product_application,specific,canonical_product;application,IS 13757: 1993;IS 1077: 1992;IS 10360: 1982;IS 7193: 1974,generated_from_metadata,
fcq_is_12894_2002_03,clay brick for roofing,IS 12894: 2002,PULVERIZED FUEL ASH-LIME BRICKS,brick,clay product for roofing,material_application,specific,canonical_product;material;application,IS 13757: 1993;IS 1077: 1992;IS 10360: 1982;IS 7193: 1974,generated_from_metadata,
fcq_is_12894_2002_04,Supply brick meeting Indian Standard requirements for roofing; clay,IS 12894: 2002,PULVERIZED FUEL ASH-LIME BRICKS,brick,roofing; clay,tender_sentence,specific,canonical_product;application;material,IS 13757: 1993;IS 1077: 1992;IS 10360: 1982;IS 7193: 1974,generated_from_metadata,
fcq_is_12894_2002_05,Need the Indian Standard covering PULVERIZED FUEL ASH-LIME BRICKS,IS 12894: 2002,PULVERIZED FUEL ASH-LIME BRICKS,brick,PULVERIZED FUEL ASH-LIME BRICKS,natural_language,specific,title,IS 13757: 1993;IS 1077: 1992;IS 10360: 1982;IS 7193: 1974,generated_from_metadata,
fcq_is_12894_2002_06,"brick, roofing",IS 12894: 2002,PULVERIZED FUEL ASH-LIME BRICKS,brick,roofing,boq_short,general_but_sufficient,canonical_product;application,IS 13757: 1993;IS 1077: 1992;IS 10360: 1982;IS 7193: 1974,generated_from_metadata,
fcq_is_12894_2002_07,bricks for roofing,IS 12894: 2002,PULVERIZED FUEL ASH-LIME BRICKS,bricks,roofing,alias,general_but_sufficient,product_aliases;application,IS 13757: 1993;IS 1077: 1992;IS 10360: 1982;IS 7193: 1974,generated_from_metadata,
fcq_is_12894_2002_08,building brick for roofing,IS 12894: 2002,PULVERIZED FUEL ASH-LIME BRICKS,building brick,roofing,alias,general_but_sufficient,product_aliases;application,IS 13757: 1993;IS 1077: 1992;IS 10360: 1982;IS 7193: 1974,generated_from_metadata,
fcq_is_12894_2002_09,building bricks for roofing,IS 12894: 2002,PULVERIZED FUEL ASH-LIME BRICKS,building bricks,roofing,alias,general_but_sufficient,product_aliases;application,IS 13757: 1993;IS 1077: 1992;IS 10360: 1982;IS 7193: 1974,generated_from_metadata,
fcq_is_12896_1990_01,INDIAN TIMBERS FOR DOOR AND WINDOW SHUTTERS AND FRAMES – CLASSIFICATION standard,IS 12896: 1990,INDIAN TIMBERS FOR DOOR AND WINDOW SHUTTERS AND FRAMES – CLASSIFICATION,door,INDIAN TIMBERS FOR DOOR AND WINDOW SHUTTERS AND FRAMES – CLASSIFICATION,product_only,specific,primary_subject,IS 4021: 1995;IS 1948: 1961;IS 2372: 2004;IS 809: 1992,generated_from_metadata,
fcq_is_12896_1990_02,door for door and window construction,IS 12896: 1990,INDIAN TIMBERS FOR DOOR AND WINDOW SHUTTERS AND FRAMES – CLASSIFICATION,door,for door and window construction,product_application,specific,canonical_product;application,IS 4021: 1995;IS 1948: 1961;IS 2372: 2004;IS 809: 1992,generated_from_metadata,
fcq_is_12896_1990_03,timber door for door and window construction,IS 12896: 1990,INDIAN TIMBERS FOR DOOR AND WINDOW SHUTTERS AND FRAMES – CLASSIFICATION,door,timber product for door and window construction,material_application,specific,canonical_product;material;application,IS 4021: 1995;IS 1948: 1961;IS 2372: 2004;IS 809: 1992,generated_from_metadata,
fcq_is_12896_1990_04,Supply door meeting Indian Standard requirements for door and window construction; timber,IS 12896: 1990,INDIAN TIMBERS FOR DOOR AND WINDOW SHUTTERS AND FRAMES – CLASSIFICATION,door,door and window construction; timber,tender_sentence,specific,canonical_product;application;material,IS 4021: 1995;IS 1948: 1961;IS 2372: 2004;IS 809: 1992,generated_from_metadata,
fcq_is_12896_1990_05,Need the Indian Standard covering INDIAN TIMBERS FOR DOOR AND WINDOW SHUTTERS AND FRAMES – CLASSIFICATION,IS 12896: 1990,INDIAN TIMBERS FOR DOOR AND WINDOW SHUTTERS AND FRAMES – CLASSIFICATION,door,INDIAN TIMBERS FOR DOOR AND WINDOW SHUTTERS AND FRAMES – CLASSIFICATION,natural_language,specific,title,IS 4021: 1995;IS 1948: 1961;IS 2372: 2004;IS 809: 1992,generated_from_metadata,
fcq_is_12896_1990_06,"door, door and window construction",IS 12896: 1990,INDIAN TIMBERS FOR DOOR AND WINDOW SHUTTERS AND FRAMES – CLASSIFICATION,door,door and window construction,boq_short,general_but_sufficient,canonical_product;application,IS 4021: 1995;IS 1948: 1961;IS 2372: 2004;IS 809: 1992,generated_from_metadata,
fcq_is_12896_1990_07,door frame for door and window construction,IS 12896: 1990,INDIAN TIMBERS FOR DOOR AND WINDOW SHUTTERS AND FRAMES – CLASSIFICATION,door frame,door and window construction,alias,general_but_sufficient,product_aliases;application,IS 4021: 1995;IS 1948: 1961;IS 2372: 2004;IS 809: 1992,generated_from_metadata,
fcq_is_12896_1990_08,door frames for door and window construction,IS 12896: 1990,INDIAN TIMBERS FOR DOOR AND WINDOW SHUTTERS AND FRAMES – CLASSIFICATION,door frames,door and window construction,alias,general_but_sufficient,product_aliases;application,IS 4021: 1995;IS 1948: 1961;IS 2372: 2004;IS 809: 1992,generated_from_metadata,
fcq_is_12896_1990_09,doors for door and window construction,IS 12896: 1990,INDIAN TIMBERS FOR DOOR AND WINDOW SHUTTERS AND FRAMES – CLASSIFICATION,doors,door and window construction,alias,general_but_sufficient,product_aliases;application,IS 4021: 1995;IS 1948: 1961;IS 2372: 2004;IS 809: 1992,generated_from_metadata,
fcq_is_1293_1988_01,PLUGS AND SOCKET-OUTLETS – RATED VOLTAGE UPTO AND INCLUDING 250 VOLTS AND RATED CURRENT UPTO AND INCLUDING 16 AMPERES standard,IS 1293: 1988,PLUGS AND SOCKET-OUTLETS – RATED VOLTAGE UPTO AND INCLUDING 250 VOLTS AND RATED CURRENT UPTO AND INCLUDING 16 AMPERES,plug socket,PLUGS AND SOCKET-OUTLETS – RATED VOLTAGE UPTO AND INCLUDING 250 VOLTS AND RATED CURRENT UPTO AND INCLUDING 16 AMPERES,product_only,specific,primary_subject,IS 4615: 1968;IS 6538: 1971;IS 9968 (Part 1): 1998;IS 7098 (Part 1): 1988,generated_from_metadata,
fcq_is_1293_1988_02,steel plug socket,IS 1293: 1988,PLUGS AND SOCKET-OUTLETS – RATED VOLTAGE UPTO AND INCLUDING 250 VOLTS AND RATED CURRENT UPTO AND INCLUDING 16 AMPERES,plug socket,steel construction or composition,product_material,specific,canonical_product;material,IS 4615: 1968;IS 6538: 1971;IS 9968 (Part 1): 1998;IS 7098 (Part 1): 1988,generated_from_metadata,
fcq_is_1293_1988_03,plug socket for thermal insulation,IS 1293: 1988,PLUGS AND SOCKET-OUTLETS – RATED VOLTAGE UPTO AND INCLUDING 250 VOLTS AND RATED CURRENT UPTO AND INCLUDING 16 AMPERES,plug socket,for thermal insulation,product_application,specific,canonical_product;application,IS 4615: 1968;IS 6538: 1971;IS 9968 (Part 1): 1998;IS 7098 (Part 1): 1988,generated_from_metadata,
fcq_is_1293_1988_04,steel plug socket for thermal insulation,IS 1293: 1988,PLUGS AND SOCKET-OUTLETS – RATED VOLTAGE UPTO AND INCLUDING 250 VOLTS AND RATED CURRENT UPTO AND INCLUDING 16 AMPERES,plug socket,steel product for thermal insulation,material_application,specific,canonical_product;material;application,IS 4615: 1968;IS 6538: 1971;IS 9968 (Part 1): 1998;IS 7098 (Part 1): 1988,generated_from_metadata,
fcq_is_1293_1988_05,Supply plug socket meeting Indian Standard requirements for thermal insulation; steel,IS 1293: 1988,PLUGS AND SOCKET-OUTLETS – RATED VOLTAGE UPTO AND INCLUDING 250 VOLTS AND RATED CURRENT UPTO AND INCLUDING 16 AMPERES,plug socket,thermal insulation; steel,tender_sentence,specific,canonical_product;application;material,IS 4615: 1968;IS 6538: 1971;IS 9968 (Part 1): 1998;IS 7098 (Part 1): 1988,generated_from_metadata,
fcq_is_1293_1988_06,Need the Indian Standard covering PLUGS AND SOCKET-OUTLETS – RATED VOLTAGE UPTO AND INCLUDING 250 VOLTS AND RATED CURRENT UPTO AND INCLUDING 16 AMPERES,IS 1293: 1988,PLUGS AND SOCKET-OUTLETS – RATED VOLTAGE UPTO AND INCLUDING 250 VOLTS AND RATED CURRENT UPTO AND INCLUDING 16 AMPERES,plug socket,PLUGS AND SOCKET-OUTLETS – RATED VOLTAGE UPTO AND INCLUDING 250 VOLTS AND RATED CURRENT UPTO AND INCLUDING 16 AMPERES,natural_language,specific,title,IS 4615: 1968;IS 6538: 1971;IS 9968 (Part 1): 1998;IS 7098 (Part 1): 1988,generated_from_metadata,
fcq_is_1293_1988_07,"plug socket, thermal insulation",IS 1293: 1988,PLUGS AND SOCKET-OUTLETS – RATED VOLTAGE UPTO AND INCLUDING 250 VOLTS AND RATED CURRENT UPTO AND INCLUDING 16 AMPERES,plug socket,thermal insulation,boq_short,general_but_sufficient,canonical_product;application,IS 4615: 1968;IS 6538: 1971;IS 9968 (Part 1): 1998;IS 7098 (Part 1): 1988,generated_from_metadata,
fcq_is_1293_1988_08,plug for thermal insulation,IS 1293: 1988,PLUGS AND SOCKET-OUTLETS – RATED VOLTAGE UPTO AND INCLUDING 250 VOLTS AND RATED CURRENT UPTO AND INCLUDING 16 AMPERES,plug,thermal insulation,alias,general_but_sufficient,product_aliases;application,IS 4615: 1968;IS 6538: 1971;IS 9968 (Part 1): 1998;IS 7098 (Part 1): 1988,generated_from_metadata,
fcq_is_1293_1988_09,plugs for thermal insulation,IS 1293: 1988,PLUGS AND SOCKET-OUTLETS – RATED VOLTAGE UPTO AND INCLUDING 250 VOLTS AND RATED CURRENT UPTO AND INCLUDING 16 AMPERES,plugs,thermal insulation,alias,general_but_sufficient,product_aliases;application,IS 4615: 1968;IS 6538: 1971;IS 9968 (Part 1): 1998;IS 7098 (Part 1): 1988,generated_from_metadata,
fcq_is_1293_1988_10,socket for thermal insulation,IS 1293: 1988,PLUGS AND SOCKET-OUTLETS – RATED VOLTAGE UPTO AND INCLUDING 250 VOLTS AND RATED CURRENT UPTO AND INCLUDING 16 AMPERES,socket,thermal insulation,alias,general_but_sufficient,product_aliases;application,IS 4615: 1968;IS 6538: 1971;IS 9968 (Part 1): 1998;IS 7098 (Part 1): 1988,generated_from_metadata,
fcq_is_12988_1991_01,DIMENSIONAL REQUIREMENTS FOR RUBBER SEALING RINGS FOR CID JOINTS FOR LIGHT DUTY AC PIPES – DIMENSIONAL REQUIREMENTS standard,IS 12988: 1991,DIMENSIONAL REQUIREMENTS FOR RUBBER SEALING RINGS FOR CID JOINTS FOR LIGHT DUTY AC PIPES – DIMENSIONAL REQUIREMENTS,pipe,DIMENSIONAL REQUIREMENTS FOR RUBBER SEALING RINGS FOR CID JOINTS FOR LIGHT DUTY AC PIPES – DIMENSIONAL REQUIREMENTS,product_only,specific,primary_subject,IS 12987: 1991;IS 8794: 1988;IS 10292: 1988;IS 6538: 1971,generated_from_metadata,
fcq_is_12988_1991_02,cast iron pipe,IS 12988: 1991,DIMENSIONAL REQUIREMENTS FOR RUBBER SEALING RINGS FOR CID JOINTS FOR LIGHT DUTY AC PIPES – DIMENSIONAL REQUIREMENTS,pipe,cast iron construction or composition,product_material,specific,canonical_product;material,IS 12987: 1991;IS 8794: 1988;IS 10292: 1988;IS 6538: 1971,generated_from_metadata,
fcq_is_12988_1991_03,Supply pipe meeting Indian Standard requirements for cast iron,IS 12988: 1991,DIMENSIONAL REQUIREMENTS FOR RUBBER SEALING RINGS FOR CID JOINTS FOR LIGHT DUTY AC PIPES – DIMENSIONAL REQUIREMENTS,pipe,cast iron,tender_sentence,specific,canonical_product;material,IS 12987: 1991;IS 8794: 1988;IS 10292: 1988;IS 6538: 1971,generated_from_metadata,
fcq_is_12988_1991_04,Need the Indian Standard covering DIMENSIONAL REQUIREMENTS FOR RUBBER SEALING RINGS FOR CID JOINTS FOR LIGHT DUTY AC PIPES – DIMENSIONAL REQUIREMENTS,IS 12988: 1991,DIMENSIONAL REQUIREMENTS FOR RUBBER SEALING RINGS FOR CID JOINTS FOR LIGHT DUTY AC PIPES – DIMENSIONAL REQUIREMENTS,pipe,DIMENSIONAL REQUIREMENTS FOR RUBBER SEALING RINGS FOR CID JOINTS FOR LIGHT DUTY AC PIPES – DIMENSIONAL REQUIREMENTS,natural_language,specific,title,IS 12987: 1991;IS 8794: 1988;IS 10292: 1988;IS 6538: 1971,generated_from_metadata,
fcq_is_12988_1991_05,casing pipe for cast iron,IS 12988: 1991,DIMENSIONAL REQUIREMENTS FOR RUBBER SEALING RINGS FOR CID JOINTS FOR LIGHT DUTY AC PIPES – DIMENSIONAL REQUIREMENTS,casing pipe,cast iron,alias,general_but_sufficient,product_aliases;material,IS 12987: 1991;IS 8794: 1988;IS 10292: 1988;IS 6538: 1971,generated_from_metadata,
fcq_is_12988_1991_06,grp pipe for cast iron,IS 12988: 1991,DIMENSIONAL REQUIREMENTS FOR RUBBER SEALING RINGS FOR CID JOINTS FOR LIGHT DUTY AC PIPES – DIMENSIONAL REQUIREMENTS,grp pipe,cast iron,alias,general_but_sufficient,product_aliases;material,IS 12987: 1991;IS 8794: 1988;IS 10292: 1988;IS 6538: 1971,generated_from_metadata,
fcq_is_12988_1991_07,hdpe pipe for cast iron,IS 12988: 1991,DIMENSIONAL REQUIREMENTS FOR RUBBER SEALING RINGS FOR CID JOINTS FOR LIGHT DUTY AC PIPES – DIMENSIONAL REQUIREMENTS,hdpe pipe,cast iron,alias,general_but_sufficient,product_aliases;material,IS 12987: 1991;IS 8794: 1988;IS 10292: 1988;IS 6538: 1971,generated_from_metadata,
fcq_is_12994_1990_01,"EPOXY ADHESIVES, ROOM TEMPERATURE CURING, GENERAL PURPOSE standard",IS 12994: 1990,"EPOXY ADHESIVES, ROOM TEMPERATURE CURING, GENERAL PURPOSE",adhesive,"EPOXY ADHESIVES, ROOM TEMPERATURE CURING, GENERAL PURPOSE",product_only,specific,primary_subject,IS 14753: 1999;IS 851: 1978;IS 3438: 1994;IS 849: 1994,generated_from_metadata,
fcq_is_12994_1990_02,"Need the Indian Standard covering EPOXY ADHESIVES, ROOM TEMPERATURE CURING, GENERAL PURPOSE",IS 12994: 1990,"EPOXY ADHESIVES, ROOM TEMPERATURE CURING, GENERAL PURPOSE",adhesive,"EPOXY ADHESIVES, ROOM TEMPERATURE CURING, GENERAL PURPOSE",natural_language,specific,title,IS 14753: 1999;IS 851: 1978;IS 3438: 1994;IS 849: 1994,generated_from_metadata,
fcq_is_12994_1990_03,"adhesives for EPOXY ADHESIVES, ROOM TEMPERATURE CURING, GENERAL PURPOSE",IS 12994: 1990,"EPOXY ADHESIVES, ROOM TEMPERATURE CURING, GENERAL PURPOSE",adhesives,"EPOXY ADHESIVES, ROOM TEMPERATURE CURING, GENERAL PURPOSE",alias,general_but_sufficient,product_aliases;primary_subject,IS 14753: 1999;IS 851: 1978;IS 3438: 1994;IS 849: 1994,generated_from_metadata,
fcq_is_13008_1990_01,SHALLOW CORRUGATED ASBESTOS CEMENT SHEETS 3.2 Impermeability — Shall not show during 24 hours of test any formation of drops of water except traces of moisture on the lower surface standard,IS 13008: 1990,SHALLOW CORRUGATED ASBESTOS CEMENT SHEETS 3.2 Impermeability — Shall not show during 24 hours of test any formation of drops of water except traces of moisture on the lower surface.,cement,SHALLOW CORRUGATED ASBESTOS CEMENT SHEETS 3.2 Impermeability — Shall not show during 24 hours of test any formation of drops of water except traces of moisture on the lower surface,product_only,specific,primary_subject,IS 2645: 2003;IS 455: 1989;IS 8081: 1976;IS 269: 1989,generated_from_metadata,
fcq_is_13008_1990_02,Need the Indian Standard covering SHALLOW CORRUGATED ASBESTOS CEMENT SHEETS 3.2 Impermeability — Shall not show during 24 hours of test any formation of drops of water except traces of moisture on the lower surface.,IS 13008: 1990,SHALLOW CORRUGATED ASBESTOS CEMENT SHEETS 3.2 Impermeability — Shall not show during 24 hours of test any formation of drops of water except traces of moisture on the lower surface.,cement,SHALLOW CORRUGATED ASBESTOS CEMENT SHEETS 3.2 Impermeability — Shall not show during 24 hours of test any formation of drops of water except traces of moisture on the lower surface.,natural_language,specific,title,IS 2645: 2003;IS 455: 1989;IS 8081: 1976;IS 269: 1989,generated_from_metadata,
fcq_is_13008_1990_03,lime pozzolana mixture for SHALLOW CORRUGATED ASBESTOS CEMENT SHEETS 3.2 Impermeability — Shall not show during 24 hours of test any formation of drops of water except traces of moisture on the lower surface,IS 13008: 1990,SHALLOW CORRUGATED ASBESTOS CEMENT SHEETS 3.2 Impermeability — Shall not show during 24 hours of test any formation of drops of water except traces of moisture on the lower surface.,lime pozzolana mixture,SHALLOW CORRUGATED ASBESTOS CEMENT SHEETS 3.2 Impermeability — Shall not show during 24 hours of test any formation of drops of water except traces of moisture on the lower surface,alias,general_but_sufficient,product_aliases;primary_subject,IS 2645: 2003;IS 455: 1989;IS 8081: 1976;IS 269: 1989,generated_from_metadata,
fcq_is_13008_1990_04,lime-pozzolana concrete for SHALLOW CORRUGATED ASBESTOS CEMENT SHEETS 3.2 Impermeability — Shall not show during 24 hours of test any formation of drops of water except traces of moisture on the lower surface,IS 13008: 1990,SHALLOW CORRUGATED ASBESTOS CEMENT SHEETS 3.2 Impermeability — Shall not show during 24 hours of test any formation of drops of water except traces of moisture on the lower surface.,lime-pozzolana concrete,SHALLOW CORRUGATED ASBESTOS CEMENT SHEETS 3.2 Impermeability — Shall not show during 24 hours of test any formation of drops of water except traces of moisture on the lower surface,alias,general_but_sufficient,product_aliases;primary_subject,IS 2645: 2003;IS 455: 1989;IS 8081: 1976;IS 269: 1989,generated_from_metadata,
fcq_is_13008_1990_05,masonry cement for SHALLOW CORRUGATED ASBESTOS CEMENT SHEETS 3.2 Impermeability — Shall not show during 24 hours of test any formation of drops of water except traces of moisture on the lower surface,IS 13008: 1990,SHALLOW CORRUGATED ASBESTOS CEMENT SHEETS 3.2 Impermeability — Shall not show during 24 hours of test any formation of drops of water except traces of moisture on the lower surface.,masonry cement,SHALLOW CORRUGATED ASBESTOS CEMENT SHEETS 3.2 Impermeability — Shall not show during 24 hours of test any formation of drops of water except traces of moisture on the lower surface,alias,general_but_sufficient,product_aliases;primary_subject,IS 2645: 2003;IS 455: 1989;IS 8081: 1976;IS 269: 1989,generated_from_metadata,
fcq_is_13114_1991_01,check valve standard,IS 13114: 1991,"FORGED BRASS GATE, GLOBE AND CHECK VALVES FOR WATER WORKS PURPOSES c) Check valves: Swing type and Lift type 5.",valve,check valve,product_only,specific,product_subtype,IS 778: 1984;IS 5312 (Part 1): 2004;IS 5312 (Part 2): 1986;IS 11308: 1985,generated_from_metadata,
fcq_is_13114_1991_02,valve required to prevent reverse flow,IS 13114: 1991,"FORGED BRASS GATE, GLOBE AND CHECK VALVES FOR WATER WORKS PURPOSES c) Check valves: Swing type and Lift type 5.",valve,required to prevent reverse flow,product_function,specific,canonical_product;function,IS 778: 1984;IS 5312 (Part 1): 2004;IS 5312 (Part 2): 1986;IS 11308: 1985,generated_from_metadata,
fcq_is_13114_1991_03,cast iron valve,IS 13114: 1991,"FORGED BRASS GATE, GLOBE AND CHECK VALVES FOR WATER WORKS PURPOSES c) Check valves: Swing type and Lift type 5.",valve,cast iron construction or composition,product_material,specific,canonical_product;material,IS 778: 1984;IS 5312 (Part 1): 2004;IS 5312 (Part 2): 1986;IS 11308: 1985,generated_from_metadata,
fcq_is_13114_1991_04,check valve to prevent reverse flow,IS 13114: 1991,"FORGED BRASS GATE, GLOBE AND CHECK VALVES FOR WATER WORKS PURPOSES c) Check valves: Swing type and Lift type 5.",valve,check valve required to prevent reverse flow,subtype_function,specific,product_subtype;function,IS 778: 1984;IS 5312 (Part 1): 2004;IS 5312 (Part 2): 1986;IS 11308: 1985,generated_from_metadata,
fcq_is_13114_1991_05,cast iron valve for water supply,IS 13114: 1991,"FORGED BRASS GATE, GLOBE AND CHECK VALVES FOR WATER WORKS PURPOSES c) Check valves: Swing type and Lift type 5.",valve,cast iron product for water supply,material_application,specific,canonical_product;material;application,IS 778: 1984;IS 5312 (Part 1): 2004;IS 5312 (Part 2): 1986;IS 11308: 1985,generated_from_metadata,
fcq_is_13114_1991_06,check valve for water supply,IS 13114: 1991,"FORGED BRASS GATE, GLOBE AND CHECK VALVES FOR WATER WORKS PURPOSES c) Check valves: Swing type and Lift type 5.",valve,check valve used for water supply,subtype_application,specific,product_subtype;application,IS 778: 1984;IS 5312 (Part 1): 2004;IS 5312 (Part 2): 1986;IS 11308: 1985,generated_from_metadata,
fcq_is_13114_1991_07,Supply valve meeting Indian Standard requirements for water supply; prevent reverse flow; cast iron,IS 13114: 1991,"FORGED BRASS GATE, GLOBE AND CHECK VALVES FOR WATER WORKS PURPOSES c) Check valves: Swing type and Lift type 5.",valve,water supply; prevent reverse flow; cast iron,tender_sentence,specific,canonical_product;application;function;material,IS 778: 1984;IS 5312 (Part 1): 2004;IS 5312 (Part 2): 1986;IS 11308: 1985,generated_from_metadata,
fcq_is_13114_1991_08,"Need the Indian Standard covering FORGED BRASS GATE, GLOBE AND CHECK VALVES FOR WATER WORKS PURPOSES c) Check valves: Swing type and Lift type 5.",IS 13114: 1991,"FORGED BRASS GATE, GLOBE AND CHECK VALVES FOR WATER WORKS PURPOSES c) Check valves: Swing type and Lift type 5.",valve,"FORGED BRASS GATE, GLOBE AND CHECK VALVES FOR WATER WORKS PURPOSES c) Check valves: Swing type and Lift type 5.",natural_language,specific,title,IS 778: 1984;IS 5312 (Part 1): 2004;IS 5312 (Part 2): 1986;IS 11308: 1985,generated_from_metadata,
fcq_is_13114_1991_09,"valve, water supply",IS 13114: 1991,"FORGED BRASS GATE, GLOBE AND CHECK VALVES FOR WATER WORKS PURPOSES c) Check valves: Swing type and Lift type 5.",valve,water supply,boq_short,general_but_sufficient,canonical_product;application,IS 778: 1984;IS 5312 (Part 1): 2004;IS 5312 (Part 2): 1986;IS 11308: 1985,generated_from_metadata,
fcq_is_13114_1991_10,air relief valve for water supply,IS 13114: 1991,"FORGED BRASS GATE, GLOBE AND CHECK VALVES FOR WATER WORKS PURPOSES c) Check valves: Swing type and Lift type 5.",air relief valve,water supply,alias,general_but_sufficient,product_aliases;application,IS 778: 1984;IS 5312 (Part 1): 2004;IS 5312 (Part 2): 1986;IS 11308: 1985,generated_from_metadata,
fcq_is_13204_1991_01,RIGID PHENOLIC FOAM FOR THERMAL INSULATION 1. Scope – Requirements and methods of sampling and test for rigid for phenolic foam for thermal standard,IS 13204: 1991,RIGID PHENOLIC FOAM FOR THERMAL INSULATION 1. Scope – Requirements and methods of sampling and test for rigid for phenolic foam for thermal,thermal insulation,RIGID PHENOLIC FOAM FOR THERMAL INSULATION 1. Scope – Requirements and methods of sampling and test for rigid for phenolic foam for thermal,product_only,specific,primary_subject,IS 12436: 1988;IS 4671: 1984;IS 3709: 1966;IS 14182: 1994,generated_from_metadata,
fcq_is_13204_1991_02,HDPE thermal insulation,IS 13204: 1991,RIGID PHENOLIC FOAM FOR THERMAL INSULATION 1. Scope – Requirements and methods of sampling and test for rigid for phenolic foam for thermal,thermal insulation,HDPE construction or composition,product_material,specific,canonical_product;material,IS 12436: 1988;IS 4671: 1984;IS 3709: 1966;IS 14182: 1994,generated_from_metadata,
fcq_is_13204_1991_03,HDPE thermal insulation for thermal insulation,IS 13204: 1991,RIGID PHENOLIC FOAM FOR THERMAL INSULATION 1. Scope – Requirements and methods of sampling and test for rigid for phenolic foam for thermal,thermal insulation,HDPE product for thermal insulation,material_application,specific,canonical_product;material;application,IS 12436: 1988;IS 4671: 1984;IS 3709: 1966;IS 14182: 1994,generated_from_metadata,
fcq_is_13204_1991_04,Supply thermal insulation meeting Indian Standard requirements for thermal insulation; thermal insulation; HDPE,IS 13204: 1991,RIGID PHENOLIC FOAM FOR THERMAL INSULATION 1. Scope – Requirements and methods of sampling and test for rigid for phenolic foam for thermal,thermal insulation,thermal insulation; thermal insulation; HDPE,tender_sentence,specific,canonical_product;application;function;material,IS 12436: 1988;IS 4671: 1984;IS 3709: 1966;IS 14182: 1994,generated_from_metadata,
fcq_is_13204_1991_05,Need the Indian Standard covering RIGID PHENOLIC FOAM FOR THERMAL INSULATION 1. Scope – Requirements and methods of sampling and test for rigid for phenolic foam for thermal,IS 13204: 1991,RIGID PHENOLIC FOAM FOR THERMAL INSULATION 1. Scope – Requirements and methods of sampling and test for rigid for phenolic foam for thermal,thermal insulation,RIGID PHENOLIC FOAM FOR THERMAL INSULATION 1. Scope – Requirements and methods of sampling and test for rigid for phenolic foam for thermal,natural_language,specific,title,IS 12436: 1988;IS 4671: 1984;IS 3709: 1966;IS 14182: 1994,generated_from_metadata,
fcq_is_1322_1993_01,BITUMEN FELTS FOR WATER–PROOFING AND DAMP–PROOFING standard,IS 1322: 1993,BITUMEN FELTS FOR WATER–PROOFING AND DAMP–PROOFING,waterproofing membrane,BITUMEN FELTS FOR WATER–PROOFING AND DAMP–PROOFING,product_only,specific,primary_subject,IS 3384: 1986;IS 3037: 1986;IS 7193: 1974;IS 3438: 1994,generated_from_metadata,
fcq_is_1322_1993_02,waterproofing membrane required to waterproofing,IS 1322: 1993,BITUMEN FELTS FOR WATER–PROOFING AND DAMP–PROOFING,waterproofing membrane,required to waterproofing,product_function,specific,canonical_product;function,IS 3384: 1986;IS 3037: 1986;IS 7193: 1974;IS 3438: 1994,generated_from_metadata,
fcq_is_1322_1993_03,bitumen waterproofing membrane,IS 1322: 1993,BITUMEN FELTS FOR WATER–PROOFING AND DAMP–PROOFING,waterproofing membrane,bitumen construction or composition,product_material,specific,canonical_product;material,IS 3384: 1986;IS 3037: 1986;IS 7193: 1974;IS 3438: 1994,generated_from_metadata,
fcq_is_1322_1993_04,waterproofing membrane for waterproofing,IS 1322: 1993,BITUMEN FELTS FOR WATER–PROOFING AND DAMP–PROOFING,waterproofing membrane,for waterproofing,product_application,specific,canonical_product;application,IS 3384: 1986;IS 3037: 1986;IS 7193: 1974;IS 3438: 1994,generated_from_metadata,
fcq_is_1322_1993_05,bitumen waterproofing membrane for waterproofing,IS 1322: 1993,BITUMEN FELTS FOR WATER–PROOFING AND DAMP–PROOFING,waterproofing membrane,bitumen product for waterproofing,material_application,specific,canonical_product;material;application,IS 3384: 1986;IS 3037: 1986;IS 7193: 1974;IS 3438: 1994,generated_from_metadata,
fcq_is_1322_1993_06,Supply waterproofing membrane meeting Indian Standard requirements for waterproofing; waterproofing; bitumen,IS 1322: 1993,BITUMEN FELTS FOR WATER–PROOFING AND DAMP–PROOFING,waterproofing membrane,waterproofing; waterproofing; bitumen,tender_sentence,specific,canonical_product;application;function;material,IS 3384: 1986;IS 3037: 1986;IS 7193: 1974;IS 3438: 1994,generated_from_metadata,
fcq_is_1322_1993_07,Need the Indian Standard covering BITUMEN FELTS FOR WATER–PROOFING AND DAMP–PROOFING,IS 1322: 1993,BITUMEN FELTS FOR WATER–PROOFING AND DAMP–PROOFING,waterproofing membrane,BITUMEN FELTS FOR WATER–PROOFING AND DAMP–PROOFING,natural_language,specific,title,IS 3384: 1986;IS 3037: 1986;IS 7193: 1974;IS 3438: 1994,generated_from_metadata,
fcq_is_1322_1993_08,"waterproofing membrane, waterproofing",IS 1322: 1993,BITUMEN FELTS FOR WATER–PROOFING AND DAMP–PROOFING,waterproofing membrane,waterproofing,boq_short,general_but_sufficient,canonical_product;application,IS 3384: 1986;IS 3037: 1986;IS 7193: 1974;IS 3438: 1994,generated_from_metadata,
fcq_is_1322_1993_09,bitumen felt for waterproofing,IS 1322: 1993,BITUMEN FELTS FOR WATER–PROOFING AND DAMP–PROOFING,bitumen felt,waterproofing,alias,general_but_sufficient,product_aliases;application,IS 3384: 1986;IS 3037: 1986;IS 7193: 1974;IS 3438: 1994,generated_from_metadata,
fcq_is_1322_1993_10,bitumen felts for waterproofing,IS 1322: 1993,BITUMEN FELTS FOR WATER–PROOFING AND DAMP–PROOFING,bitumen felts,waterproofing,alias,general_but_sufficient,product_aliases;application,IS 3384: 1986;IS 3037: 1986;IS 7193: 1974;IS 3438: 1994,generated_from_metadata,
fcq_is_1322_1993_11,water-proofing for waterproofing,IS 1322: 1993,BITUMEN FELTS FOR WATER–PROOFING AND DAMP–PROOFING,water-proofing,waterproofing,alias,general_but_sufficient,product_aliases;application,IS 3384: 1986;IS 3037: 1986;IS 7193: 1974;IS 3438: 1994,generated_from_metadata,
fcq_is_1326_1992_01,NON-CONIFEROUS SAWN TIMBER standard,IS 1326: 1992,NON-CONIFEROUS SAWN TIMBER,timber,NON-CONIFEROUS SAWN TIMBER,product_only,specific,primary_subject,IS 190: 1991;IS 7308: 1999;IS 5509: 2000;IS 269: 1989,generated_from_metadata,
fcq_is_1326_1992_02,timber timber,IS 1326: 1992,NON-CONIFEROUS SAWN TIMBER,timber,timber construction or composition,product_material,specific,canonical_product;material,IS 190: 1991;IS 7308: 1999;IS 5509: 2000;IS 269: 1989,generated_from_metadata,
fcq_is_1326_1992_03,Supply timber meeting Indian Standard requirements for timber,IS 1326: 1992,NON-CONIFEROUS SAWN TIMBER,timber,timber,tender_sentence,specific,canonical_product;material,IS 190: 1991;IS 7308: 1999;IS 5509: 2000;IS 269: 1989,generated_from_metadata,
fcq_is_1326_1992_04,Need the Indian Standard covering NON-CONIFEROUS SAWN TIMBER,IS 1326: 1992,NON-CONIFEROUS SAWN TIMBER,timber,NON-CONIFEROUS SAWN TIMBER,natural_language,specific,title,IS 190: 1991;IS 7308: 1999;IS 5509: 2000;IS 269: 1989,generated_from_metadata,
fcq_is_1326_1992_05,sawn timber for timber,IS 1326: 1992,NON-CONIFEROUS SAWN TIMBER,sawn timber,timber,alias,general_but_sufficient,product_aliases;material,IS 190: 1991;IS 7308: 1999;IS 5509: 2000;IS 269: 1989,generated_from_metadata,
fcq_is_1326_1992_06,timbers for timber,IS 1326: 1992,NON-CONIFEROUS SAWN TIMBER,timbers,timber,alias,general_but_sufficient,product_aliases;material,IS 190: 1991;IS 7308: 1999;IS 5509: 2000;IS 269: 1989,generated_from_metadata,
fcq_is_1326_1992_07,wooden sleeper for timber,IS 1326: 1992,NON-CONIFEROUS SAWN TIMBER,wooden sleeper,timber,alias,general_but_sufficient,product_aliases;material,IS 190: 1991;IS 7308: 1999;IS 5509: 2000;IS 269: 1989,generated_from_metadata,
fcq_is_1328_1996_01,Need the Indian Standard covering VENEERED DECORATIVE PLYWOOD,IS 1328: 1996,VENEERED DECORATIVE PLYWOOD,board,VENEERED DECORATIVE PLYWOOD,natural_language,specific,title,IS 7316: 1974;IS 10701: 1983;IS 212: 1983;IS 10394: 1982,generated_from_metadata,
fcq_is_13349_1992_01,SINGLE FACED CAST IRON THIMBLE MOUNTED SLUICE GATES 5. Materials – see Table 3 TABLE 3 MATERIALS standard,IS 13349: 1992,SINGLE FACED CAST IRON THIMBLE MOUNTED SLUICE GATES 5. Materials – see Table 3 TABLE 3 MATERIALS,gate,SINGLE FACED CAST IRON THIMBLE MOUNTED SLUICE GATES 5. Materials – see Table 3 TABLE 3 MATERIALS,product_only,specific,primary_subject,IS 2373: 1981;IS 9106: 1979;IS 6418: 1971;IS 12313: 1988,generated_from_metadata,
fcq_is_13349_1992_02,cast iron gate,IS 13349: 1992,SINGLE FACED CAST IRON THIMBLE MOUNTED SLUICE GATES 5. Materials – see Table 3 TABLE 3 MATERIALS,gate,cast iron construction or composition,product_material,specific,canonical_product;material,IS 2373: 1981;IS 9106: 1979;IS 6418: 1971;IS 12313: 1988,generated_from_metadata,
fcq_is_13349_1992_03,gate for potable water supply,IS 13349: 1992,SINGLE FACED CAST IRON THIMBLE MOUNTED SLUICE GATES 5. Materials – see Table 3 TABLE 3 MATERIALS,gate,for potable water supply,product_application,specific,canonical_product;application,IS 2373: 1981;IS 9106: 1979;IS 6418: 1971;IS 12313: 1988,generated_from_metadata,
fcq_is_13349_1992_04,cast iron gate for potable water supply,IS 13349: 1992,SINGLE FACED CAST IRON THIMBLE MOUNTED SLUICE GATES 5. Materials – see Table 3 TABLE 3 MATERIALS,gate,cast iron product for potable water supply,material_application,specific,canonical_product;material;application,IS 2373: 1981;IS 9106: 1979;IS 6418: 1971;IS 12313: 1988,generated_from_metadata,
fcq_is_13349_1992_05,Supply gate meeting Indian Standard requirements for potable water supply; cast iron,IS 13349: 1992,SINGLE FACED CAST IRON THIMBLE MOUNTED SLUICE GATES 5. Materials – see Table 3 TABLE 3 MATERIALS,gate,potable water supply; cast iron,tender_sentence,specific,canonical_product;application;material,IS 2373: 1981;IS 9106: 1979;IS 6418: 1971;IS 12313: 1988,generated_from_metadata,
fcq_is_13349_1992_06,Need the Indian Standard covering SINGLE FACED CAST IRON THIMBLE MOUNTED SLUICE GATES 5. Materials – see Table 3 TABLE 3 MATERIALS,IS 13349: 1992,SINGLE FACED CAST IRON THIMBLE MOUNTED SLUICE GATES 5. Materials – see Table 3 TABLE 3 MATERIALS,gate,SINGLE FACED CAST IRON THIMBLE MOUNTED SLUICE GATES 5. Materials – see Table 3 TABLE 3 MATERIALS,natural_language,specific,title,IS 2373: 1981;IS 9106: 1979;IS 6418: 1971;IS 12313: 1988,generated_from_metadata,
fcq_is_13349_1992_07,"gate, potable water supply",IS 13349: 1992,SINGLE FACED CAST IRON THIMBLE MOUNTED SLUICE GATES 5. Materials – see Table 3 TABLE 3 MATERIALS,gate,potable water supply,boq_short,general_but_sufficient,canonical_product;application,IS 2373: 1981;IS 9106: 1979;IS 6418: 1971;IS 12313: 1988,generated_from_metadata,
fcq_is_13349_1992_08,collapsible gate for potable water supply,IS 13349: 1992,SINGLE FACED CAST IRON THIMBLE MOUNTED SLUICE GATES 5. Materials – see Table 3 TABLE 3 MATERIALS,collapsible gate,potable water supply,alias,general_but_sufficient,product_aliases;application,IS 2373: 1981;IS 9106: 1979;IS 6418: 1971;IS 12313: 1988,generated_from_metadata,
fcq_is_13349_1992_09,gates for potable water supply,IS 13349: 1992,SINGLE FACED CAST IRON THIMBLE MOUNTED SLUICE GATES 5. Materials – see Table 3 TABLE 3 MATERIALS,gates,potable water supply,alias,general_but_sufficient,product_aliases;application,IS 2373: 1981;IS 9106: 1979;IS 6418: 1971;IS 12313: 1988,generated_from_metadata,
fcq_is_13356_1992_01,PRECAST FERROCEMENT WATER TANKS UP TO 10 000 LITRES CAPACITY standard,IS 13356: 1992,PRECAST FERROCEMENT WATER TANKS UP TO 10 000 LITRES CAPACITY,water tank,PRECAST FERROCEMENT WATER TANKS UP TO 10 000 LITRES CAPACITY,product_only,specific,primary_subject,IS 12701: 1996;IS 804: 1967;IS 8363: 1976;IS 2645: 2003,generated_from_metadata,
fcq_is_13356_1992_02,steel water tank,IS 13356: 1992,PRECAST FERROCEMENT WATER TANKS UP TO 10 000 LITRES CAPACITY,water tank,steel construction or composition,product_material,specific,canonical_product;material,IS 12701: 1996;IS 804: 1967;IS 8363: 1976;IS 2645: 2003,generated_from_metadata,
fcq_is_13356_1992_03,Supply water tank meeting Indian Standard requirements for steel,IS 13356: 1992,PRECAST FERROCEMENT WATER TANKS UP TO 10 000 LITRES CAPACITY,water tank,steel,tender_sentence,specific,canonical_product;material,IS 12701: 1996;IS 804: 1967;IS 8363: 1976;IS 2645: 2003,generated_from_metadata,
fcq_is_13356_1992_04,Need the Indian Standard covering PRECAST FERROCEMENT WATER TANKS UP TO 10 000 LITRES CAPACITY,IS 13356: 1992,PRECAST FERROCEMENT WATER TANKS UP TO 10 000 LITRES CAPACITY,water tank,PRECAST FERROCEMENT WATER TANKS UP TO 10 000 LITRES CAPACITY,natural_language,specific,title,IS 12701: 1996;IS 804: 1967;IS 8363: 1976;IS 2645: 2003,generated_from_metadata,
fcq_is_13356_1992_05,tank for steel,IS 13356: 1992,PRECAST FERROCEMENT WATER TANKS UP TO 10 000 LITRES CAPACITY,tank,steel,alias,general_but_sufficient,product_aliases;material,IS 12701: 1996;IS 804: 1967;IS 8363: 1976;IS 2645: 2003,generated_from_metadata,
fcq_is_13356_1992_06,water tanks for steel,IS 13356: 1992,PRECAST FERROCEMENT WATER TANKS UP TO 10 000 LITRES CAPACITY,water tanks,steel,alias,general_but_sufficient,product_aliases;material,IS 12701: 1996;IS 804: 1967;IS 8363: 1976;IS 2645: 2003,generated_from_metadata,
fcq_is_13382_2004_01,"CAST IRON SPECIALS FOR MECHANICAL AND PUSH ON FLEXIBLE JOINTS FOR PRESSURE PIPE LINES FOR WATER, GAS AND SEWAGE standard",IS 13382: 2004,"CAST IRON SPECIALS FOR MECHANICAL AND PUSH ON FLEXIBLE JOINTS FOR PRESSURE PIPE LINES FOR WATER, GAS AND SEWAGE",pipe,"CAST IRON SPECIALS FOR MECHANICAL AND PUSH ON FLEXIBLE JOINTS FOR PRESSURE PIPE LINES FOR WATER, GAS AND SEWAGE",product_only,specific,primary_subject,IS 12820: 2004;IS 5531: 1988;IS 8329: 2000;IS 12709: 1994,generated_from_metadata,
fcq_is_13382_2004_02,pipe required to carry sewage,IS 13382: 2004,"CAST IRON SPECIALS FOR MECHANICAL AND PUSH ON FLEXIBLE JOINTS FOR PRESSURE PIPE LINES FOR WATER, GAS AND SEWAGE",pipe,required to carry sewage,product_function,specific,canonical_product;function,IS 12820: 2004;IS 5531: 1988;IS 8329: 2000;IS 12709: 1994,generated_from_metadata,
fcq_is_13382_2004_03,pipe for sewerage,IS 13382: 2004,"CAST IRON SPECIALS FOR MECHANICAL AND PUSH ON FLEXIBLE JOINTS FOR PRESSURE PIPE LINES FOR WATER, GAS AND SEWAGE",pipe,for sewerage,product_application,specific,canonical_product;application,IS 12820: 2004;IS 5531: 1988;IS 8329: 2000;IS 12709: 1994,generated_from_metadata,
fcq_is_13382_2004_04,cast iron pipe for sewerage,IS 13382: 2004,"CAST IRON SPECIALS FOR MECHANICAL AND PUSH ON FLEXIBLE JOINTS FOR PRESSURE PIPE LINES FOR WATER, GAS AND SEWAGE",pipe,cast iron product for sewerage,material_application,specific,canonical_product;material;application,IS 12820: 2004;IS 5531: 1988;IS 8329: 2000;IS 12709: 1994,generated_from_metadata,
fcq_is_13382_2004_05,Supply pipe meeting Indian Standard requirements for sewerage; carry sewage; cast iron,IS 13382: 2004,"CAST IRON SPECIALS FOR MECHANICAL AND PUSH ON FLEXIBLE JOINTS FOR PRESSURE PIPE LINES FOR WATER, GAS AND SEWAGE",pipe,sewerage; carry sewage; cast iron,tender_sentence,specific,canonical_product;application;function;material,IS 12820: 2004;IS 5531: 1988;IS 8329: 2000;IS 12709: 1994,generated_from_metadata,
fcq_is_13382_2004_06,"Need the Indian Standard covering CAST IRON SPECIALS FOR MECHANICAL AND PUSH ON FLEXIBLE JOINTS FOR PRESSURE PIPE LINES FOR WATER, GAS AND SEWAGE",IS 13382: 2004,"CAST IRON SPECIALS FOR MECHANICAL AND PUSH ON FLEXIBLE JOINTS FOR PRESSURE PIPE LINES FOR WATER, GAS AND SEWAGE",pipe,"CAST IRON SPECIALS FOR MECHANICAL AND PUSH ON FLEXIBLE JOINTS FOR PRESSURE PIPE LINES FOR WATER, GAS AND SEWAGE",natural_language,specific,title,IS 12820: 2004;IS 5531: 1988;IS 8329: 2000;IS 12709: 1994,generated_from_metadata,
fcq_is_13382_2004_07,"pipe, sewerage",IS 13382: 2004,"CAST IRON SPECIALS FOR MECHANICAL AND PUSH ON FLEXIBLE JOINTS FOR PRESSURE PIPE LINES FOR WATER, GAS AND SEWAGE",pipe,sewerage,boq_short,general_but_sufficient,canonical_product;application,IS 12820: 2004;IS 5531: 1988;IS 8329: 2000;IS 12709: 1994,generated_from_metadata,
fcq_is_13382_2004_08,casing pipe for sewerage,IS 13382: 2004,"CAST IRON SPECIALS FOR MECHANICAL AND PUSH ON FLEXIBLE JOINTS FOR PRESSURE PIPE LINES FOR WATER, GAS AND SEWAGE",casing pipe,sewerage,alias,general_but_sufficient,product_aliases;application,IS 12820: 2004;IS 5531: 1988;IS 8329: 2000;IS 12709: 1994,generated_from_metadata,
fcq_is_13382_2004_09,grp pipe for sewerage,IS 13382: 2004,"CAST IRON SPECIALS FOR MECHANICAL AND PUSH ON FLEXIBLE JOINTS FOR PRESSURE PIPE LINES FOR WATER, GAS AND SEWAGE",grp pipe,sewerage,alias,general_but_sufficient,product_aliases;application,IS 12820: 2004;IS 5531: 1988;IS 8329: 2000;IS 12709: 1994,generated_from_metadata,
fcq_is_13382_2004_10,hdpe pipe for sewerage,IS 13382: 2004,"CAST IRON SPECIALS FOR MECHANICAL AND PUSH ON FLEXIBLE JOINTS FOR PRESSURE PIPE LINES FOR WATER, GAS AND SEWAGE",hdpe pipe,sewerage,alias,general_but_sufficient,product_aliases;application,IS 12820: 2004;IS 5531: 1988;IS 8329: 2000;IS 12709: 1994,generated_from_metadata,
fcq_is_1341_1992_01,STEEL BUTT HINGES standard,IS 1341: 1992,STEEL BUTT HINGES,hinge,STEEL BUTT HINGES,product_only,specific,primary_subject,IS 12817: 1997;IS 9106: 1979;IS 363: 1993;IS 10090: 1982,generated_from_metadata,
fcq_is_1341_1992_02,Need the Indian Standard covering STEEL BUTT HINGES,IS 1341: 1992,STEEL BUTT HINGES,hinge,STEEL BUTT HINGES,natural_language,specific,title,IS 12817: 1997;IS 9106: 1979;IS 363: 1993;IS 10090: 1982,generated_from_metadata,
fcq_is_13592_1992_01,UNPLASTILIZED POLYVINYL CHLORIDE (UPVC) PIPES FOR SOIL AND WASTE DISCHARGE SYSTEM FOR INSIDE AND OUTSIDE BUILDINGS INCLUDING VENTILATION AND RAIN WATER SYSTEM TABLE 1 DIAMETER AND WALL THICKNESS standard,IS 13592: 1992,UNPLASTILIZED POLYVINYL CHLORIDE (UPVC) PIPES FOR SOIL AND WASTE DISCHARGE SYSTEM FOR INSIDE AND OUTSIDE BUILDINGS INCLUDING VENTILATION AND RAIN WATER SYSTEM TABLE 1 DIAMETER AND WALL THICKNESS,pipe,UNPLASTILIZED POLYVINYL CHLORIDE (UPVC) PIPES FOR SOIL AND WASTE DISCHARGE SYSTEM FOR INSIDE AND OUTSIDE BUILDINGS INCLUDING VENTILATION AND RAIN WATER SYSTEM TABLE 1 DIAMETER AND WALL THICKNESS,product_only,specific,primary_subject,IS 14735: 1999;IS 12818: 1992;IS 3004: 1979;IS 9762: 1994,generated_from_metadata,
fcq_is_13592_1992_02,Need the Indian Standard covering UNPLASTILIZED POLYVINYL CHLORIDE (UPVC) PIPES FOR SOIL AND WASTE DISCHARGE SYSTEM FOR INSIDE AND OUTSIDE BUILDINGS INCLUDING VENTILATION AND RAIN WATER SYSTEM TABLE 1 DIAMETER AND WALL THICKNESS,IS 13592: 1992,UNPLASTILIZED POLYVINYL CHLORIDE (UPVC) PIPES FOR SOIL AND WASTE DISCHARGE SYSTEM FOR INSIDE AND OUTSIDE BUILDINGS INCLUDING VENTILATION AND RAIN WATER SYSTEM TABLE 1 DIAMETER AND WALL THICKNESS,pipe,UNPLASTILIZED POLYVINYL CHLORIDE (UPVC) PIPES FOR SOIL AND WASTE DISCHARGE SYSTEM FOR INSIDE AND OUTSIDE BUILDINGS INCLUDING VENTILATION AND RAIN WATER SYSTEM TABLE 1 DIAMETER AND WALL THICKNESS,natural_language,specific,title,IS 14735: 1999;IS 12818: 1992;IS 3004: 1979;IS 9762: 1994,generated_from_metadata,
fcq_is_1361_1978_01,STEEL WINDOWS FOR INDUSTRIAL BUILDINGS standard,IS 1361: 1978,STEEL WINDOWS FOR INDUSTRIAL BUILDINGS,window,STEEL WINDOWS FOR INDUSTRIAL BUILDINGS,product_only,specific,primary_subject,IS 1949: 1961;IS 1038: 1983;IS 1019: 1974;IS 702: 1988,generated_from_metadata,
fcq_is_1361_1978_02,Need the Indian Standard covering STEEL WINDOWS FOR INDUSTRIAL BUILDINGS,IS 1361: 1978,STEEL WINDOWS FOR INDUSTRIAL BUILDINGS,window,STEEL WINDOWS FOR INDUSTRIAL BUILDINGS,natural_language,specific,title,IS 1949: 1961;IS 1038: 1983;IS 1019: 1974;IS 702: 1988,generated_from_metadata,
fcq_is_13620_1993_01,FUSION BONDED EPOXY COATED REINFORCING BARS standard,IS 13620: 1993,FUSION BONDED EPOXY COATED REINFORCING BARS,coating,FUSION BONDED EPOXY COATED REINFORCING BARS,product_only,specific,primary_subject,IS 278: 1978;IS 9912: 1981;IS 2090: 1983;IS 14276: 1995,generated_from_metadata,
fcq_is_13620_1993_02,steel coating,IS 13620: 1993,FUSION BONDED EPOXY COATED REINFORCING BARS,coating,steel construction or composition,product_material,specific,canonical_product;material,IS 278: 1978;IS 9912: 1981;IS 2090: 1983;IS 14276: 1995,generated_from_metadata,
fcq_is_13620_1993_03,Supply coating meeting Indian Standard requirements for steel,IS 13620: 1993,FUSION BONDED EPOXY COATED REINFORCING BARS,coating,steel,tender_sentence,specific,canonical_product;material,IS 278: 1978;IS 9912: 1981;IS 2090: 1983;IS 14276: 1995,generated_from_metadata,
fcq_is_13620_1993_04,Need the Indian Standard covering FUSION BONDED EPOXY COATED REINFORCING BARS,IS 13620: 1993,FUSION BONDED EPOXY COATED REINFORCING BARS,coating,FUSION BONDED EPOXY COATED REINFORCING BARS,natural_language,specific,title,IS 278: 1978;IS 9912: 1981;IS 2090: 1983;IS 14276: 1995,generated_from_metadata,
fcq_is_13620_1993_05,coatings for steel,IS 13620: 1993,FUSION BONDED EPOXY COATED REINFORCING BARS,coatings,steel,alias,general_but_sufficient,product_aliases;material,IS 278: 1978;IS 9912: 1981;IS 2090: 1983;IS 14276: 1995,generated_from_metadata,
fcq_is_13620_1993_06,epoxy coating for steel,IS 13620: 1993,FUSION BONDED EPOXY COATED REINFORCING BARS,epoxy coating,steel,alias,general_but_sufficient,product_aliases;material,IS 278: 1978;IS 9912: 1981;IS 2090: 1983;IS 14276: 1995,generated_from_metadata,
fcq_is_13620_1993_07,water repellent for steel,IS 13620: 1993,FUSION BONDED EPOXY COATED REINFORCING BARS,water repellent,steel,alias,general_but_sufficient,product_aliases;material,IS 278: 1978;IS 9912: 1981;IS 2090: 1983;IS 14276: 1995,generated_from_metadata,
fcq_is_1363_part_1_2002_01,"ISO 4016 : 1999 HEXAGON HEAD BOLTS, SCREWS AND NUTS OF PRODUCT GRADE C PART 1 : HEXAGON HEAD BOLTS (SIZE RANGE M5 TO M64) standard",IS 1363 (Part 1): 2002,"ISO 4016 : 1999 HEXAGON HEAD BOLTS, SCREWS AND NUTS OF PRODUCT GRADE C PART 1 : HEXAGON HEAD BOLTS (SIZE RANGE M5 TO M64)",bolt,"ISO 4016 : 1999 HEXAGON HEAD BOLTS, SCREWS AND NUTS OF PRODUCT GRADE C PART 1 : HEXAGON HEAD BOLTS (SIZE RANGE M5 TO M64)",product_only,specific,primary_subject,IS 1363 (Part 2): 2002;IS 1363 (Part 3): 2002;IS 14201: 1994;IS 3004: 1979,generated_from_metadata,
fcq_is_1363_part_1_2002_02,"Need the Indian Standard covering ISO 4016 : 1999 HEXAGON HEAD BOLTS, SCREWS AND NUTS OF PRODUCT GRADE C PART 1 : HEXAGON HEAD BOLTS (SIZE RANGE M5 TO M64)",IS 1363 (Part 1): 2002,"ISO 4016 : 1999 HEXAGON HEAD BOLTS, SCREWS AND NUTS OF PRODUCT GRADE C PART 1 : HEXAGON HEAD BOLTS (SIZE RANGE M5 TO M64)",bolt,"ISO 4016 : 1999 HEXAGON HEAD BOLTS, SCREWS AND NUTS OF PRODUCT GRADE C PART 1 : HEXAGON HEAD BOLTS (SIZE RANGE M5 TO M64)",natural_language,specific,title,IS 1363 (Part 2): 2002;IS 1363 (Part 3): 2002;IS 14201: 1994;IS 3004: 1979,generated_from_metadata,
fcq_is_1363_part_2_2002_01,"ISO 4018 : 1999 HEXAGON HEAD BOLTS, SCREWS & NUTS OF PRODUCT GRADE C PART 2 : HEXAGON HEAD SCREWS (SIZE RANGE M5 TO M64) standard",IS 1363 (Part 2): 2002,"ISO 4018 : 1999 HEXAGON HEAD BOLTS, SCREWS & NUTS OF PRODUCT GRADE C PART 2 : HEXAGON HEAD SCREWS (SIZE RANGE M5 TO M64)",screw,"ISO 4018 : 1999 HEXAGON HEAD BOLTS, SCREWS & NUTS OF PRODUCT GRADE C PART 2 : HEXAGON HEAD SCREWS (SIZE RANGE M5 TO M64)",product_only,specific,primary_subject,IS 1363 (Part 1): 2002;IS 1363 (Part 3): 2002;IS 14201: 1994;IS 3004: 1979,generated_from_metadata,
fcq_is_1363_part_2_2002_02,Supply screw meeting Indian Standard requirements for steel,IS 1363 (Part 2): 2002,"ISO 4018 : 1999 HEXAGON HEAD BOLTS, SCREWS & NUTS OF PRODUCT GRADE C PART 2 : HEXAGON HEAD SCREWS (SIZE RANGE M5 TO M64)",screw,steel,tender_sentence,specific,canonical_product;material,IS 1363 (Part 1): 2002;IS 1363 (Part 3): 2002;IS 14201: 1994;IS 3004: 1979,generated_from_metadata,
fcq_is_1363_part_2_2002_03,"Need the Indian Standard covering ISO 4018 : 1999 HEXAGON HEAD BOLTS, SCREWS & NUTS OF PRODUCT GRADE C PART 2 : HEXAGON HEAD SCREWS (SIZE RANGE M5 TO M64)",IS 1363 (Part 2): 2002,"ISO 4018 : 1999 HEXAGON HEAD BOLTS, SCREWS & NUTS OF PRODUCT GRADE C PART 2 : HEXAGON HEAD SCREWS (SIZE RANGE M5 TO M64)",screw,"ISO 4018 : 1999 HEXAGON HEAD BOLTS, SCREWS & NUTS OF PRODUCT GRADE C PART 2 : HEXAGON HEAD SCREWS (SIZE RANGE M5 TO M64)",natural_language,specific,title,IS 1363 (Part 1): 2002;IS 1363 (Part 3): 2002;IS 14201: 1994;IS 3004: 1979,generated_from_metadata,
fcq_is_1363_part_3_2002_01,"ISO 4034 : 1999 HEXAGON HEAD BOLTS, SCREWS & NUTS OF PRODUCT GRADE C PART 3 : HEXAGON NUTS (SIZE RANGE M5 TO M64) standard",IS 1363 (Part 3): 2002,"ISO 4034 : 1999 HEXAGON HEAD BOLTS, SCREWS & NUTS OF PRODUCT GRADE C PART 3 : HEXAGON NUTS (SIZE RANGE M5 TO M64)",nut,"ISO 4034 : 1999 HEXAGON HEAD BOLTS, SCREWS & NUTS OF PRODUCT GRADE C PART 3 : HEXAGON NUTS (SIZE RANGE M5 TO M64)",product_only,specific,primary_subject,IS 1363 (Part 2): 2002;IS 1363 (Part 1): 2002;IS 2140: 1978;IS 3004: 1979,generated_from_metadata,
fcq_is_1363_part_3_2002_02,steel nut,IS 1363 (Part 3): 2002,"ISO 4034 : 1999 HEXAGON HEAD BOLTS, SCREWS & NUTS OF PRODUCT GRADE C PART 3 : HEXAGON NUTS (SIZE RANGE M5 TO M64)",nut,steel construction or composition,product_material,specific,canonical_product;material,IS 1363 (Part 2): 2002;IS 1363 (Part 1): 2002;IS 2140: 1978;IS 3004: 1979,generated_from_metadata,
fcq_is_1363_part_3_2002_03,Supply nut meeting Indian Standard requirements for steel,IS 1363 (Part 3): 2002,"ISO 4034 : 1999 HEXAGON HEAD BOLTS, SCREWS & NUTS OF PRODUCT GRADE C PART 3 : HEXAGON NUTS (SIZE RANGE M5 TO M64)",nut,steel,tender_sentence,specific,canonical_product;material,IS 1363 (Part 2): 2002;IS 1363 (Part 1): 2002;IS 2140: 1978;IS 3004: 1979,generated_from_metadata,
fcq_is_1363_part_3_2002_04,"Need the Indian Standard covering ISO 4034 : 1999 HEXAGON HEAD BOLTS, SCREWS & NUTS OF PRODUCT GRADE C PART 3 : HEXAGON NUTS (SIZE RANGE M5 TO M64)",IS 1363 (Part 3): 2002,"ISO 4034 : 1999 HEXAGON HEAD BOLTS, SCREWS & NUTS OF PRODUCT GRADE C PART 3 : HEXAGON NUTS (SIZE RANGE M5 TO M64)",nut,"ISO 4034 : 1999 HEXAGON HEAD BOLTS, SCREWS & NUTS OF PRODUCT GRADE C PART 3 : HEXAGON NUTS (SIZE RANGE M5 TO M64)",natural_language,specific,title,IS 1363 (Part 2): 2002;IS 1363 (Part 1): 2002;IS 2140: 1978;IS 3004: 1979,generated_from_metadata,
fcq_is_1363_part_3_2002_05,hexagon nut for steel,IS 1363 (Part 3): 2002,"ISO 4034 : 1999 HEXAGON HEAD BOLTS, SCREWS & NUTS OF PRODUCT GRADE C PART 3 : HEXAGON NUTS (SIZE RANGE M5 TO M64)",hexagon nut,steel,alias,general_but_sufficient,product_aliases;material,IS 1363 (Part 2): 2002;IS 1363 (Part 1): 2002;IS 2140: 1978;IS 3004: 1979,generated_from_metadata,
fcq_is_1363_part_3_2002_06,nuts for steel,IS 1363 (Part 3): 2002,"ISO 4034 : 1999 HEXAGON HEAD BOLTS, SCREWS & NUTS OF PRODUCT GRADE C PART 3 : HEXAGON NUTS (SIZE RANGE M5 TO M64)",nuts,steel,alias,general_but_sufficient,product_aliases;material,IS 1363 (Part 2): 2002;IS 1363 (Part 1): 2002;IS 2140: 1978;IS 3004: 1979,generated_from_metadata,
fcq_is_1364_part_1_2002_01,"ISO 4014 : 1999 HEXAGON HEAD BOLTS, SCREWS AND NUTS OF PRODUCT GRADES A AND B PART 1 : HEXAGON HEAD BOLTS (SIZE RANGE M1.6 TO M64) standard",IS 1364 (Part 1): 2002,"ISO 4014 : 1999 HEXAGON HEAD BOLTS, SCREWS AND NUTS OF PRODUCT GRADES A AND B PART 1 : HEXAGON HEAD BOLTS (SIZE RANGE M1.6 TO M64)",bolt,"ISO 4014 : 1999 HEXAGON HEAD BOLTS, SCREWS AND NUTS OF PRODUCT GRADES A AND B PART 1 : HEXAGON HEAD BOLTS (SIZE RANGE M1.6 TO M64)",product_only,specific,primary_subject,IS 1364 (Part 2): 2002;IS 1364 (Part 3): 2002;IS 779: 1994;IS 3004: 1979,generated_from_metadata,
fcq_is_1364_part_1_2002_02,"Need the Indian Standard covering ISO 4014 : 1999 HEXAGON HEAD BOLTS, SCREWS AND NUTS OF PRODUCT GRADES A AND B PART 1 : HEXAGON HEAD BOLTS (SIZE RANGE M1.6 TO M64)",IS 1364 (Part 1): 2002,"ISO 4014 : 1999 HEXAGON HEAD BOLTS, SCREWS AND NUTS OF PRODUCT GRADES A AND B PART 1 : HEXAGON HEAD BOLTS (SIZE RANGE M1.6 TO M64)",bolt,"ISO 4014 : 1999 HEXAGON HEAD BOLTS, SCREWS AND NUTS OF PRODUCT GRADES A AND B PART 1 : HEXAGON HEAD BOLTS (SIZE RANGE M1.6 TO M64)",natural_language,specific,title,IS 1364 (Part 2): 2002;IS 1364 (Part 3): 2002;IS 779: 1994;IS 3004: 1979,generated_from_metadata,
fcq_is_1364_part_3_2002_01,"ISO 4032 : 1999 HEXAGON HEAD BOLTS, SCREWS AND NUTS OF PRODUCT GRADES A & B PART 3 : HEXAGON NUTS (SIZE RANGE M1.6 TO M64) standard",IS 1364 (Part 3): 2002,"ISO 4032 : 1999 HEXAGON HEAD BOLTS, SCREWS AND NUTS OF PRODUCT GRADES A & B PART 3 : HEXAGON NUTS (SIZE RANGE M1.6 TO M64)",nut,"ISO 4032 : 1999 HEXAGON HEAD BOLTS, SCREWS AND NUTS OF PRODUCT GRADES A & B PART 3 : HEXAGON NUTS (SIZE RANGE M1.6 TO M64)",product_only,specific,primary_subject,IS 1364 (Part 4): 2003;IS 1363 (Part 3): 2002;IS 14201: 1994;IS 3004: 1979,generated_from_metadata,
fcq_is_1364_part_3_2002_02,"Need the Indian Standard covering ISO 4032 : 1999 HEXAGON HEAD BOLTS, SCREWS AND NUTS OF PRODUCT GRADES A & B PART 3 : HEXAGON NUTS (SIZE RANGE M1.6 TO M64)",IS 1364 (Part 3): 2002,"ISO 4032 : 1999 HEXAGON HEAD BOLTS, SCREWS AND NUTS OF PRODUCT GRADES A & B PART 3 : HEXAGON NUTS (SIZE RANGE M1.6 TO M64)",nut,"ISO 4032 : 1999 HEXAGON HEAD BOLTS, SCREWS AND NUTS OF PRODUCT GRADES A & B PART 3 : HEXAGON NUTS (SIZE RANGE M1.6 TO M64)",natural_language,specific,title,IS 1364 (Part 4): 2003;IS 1363 (Part 3): 2002;IS 14201: 1994;IS 3004: 1979,generated_from_metadata,
fcq_is_1364_part_4_2003_01,"ISO 4035 : 1999 HEXAGON HEAD BOLTS,SCREWS&NUTS OFPRODUCTGRADEA &B PART 4 HEXAGON THIN NUTS (CHAMFERED) standard",IS 1364 (Part 4): 2003,"ISO 4035 : 1999 HEXAGON HEAD BOLTS,SCREWS&NUTS OFPRODUCTGRADEA &B PART 4 HEXAGON THIN NUTS (CHAMFERED)",nut,"ISO 4035 : 1999 HEXAGON HEAD BOLTS,SCREWS&NUTS OFPRODUCTGRADEA &B PART 4 HEXAGON THIN NUTS (CHAMFERED)",product_only,specific,primary_subject,IS 1364 (Part 3): 2002;IS 1364 (Part 5): 2002;IS 14201: 1994;IS 3004: 1979,generated_from_metadata,
fcq_is_1364_part_4_2003_02,"Need the Indian Standard covering ISO 4035 : 1999 HEXAGON HEAD BOLTS,SCREWS&NUTS OFPRODUCTGRADEA &B PART 4 HEXAGON THIN NUTS (CHAMFERED)",IS 1364 (Part 4): 2003,"ISO 4035 : 1999 HEXAGON HEAD BOLTS,SCREWS&NUTS OFPRODUCTGRADEA &B PART 4 HEXAGON THIN NUTS (CHAMFERED)",nut,"ISO 4035 : 1999 HEXAGON HEAD BOLTS,SCREWS&NUTS OFPRODUCTGRADEA &B PART 4 HEXAGON THIN NUTS (CHAMFERED)",natural_language,specific,title,IS 1364 (Part 3): 2002;IS 1364 (Part 5): 2002;IS 14201: 1994;IS 3004: 1979,generated_from_metadata,
fcq_is_1364_part_5_2002_01,"ISO 4036 : 1999 HEXAGON HEAD BOLTS, SCREWS AND NUTS OF PRODUCT GRADES A AND B PART 5 HEXAGON THIN NUTS standard",IS 1364 (Part 5): 2002,"ISO 4036 : 1999 HEXAGON HEAD BOLTS, SCREWS AND NUTS OF PRODUCT GRADES A AND B PART 5 HEXAGON THIN NUTS",nut,"ISO 4036 : 1999 HEXAGON HEAD BOLTS, SCREWS AND NUTS OF PRODUCT GRADES A AND B PART 5 HEXAGON THIN NUTS",product_only,specific,primary_subject,IS 1364 (Part 3): 2002;IS 1364 (Part 4): 2003;IS 14201: 1994;IS 3004: 1979,generated_from_metadata,
fcq_is_1364_part_5_2002_02,"Need the Indian Standard covering ISO 4036 : 1999 HEXAGON HEAD BOLTS, SCREWS AND NUTS OF PRODUCT GRADES A AND B PART 5 HEXAGON THIN NUTS",IS 1364 (Part 5): 2002,"ISO 4036 : 1999 HEXAGON HEAD BOLTS, SCREWS AND NUTS OF PRODUCT GRADES A AND B PART 5 HEXAGON THIN NUTS",nut,"ISO 4036 : 1999 HEXAGON HEAD BOLTS, SCREWS AND NUTS OF PRODUCT GRADES A AND B PART 5 HEXAGON THIN NUTS",natural_language,specific,title,IS 1364 (Part 3): 2002;IS 1364 (Part 4): 2003;IS 14201: 1994;IS 3004: 1979,generated_from_metadata,
fcq_is_1365_1978_01,SLOTTED COUNTERSUNK HEAD SCREWS standard,IS 1365: 1978,SLOTTED COUNTERSUNK HEAD SCREWS,screw,SLOTTED COUNTERSUNK HEAD SCREWS,product_only,specific,primary_subject,IS 6760: 1972;IS 6736: 1972;IS 3677: 1985;IS 3004: 1979,generated_from_metadata,
fcq_is_1365_1978_02,aluminium screw,IS 1365: 1978,SLOTTED COUNTERSUNK HEAD SCREWS,screw,aluminium construction or composition,product_material,specific,canonical_product;material,IS 6760: 1972;IS 6736: 1972;IS 3677: 1985;IS 3004: 1979,generated_from_metadata,
fcq_is_1365_1978_03,Supply screw meeting Indian Standard requirements for aluminium,IS 1365: 1978,SLOTTED COUNTERSUNK HEAD SCREWS,screw,aluminium,tender_sentence,specific,canonical_product;material,IS 6760: 1972;IS 6736: 1972;IS 3677: 1985;IS 3004: 1979,generated_from_metadata,
fcq_is_1365_1978_04,Need the Indian Standard covering SLOTTED COUNTERSUNK HEAD SCREWS,IS 1365: 1978,SLOTTED COUNTERSUNK HEAD SCREWS,screw,SLOTTED COUNTERSUNK HEAD SCREWS,natural_language,specific,title,IS 6760: 1972;IS 6736: 1972;IS 3677: 1985;IS 3004: 1979,generated_from_metadata,
fcq_is_1365_1978_05,countersunk screw for aluminium,IS 1365: 1978,SLOTTED COUNTERSUNK HEAD SCREWS,countersunk screw,aluminium,alias,general_but_sufficient,product_aliases;material,IS 6760: 1972;IS 6736: 1972;IS 3677: 1985;IS 3004: 1979,generated_from_metadata,
fcq_is_1365_1978_06,hexagon head screw for aluminium,IS 1365: 1978,SLOTTED COUNTERSUNK HEAD SCREWS,hexagon head screw,aluminium,alias,general_but_sufficient,product_aliases;material,IS 6760: 1972;IS 6736: 1972;IS 3677: 1985;IS 3004: 1979,generated_from_metadata,
fcq_is_1365_1978_07,screws for aluminium,IS 1365: 1978,SLOTTED COUNTERSUNK HEAD SCREWS,screws,aluminium,alias,general_but_sufficient,product_aliases;material,IS 6760: 1972;IS 6736: 1972;IS 3677: 1985;IS 3004: 1979,generated_from_metadata,
fcq_is_1366_2002_01,ISO 1207 - 1992 SLOTTED CHEESE HEAD SCREWS standard,IS 1366: 2002,ISO 1207 - 1992 SLOTTED CHEESE HEAD SCREWS,screw,ISO 1207 - 1992 SLOTTED CHEESE HEAD SCREWS,product_only,specific,primary_subject,IS 6760: 1972;IS 1364 (Part 3): 2002;IS 10394: 1982;IS 9428: 1993,generated_from_metadata,
fcq_is_1366_2002_02,Need the Indian Standard covering ISO 1207 - 1992 SLOTTED CHEESE HEAD SCREWS,IS 1366: 2002,ISO 1207 - 1992 SLOTTED CHEESE HEAD SCREWS,screw,ISO 1207 - 1992 SLOTTED CHEESE HEAD SCREWS,natural_language,specific,title,IS 6760: 1972;IS 1364 (Part 3): 2002;IS 10394: 1982;IS 9428: 1993,generated_from_metadata,
fcq_is_13753_1993_01,DUST– PRESSED CERAMIC TILES WITH WATER ABSORPTION OF E>10% GROUP B III standard,IS 13753: 1993,DUST– PRESSED CERAMIC TILES WITH WATER ABSORPTION OF E>10% GROUP B III,tile,DUST– PRESSED CERAMIC TILES WITH WATER ABSORPTION OF E>10% GROUP B III,product_only,specific,primary_subject,IS 13754: 1993;IS 13755: 1993;IS 3466: 1988;IS 3037: 1986,generated_from_metadata,
fcq_is_13753_1993_02,Supply tile meeting Indian Standard requirements for flooring,IS 13753: 1993,DUST– PRESSED CERAMIC TILES WITH WATER ABSORPTION OF E>10% GROUP B III,tile,flooring,tender_sentence,specific,canonical_product;application,IS 13754: 1993;IS 13755: 1993;IS 3466: 1988;IS 3037: 1986,generated_from_metadata,
fcq_is_13753_1993_03,Need the Indian Standard covering DUST– PRESSED CERAMIC TILES WITH WATER ABSORPTION OF E>10% GROUP B III,IS 13753: 1993,DUST– PRESSED CERAMIC TILES WITH WATER ABSORPTION OF E>10% GROUP B III,tile,DUST– PRESSED CERAMIC TILES WITH WATER ABSORPTION OF E>10% GROUP B III,natural_language,specific,title,IS 13754: 1993;IS 13755: 1993;IS 3466: 1988;IS 3037: 1986,generated_from_metadata,
fcq_is_13754_1993_01,DUST – PRESSED CERAMIC TILES WITH WATER ABSORPTION OF 6% < E ≤ 10% standard,IS 13754: 1993,DUST – PRESSED CERAMIC TILES WITH WATER ABSORPTION OF 6% < E ≤ 10%,tile,DUST – PRESSED CERAMIC TILES WITH WATER ABSORPTION OF 6% < E ≤ 10%,product_only,specific,primary_subject,IS 13755: 1993;IS 13756: 1993;IS 12820: 2004;IS 13753: 1993,generated_from_metadata,
fcq_is_13754_1993_02,Need the Indian Standard covering DUST – PRESSED CERAMIC TILES WITH WATER ABSORPTION OF 6% < E ≤ 10%,IS 13754: 1993,DUST – PRESSED CERAMIC TILES WITH WATER ABSORPTION OF 6% < E ≤ 10%,tile,DUST – PRESSED CERAMIC TILES WITH WATER ABSORPTION OF 6% < E ≤ 10%,natural_language,specific,title,IS 13755: 1993;IS 13756: 1993;IS 12820: 2004;IS 13753: 1993,generated_from_metadata,
fcq_is_13754_1993_03,clay roofing country tile for DUST – PRESSED CERAMIC TILES WITH WATER ABSORPTION OF 6% < E ≤ 10%,IS 13754: 1993,DUST – PRESSED CERAMIC TILES WITH WATER ABSORPTION OF 6% < E ≤ 10%,clay roofing country tile,DUST – PRESSED CERAMIC TILES WITH WATER ABSORPTION OF 6% < E ≤ 10%,alias,general_but_sufficient,product_aliases;primary_subject,IS 13755: 1993;IS 13756: 1993;IS 12820: 2004;IS 13753: 1993,generated_from_metadata,
fcq_is_13754_1993_04,flooring tile for DUST – PRESSED CERAMIC TILES WITH WATER ABSORPTION OF 6% < E ≤ 10%,IS 13754: 1993,DUST – PRESSED CERAMIC TILES WITH WATER ABSORPTION OF 6% < E ≤ 10%,flooring tile,DUST – PRESSED CERAMIC TILES WITH WATER ABSORPTION OF 6% < E ≤ 10%,alias,general_but_sufficient,product_aliases;primary_subject,IS 13755: 1993;IS 13756: 1993;IS 12820: 2004;IS 13753: 1993,generated_from_metadata,
fcq_is_13754_1993_05,hollow clay tile for DUST – PRESSED CERAMIC TILES WITH WATER ABSORPTION OF 6% < E ≤ 10%,IS 13754: 1993,DUST – PRESSED CERAMIC TILES WITH WATER ABSORPTION OF 6% < E ≤ 10%,hollow clay tile,DUST – PRESSED CERAMIC TILES WITH WATER ABSORPTION OF 6% < E ≤ 10%,alias,general_but_sufficient,product_aliases;primary_subject,IS 13755: 1993;IS 13756: 1993;IS 12820: 2004;IS 13753: 1993,generated_from_metadata,
fcq_is_13755_1993_01,DUST– PRESSED CERAMIC TILES WITH WATER ABSORPTION OF 3% < E ≤ 6% standard,IS 13755: 1993,DUST– PRESSED CERAMIC TILES WITH WATER ABSORPTION OF 3% < E ≤ 6%,tile,DUST– PRESSED CERAMIC TILES WITH WATER ABSORPTION OF 3% < E ≤ 6%,product_only,specific,primary_subject,IS 13754: 1993;IS 13756: 1993;IS 12820: 2004;IS 13753: 1993,generated_from_metadata,
fcq_is_13755_1993_02,Need the Indian Standard covering DUST– PRESSED CERAMIC TILES WITH WATER ABSORPTION OF 3% < E ≤ 6%,IS 13755: 1993,DUST– PRESSED CERAMIC TILES WITH WATER ABSORPTION OF 3% < E ≤ 6%,tile,DUST– PRESSED CERAMIC TILES WITH WATER ABSORPTION OF 3% < E ≤ 6%,natural_language,specific,title,IS 13754: 1993;IS 13756: 1993;IS 12820: 2004;IS 13753: 1993,generated_from_metadata,
fcq_is_13755_1993_03,clay roofing country tile for DUST– PRESSED CERAMIC TILES WITH WATER ABSORPTION OF 3% < E ≤ 6%,IS 13755: 1993,DUST– PRESSED CERAMIC TILES WITH WATER ABSORPTION OF 3% < E ≤ 6%,clay roofing country tile,DUST– PRESSED CERAMIC TILES WITH WATER ABSORPTION OF 3% < E ≤ 6%,alias,general_but_sufficient,product_aliases;primary_subject,IS 13754: 1993;IS 13756: 1993;IS 12820: 2004;IS 13753: 1993,generated_from_metadata,
fcq_is_13755_1993_04,flooring tile for DUST– PRESSED CERAMIC TILES WITH WATER ABSORPTION OF 3% < E ≤ 6%,IS 13755: 1993,DUST– PRESSED CERAMIC TILES WITH WATER ABSORPTION OF 3% < E ≤ 6%,flooring tile,DUST– PRESSED CERAMIC TILES WITH WATER ABSORPTION OF 3% < E ≤ 6%,alias,general_but_sufficient,product_aliases;primary_subject,IS 13754: 1993;IS 13756: 1993;IS 12820: 2004;IS 13753: 1993,generated_from_metadata,
fcq_is_13755_1993_05,hollow clay tile for DUST– PRESSED CERAMIC TILES WITH WATER ABSORPTION OF 3% < E ≤ 6%,IS 13755: 1993,DUST– PRESSED CERAMIC TILES WITH WATER ABSORPTION OF 3% < E ≤ 6%,hollow clay tile,DUST– PRESSED CERAMIC TILES WITH WATER ABSORPTION OF 3% < E ≤ 6%,alias,general_but_sufficient,product_aliases;primary_subject,IS 13754: 1993;IS 13756: 1993;IS 12820: 2004;IS 13753: 1993,generated_from_metadata,
fcq_is_13756_1993_01,DUST – PRESSED CERAMIC TILES WITH LOW WATER ABSORPTION OF E 3% GROUP B1 standard,IS 13756: 1993,DUST – PRESSED CERAMIC TILES WITH LOW WATER ABSORPTION OF E 3% GROUP B1,tile,DUST – PRESSED CERAMIC TILES WITH LOW WATER ABSORPTION OF E 3% GROUP B1,product_only,specific,primary_subject,IS 13755: 1993;IS 13754: 1993;IS 12820: 2004;IS 13753: 1993,generated_from_metadata,
fcq_is_13756_1993_02,Need the Indian Standard covering DUST – PRESSED CERAMIC TILES WITH LOW WATER ABSORPTION OF E 3% GROUP B1,IS 13756: 1993,DUST – PRESSED CERAMIC TILES WITH LOW WATER ABSORPTION OF E 3% GROUP B1,tile,DUST – PRESSED CERAMIC TILES WITH LOW WATER ABSORPTION OF E 3% GROUP B1,natural_language,specific,title,IS 13755: 1993;IS 13754: 1993;IS 12820: 2004;IS 13753: 1993,generated_from_metadata,
fcq_is_13756_1993_03,clay roofing country tile for DUST – PRESSED CERAMIC TILES WITH LOW WATER ABSORPTION OF E 3% GROUP B1,IS 13756: 1993,DUST – PRESSED CERAMIC TILES WITH LOW WATER ABSORPTION OF E 3% GROUP B1,clay roofing country tile,DUST – PRESSED CERAMIC TILES WITH LOW WATER ABSORPTION OF E 3% GROUP B1,alias,general_but_sufficient,product_aliases;primary_subject,IS 13755: 1993;IS 13754: 1993;IS 12820: 2004;IS 13753: 1993,generated_from_metadata,
fcq_is_13756_1993_04,flooring tile for DUST – PRESSED CERAMIC TILES WITH LOW WATER ABSORPTION OF E 3% GROUP B1,IS 13756: 1993,DUST – PRESSED CERAMIC TILES WITH LOW WATER ABSORPTION OF E 3% GROUP B1,flooring tile,DUST – PRESSED CERAMIC TILES WITH LOW WATER ABSORPTION OF E 3% GROUP B1,alias,general_but_sufficient,product_aliases;primary_subject,IS 13755: 1993;IS 13754: 1993;IS 12820: 2004;IS 13753: 1993,generated_from_metadata,
fcq_is_13756_1993_05,hollow clay tile for DUST – PRESSED CERAMIC TILES WITH LOW WATER ABSORPTION OF E 3% GROUP B1,IS 13756: 1993,DUST – PRESSED CERAMIC TILES WITH LOW WATER ABSORPTION OF E 3% GROUP B1,hollow clay tile,DUST – PRESSED CERAMIC TILES WITH LOW WATER ABSORPTION OF E 3% GROUP B1,alias,general_but_sufficient,product_aliases;primary_subject,IS 13755: 1993;IS 13754: 1993;IS 12820: 2004;IS 13753: 1993,generated_from_metadata,
fcq_is_13757_1993_01,BURNT CLAY FLY ASH BUILDING BRICKS * Heavy duty burnt clay building bricks (third revision). ** Common burnt day building bricks (fifth revision) standard,IS 13757: 1993,BURNT CLAY FLY ASH BUILDING BRICKS * Heavy duty burnt clay building bricks (third revision). ** Common burnt day building bricks (fifth revision).,brick,BURNT CLAY FLY ASH BUILDING BRICKS * Heavy duty burnt clay building bricks (third revision). ** Common burnt day building bricks (fifth revision),product_only,specific,primary_subject,IS 12894: 2002;IS 1077: 1992;IS 7556: 1988;IS 7193: 1974,generated_from_metadata,
fcq_is_13757_1993_02,Need the Indian Standard covering BURNT CLAY FLY ASH BUILDING BRICKS * Heavy duty burnt clay building bricks (third revision). ** Common burnt day building bricks (fifth revision).,IS 13757: 1993,BURNT CLAY FLY ASH BUILDING BRICKS * Heavy duty burnt clay building bricks (third revision). ** Common burnt day building bricks (fifth revision).,brick,BURNT CLAY FLY ASH BUILDING BRICKS * Heavy duty burnt clay building bricks (third revision). ** Common burnt day building bricks (fifth revision).,natural_language,specific,title,IS 12894: 2002;IS 1077: 1992;IS 7556: 1988;IS 7193: 1974,generated_from_metadata,
fcq_is_13957_1994_01,aluminium board,IS 13957: 1994,METAL FACED PLYWOOD 1. Scope – Covers manufacture and requirements of metal faced plywood composite. The scope is limited to the use of galvanized iron sheet or aluminium sheet,board,aluminium construction or composition,product_material,specific,canonical_product;material,IS 13958: 1994;IS 5509: 2000;IS 1826: 1961;IS 1489 (Part 1): 1991,generated_from_metadata,
fcq_is_13957_1994_02,Supply board meeting Indian Standard requirements for aluminium,IS 13957: 1994,METAL FACED PLYWOOD 1. Scope – Covers manufacture and requirements of metal faced plywood composite. The scope is limited to the use of galvanized iron sheet or aluminium sheet,board,aluminium,tender_sentence,specific,canonical_product;material,IS 13958: 1994;IS 5509: 2000;IS 1826: 1961;IS 1489 (Part 1): 1991,generated_from_metadata,
fcq_is_13957_1994_03,Need the Indian Standard covering METAL FACED PLYWOOD 1. Scope – Covers manufacture and requirements of metal faced plywood composite. The scope is limited to the use of galvanized iron sheet or aluminium sheet,IS 13957: 1994,METAL FACED PLYWOOD 1. Scope – Covers manufacture and requirements of metal faced plywood composite. The scope is limited to the use of galvanized iron sheet or aluminium sheet,board,METAL FACED PLYWOOD 1. Scope – Covers manufacture and requirements of metal faced plywood composite. The scope is limited to the use of galvanized iron sheet or aluminium sheet,natural_language,specific,title,IS 13958: 1994;IS 5509: 2000;IS 1826: 1961;IS 1489 (Part 1): 1991,generated_from_metadata,
fcq_is_13957_1994_04,bamboo mat board for aluminium,IS 13957: 1994,METAL FACED PLYWOOD 1. Scope – Covers manufacture and requirements of metal faced plywood composite. The scope is limited to the use of galvanized iron sheet or aluminium sheet,bamboo mat board,aluminium,alias,general_but_sufficient,product_aliases;material,IS 13958: 1994;IS 5509: 2000;IS 1826: 1961;IS 1489 (Part 1): 1991,generated_from_metadata,
fcq_is_13957_1994_05,boards for aluminium,IS 13957: 1994,METAL FACED PLYWOOD 1. Scope – Covers manufacture and requirements of metal faced plywood composite. The scope is limited to the use of galvanized iron sheet or aluminium sheet,boards,aluminium,alias,general_but_sufficient,product_aliases;material,IS 13958: 1994;IS 5509: 2000;IS 1826: 1961;IS 1489 (Part 1): 1991,generated_from_metadata,
fcq_is_13957_1994_06,coir board for aluminium,IS 13957: 1994,METAL FACED PLYWOOD 1. Scope – Covers manufacture and requirements of metal faced plywood composite. The scope is limited to the use of galvanized iron sheet or aluminium sheet,coir board,aluminium,alias,general_but_sufficient,product_aliases;material,IS 13958: 1994;IS 5509: 2000;IS 1826: 1961;IS 1489 (Part 1): 1991,generated_from_metadata,
fcq_is_13958_1994_01,BAMBOO MAT BOARD FOR GENERAL PURPOSES 1. Scope – Covers the method of manufacture and the requirements of bamboo mat board used for general purposes standard,IS 13958: 1994,BAMBOO MAT BOARD FOR GENERAL PURPOSES 1. Scope – Covers the method of manufacture and the requirements of bamboo mat board used for general purposes.,board,BAMBOO MAT BOARD FOR GENERAL PURPOSES 1. Scope – Covers the method of manufacture and the requirements of bamboo mat board used for general purposes,product_only,specific,primary_subject,IS 14588: 1999;IS 14842: 2000;IS 3337: 1978;IS 3438: 1994,generated_from_metadata,
fcq_is_13958_1994_02,Need the Indian Standard covering BAMBOO MAT BOARD FOR GENERAL PURPOSES 1. Scope – Covers the method of manufacture and the requirements of bamboo mat board used for general purposes.,IS 13958: 1994,BAMBOO MAT BOARD FOR GENERAL PURPOSES 1. Scope – Covers the method of manufacture and the requirements of bamboo mat board used for general purposes.,board,BAMBOO MAT BOARD FOR GENERAL PURPOSES 1. Scope – Covers the method of manufacture and the requirements of bamboo mat board used for general purposes.,natural_language,specific,title,IS 14588: 1999;IS 14842: 2000;IS 3337: 1978;IS 3438: 1994,generated_from_metadata,
fcq_is_1395_1982_01,LOW AND MEDIUM ALLOY STEEL COVERED ELECTRODES FOR MANUAL METAL ARC WELDING standard,IS 1395: 1982,LOW AND MEDIUM ALLOY STEEL COVERED ELECTRODES FOR MANUAL METAL ARC WELDING,electrode,LOW AND MEDIUM ALLOY STEEL COVERED ELECTRODES FOR MANUAL METAL ARC WELDING,product_only,specific,primary_subject,IS 5511: 1991;IS 8363: 1976;IS 412: 1975;IS 455: 1989,generated_from_metadata,
fcq_is_1395_1982_02,steel electrode,IS 1395: 1982,LOW AND MEDIUM ALLOY STEEL COVERED ELECTRODES FOR MANUAL METAL ARC WELDING,electrode,steel construction or composition,product_material,specific,canonical_product;material,IS 5511: 1991;IS 8363: 1976;IS 412: 1975;IS 455: 1989,generated_from_metadata,
fcq_is_1395_1982_03,Supply electrode meeting Indian Standard requirements for steel,IS 1395: 1982,LOW AND MEDIUM ALLOY STEEL COVERED ELECTRODES FOR MANUAL METAL ARC WELDING,electrode,steel,tender_sentence,specific,canonical_product;material,IS 5511: 1991;IS 8363: 1976;IS 412: 1975;IS 455: 1989,generated_from_metadata,
fcq_is_1395_1982_04,Need the Indian Standard covering LOW AND MEDIUM ALLOY STEEL COVERED ELECTRODES FOR MANUAL METAL ARC WELDING,IS 1395: 1982,LOW AND MEDIUM ALLOY STEEL COVERED ELECTRODES FOR MANUAL METAL ARC WELDING,electrode,LOW AND MEDIUM ALLOY STEEL COVERED ELECTRODES FOR MANUAL METAL ARC WELDING,natural_language,specific,title,IS 5511: 1991;IS 8363: 1976;IS 412: 1975;IS 455: 1989,generated_from_metadata,
fcq_is_1395_1982_05,electrodes for steel,IS 1395: 1982,LOW AND MEDIUM ALLOY STEEL COVERED ELECTRODES FOR MANUAL METAL ARC WELDING,electrodes,steel,alias,general_but_sufficient,product_aliases;material,IS 5511: 1991;IS 8363: 1976;IS 412: 1975;IS 455: 1989,generated_from_metadata,
fcq_is_14143_1994_01,PREFABRICATED BRICK PANEL AND PARTIALLY PRECAST CONCRETE JOIST FOR FLOORING AND ROOFING 2.2.1 Shape— Partially precast joist shall be rectangular in shape with steel stirrups kept projecting out which shall be tied with reinforcement along standard,IS 14143: 1994,PREFABRICATED BRICK PANEL AND PARTIALLY PRECAST CONCRETE JOIST FOR FLOORING AND ROOFING 2.2.1 Shape— Partially precast joist shall be rectangular in shape with steel stirrups kept projecting out which shall be tied with reinforcement along the joist to achieve,brick,PREFABRICATED BRICK PANEL AND PARTIALLY PRECAST CONCRETE JOIST FOR FLOORING AND ROOFING 2.2.1 Shape— Partially precast joist shall be rectangular in shape with steel stirrups kept projecting out which shall be tied with reinforcement along,product_only,specific,primary_subject,IS 9893: 1981;IS 12440: 1988;IS 14241: 1995;IS 3466: 1988,generated_from_metadata,
fcq_is_14143_1994_02,brick required to roofing,IS 14143: 1994,PREFABRICATED BRICK PANEL AND PARTIALLY PRECAST CONCRETE JOIST FOR FLOORING AND ROOFING 2.2.1 Shape— Partially precast joist shall be rectangular in shape with steel stirrups kept projecting out which shall be tied with reinforcement along the joist to achieve,brick,required to roofing,product_function,specific,canonical_product;function,IS 9893: 1981;IS 12440: 1988;IS 14241: 1995;IS 3466: 1988,generated_from_metadata,
fcq_is_14143_1994_03,steel brick,IS 14143: 1994,PREFABRICATED BRICK PANEL AND PARTIALLY PRECAST CONCRETE JOIST FOR FLOORING AND ROOFING 2.2.1 Shape— Partially precast joist shall be rectangular in shape with steel stirrups kept projecting out which shall be tied with reinforcement along the joist to achieve,brick,steel construction or composition,product_material,specific,canonical_product;material,IS 9893: 1981;IS 12440: 1988;IS 14241: 1995;IS 3466: 1988,generated_from_metadata,
fcq_is_14143_1994_04,steel brick for roofing,IS 14143: 1994,PREFABRICATED BRICK PANEL AND PARTIALLY PRECAST CONCRETE JOIST FOR FLOORING AND ROOFING 2.2.1 Shape— Partially precast joist shall be rectangular in shape with steel stirrups kept projecting out which shall be tied with reinforcement along the joist to achieve,brick,steel product for roofing,material_application,specific,canonical_product;material;application,IS 9893: 1981;IS 12440: 1988;IS 14241: 1995;IS 3466: 1988,generated_from_metadata,
fcq_is_14143_1994_05,Supply brick meeting Indian Standard requirements for roofing; roofing; steel,IS 14143: 1994,PREFABRICATED BRICK PANEL AND PARTIALLY PRECAST CONCRETE JOIST FOR FLOORING AND ROOFING 2.2.1 Shape— Partially precast joist shall be rectangular in shape with steel stirrups kept projecting out which shall be tied with reinforcement along the joist to achieve,brick,roofing; roofing; steel,tender_sentence,specific,canonical_product;application;function;material,IS 9893: 1981;IS 12440: 1988;IS 14241: 1995;IS 3466: 1988,generated_from_metadata,
fcq_is_14143_1994_06,Need the Indian Standard covering PREFABRICATED BRICK PANEL AND PARTIALLY PRECAST CONCRETE JOIST FOR FLOORING AND ROOFING 2.2.1 Shape— Partially precast joist shall be rectangular in shape with steel stirrups kept projecting out which shall be tied with reinforcement along the joist to achieve,IS 14143: 1994,PREFABRICATED BRICK PANEL AND PARTIALLY PRECAST CONCRETE JOIST FOR FLOORING AND ROOFING 2.2.1 Shape— Partially precast joist shall be rectangular in shape with steel stirrups kept projecting out which shall be tied with reinforcement along the joist to achieve,brick,PREFABRICATED BRICK PANEL AND PARTIALLY PRECAST CONCRETE JOIST FOR FLOORING AND ROOFING 2.2.1 Shape— Partially precast joist shall be rectangular in shape with steel stirrups kept projecting out which shall be tied with reinforcement along the joist to achieve,natural_language,specific,title,IS 9893: 1981;IS 12440: 1988;IS 14241: 1995;IS 3466: 1988,generated_from_metadata,
fcq_is_14182_1994_01,SOLVENT CEMENT FOR USE WITH UNPLASTICIZED POLYVINYL CHLORIDE PLASTIC PIPE AND FITTINGS 1. Scope – Requirements and methods of sampling and test for solvent cements to be used in joining standard,IS 14182: 1994,SOLVENT CEMENT FOR USE WITH UNPLASTICIZED POLYVINYL CHLORIDE PLASTIC PIPE AND FITTINGS 1. Scope – Requirements and methods of sampling and test for solvent cements to be used in joining,pipe,SOLVENT CEMENT FOR USE WITH UNPLASTICIZED POLYVINYL CHLORIDE PLASTIC PIPE AND FITTINGS 1. Scope – Requirements and methods of sampling and test for solvent cements to be used in joining,product_only,specific,primary_subject,IS 14735: 1999;IS 5531: 1988;IS 12830: 1989;IS 7509: 1993,generated_from_metadata,
fcq_is_14182_1994_02,pipe required to carry potable water,IS 14182: 1994,SOLVENT CEMENT FOR USE WITH UNPLASTICIZED POLYVINYL CHLORIDE PLASTIC PIPE AND FITTINGS 1. Scope – Requirements and methods of sampling and test for solvent cements to be used in joining,pipe,required to carry potable water,product_function,specific,canonical_product;function,IS 14735: 1999;IS 5531: 1988;IS 12830: 1989;IS 7509: 1993,generated_from_metadata,
fcq_is_14182_1994_03,Supply pipe meeting Indian Standard requirements for potable water supply; carry potable water; PVC,IS 14182: 1994,SOLVENT CEMENT FOR USE WITH UNPLASTICIZED POLYVINYL CHLORIDE PLASTIC PIPE AND FITTINGS 1. Scope – Requirements and methods of sampling and test for solvent cements to be used in joining,pipe,potable water supply; carry potable water; PVC,tender_sentence,specific,canonical_product;application;function;material,IS 14735: 1999;IS 5531: 1988;IS 12830: 1989;IS 7509: 1993,generated_from_metadata,
fcq_is_14182_1994_04,Need the Indian Standard covering SOLVENT CEMENT FOR USE WITH UNPLASTICIZED POLYVINYL CHLORIDE PLASTIC PIPE AND FITTINGS 1. Scope – Requirements and methods of sampling and test for solvent cements to be used in joining,IS 14182: 1994,SOLVENT CEMENT FOR USE WITH UNPLASTICIZED POLYVINYL CHLORIDE PLASTIC PIPE AND FITTINGS 1. Scope – Requirements and methods of sampling and test for solvent cements to be used in joining,pipe,SOLVENT CEMENT FOR USE WITH UNPLASTICIZED POLYVINYL CHLORIDE PLASTIC PIPE AND FITTINGS 1. Scope – Requirements and methods of sampling and test for solvent cements to be used in joining,natural_language,specific,title,IS 14735: 1999;IS 5531: 1988;IS 12830: 1989;IS 7509: 1993,generated_from_metadata,
fcq_is_14201_1994_01,PRECAST REINFORCED CONCRETE CHANNEL UNITS FOR CONSTRUCTION OF FLOORS AND ROOFS 2.3 Tolerances on Dimensions 2.3.1 Dimension standard,IS 14201: 1994,PRECAST REINFORCED CONCRETE CHANNEL UNITS FOR CONSTRUCTION OF FLOORS AND ROOFS 2.3 Tolerances on Dimensions 2.3.1 Dimension,channel,PRECAST REINFORCED CONCRETE CHANNEL UNITS FOR CONSTRUCTION OF FLOORS AND ROOFS 2.3 Tolerances on Dimensions 2.3.1 Dimension,product_only,specific,primary_subject,IS 14241: 1995;IS 5758: 1984;IS 13990: 1994;IS 6072: 1971,generated_from_metadata,
fcq_is_14201_1994_02,steel channel,IS 14201: 1994,PRECAST REINFORCED CONCRETE CHANNEL UNITS FOR CONSTRUCTION OF FLOORS AND ROOFS 2.3 Tolerances on Dimensions 2.3.1 Dimension,channel,steel construction or composition,product_material,specific,canonical_product;material,IS 14241: 1995;IS 5758: 1984;IS 13990: 1994;IS 6072: 1971,generated_from_metadata,
fcq_is_14201_1994_03,Supply channel meeting Indian Standard requirements for steel,IS 14201: 1994,PRECAST REINFORCED CONCRETE CHANNEL UNITS FOR CONSTRUCTION OF FLOORS AND ROOFS 2.3 Tolerances on Dimensions 2.3.1 Dimension,channel,steel,tender_sentence,specific,canonical_product;material,IS 14241: 1995;IS 5758: 1984;IS 13990: 1994;IS 6072: 1971,generated_from_metadata,
fcq_is_14201_1994_04,Need the Indian Standard covering PRECAST REINFORCED CONCRETE CHANNEL UNITS FOR CONSTRUCTION OF FLOORS AND ROOFS 2.3 Tolerances on Dimensions 2.3.1 Dimension,IS 14201: 1994,PRECAST REINFORCED CONCRETE CHANNEL UNITS FOR CONSTRUCTION OF FLOORS AND ROOFS 2.3 Tolerances on Dimensions 2.3.1 Dimension,channel,PRECAST REINFORCED CONCRETE CHANNEL UNITS FOR CONSTRUCTION OF FLOORS AND ROOFS 2.3 Tolerances on Dimensions 2.3.1 Dimension,natural_language,specific,title,IS 14241: 1995;IS 5758: 1984;IS 13990: 1994;IS 6072: 1971,generated_from_metadata,
fcq_is_14201_1994_05,channels for steel,IS 14201: 1994,PRECAST REINFORCED CONCRETE CHANNEL UNITS FOR CONSTRUCTION OF FLOORS AND ROOFS 2.3 Tolerances on Dimensions 2.3.1 Dimension,channels,steel,alias,general_but_sufficient,product_aliases;material,IS 14241: 1995;IS 5758: 1984;IS 13990: 1994;IS 6072: 1971,generated_from_metadata,
fcq_is_14201_1994_06,l-panel for steel,IS 14201: 1994,PRECAST REINFORCED CONCRETE CHANNEL UNITS FOR CONSTRUCTION OF FLOORS AND ROOFS 2.3 Tolerances on Dimensions 2.3.1 Dimension,l-panel,steel,alias,general_but_sufficient,product_aliases;material,IS 14241: 1995;IS 5758: 1984;IS 13990: 1994;IS 6072: 1971,generated_from_metadata,
fcq_is_14223_part_1_1995_01,POLISHED BUILDING STONES PART 1 GRANITE standard,IS 14223 (Part 1): 1995,POLISHED BUILDING STONES PART 1 GRANITE,stone,POLISHED BUILDING STONES PART 1 GRANITE,product_only,specific,primary_subject,IS 2116: 1980;IS 1127: 1970;IS 2222: 1991;IS 13958: 1994,generated_from_metadata,
fcq_is_14223_part_1_1995_02,clay stone,IS 14223 (Part 1): 1995,POLISHED BUILDING STONES PART 1 GRANITE,stone,clay construction or composition,product_material,specific,canonical_product;material,IS 2116: 1980;IS 1127: 1970;IS 2222: 1991;IS 13958: 1994,generated_from_metadata,
fcq_is_14223_part_1_1995_03,stone for sewerage,IS 14223 (Part 1): 1995,POLISHED BUILDING STONES PART 1 GRANITE,stone,for sewerage,product_application,specific,canonical_product;application,IS 2116: 1980;IS 1127: 1970;IS 2222: 1991;IS 13958: 1994,generated_from_metadata,
fcq_is_14223_part_1_1995_04,clay stone for sewerage,IS 14223 (Part 1): 1995,POLISHED BUILDING STONES PART 1 GRANITE,stone,clay product for sewerage,material_application,specific,canonical_product;material;application,IS 2116: 1980;IS 1127: 1970;IS 2222: 1991;IS 13958: 1994,generated_from_metadata,
fcq_is_14223_part_1_1995_05,Supply stone meeting Indian Standard requirements for sewerage; clay,IS 14223 (Part 1): 1995,POLISHED BUILDING STONES PART 1 GRANITE,stone,sewerage; clay,tender_sentence,specific,canonical_product;application;material,IS 2116: 1980;IS 1127: 1970;IS 2222: 1991;IS 13958: 1994,generated_from_metadata,
fcq_is_14223_part_1_1995_06,Need the Indian Standard covering POLISHED BUILDING STONES PART 1 GRANITE,IS 14223 (Part 1): 1995,POLISHED BUILDING STONES PART 1 GRANITE,stone,POLISHED BUILDING STONES PART 1 GRANITE,natural_language,specific,title,IS 2116: 1980;IS 1127: 1970;IS 2222: 1991;IS 13958: 1994,generated_from_metadata,
fcq_is_14223_part_1_1995_07,"stone, sewerage",IS 14223 (Part 1): 1995,POLISHED BUILDING STONES PART 1 GRANITE,stone,sewerage,boq_short,general_but_sufficient,canonical_product;application,IS 2116: 1980;IS 1127: 1970;IS 2222: 1991;IS 13958: 1994,generated_from_metadata,
fcq_is_14223_part_1_1995_08,building stone for sewerage,IS 14223 (Part 1): 1995,POLISHED BUILDING STONES PART 1 GRANITE,building stone,sewerage,alias,general_but_sufficient,product_aliases;application,IS 2116: 1980;IS 1127: 1970;IS 2222: 1991;IS 13958: 1994,generated_from_metadata,
fcq_is_14223_part_1_1995_09,polished stone for sewerage,IS 14223 (Part 1): 1995,POLISHED BUILDING STONES PART 1 GRANITE,polished stone,sewerage,alias,general_but_sufficient,product_aliases;application,IS 2116: 1980;IS 1127: 1970;IS 2222: 1991;IS 13958: 1994,generated_from_metadata,
fcq_is_14223_part_1_1995_10,stones for sewerage,IS 14223 (Part 1): 1995,POLISHED BUILDING STONES PART 1 GRANITE,stones,sewerage,alias,general_but_sufficient,product_aliases;application,IS 2116: 1980;IS 1127: 1970;IS 2222: 1991;IS 13958: 1994,generated_from_metadata,
fcq_is_14241_1995_01,PRECAST REINFORCED CONCRETE L–PANEL FOR ROOFING 2.2 Dimensions 2.2.1 Length— The maximum span of L-panels shall be restricted to 4 m. Lower lengths may be preferred standard,IS 14241: 1995,"PRECAST REINFORCED CONCRETE L–PANEL FOR ROOFING 2.2 Dimensions 2.2.1 Length— The maximum span of L-panels shall be restricted to 4 m. Lower lengths may be preferred,",channel,PRECAST REINFORCED CONCRETE L–PANEL FOR ROOFING 2.2 Dimensions 2.2.1 Length— The maximum span of L-panels shall be restricted to 4 m. Lower lengths may be preferred,product_only,specific,primary_subject,IS 14201: 1994;IS 5758: 1984;IS 13990: 1994;IS 5820: 1970,generated_from_metadata,
fcq_is_14241_1995_02,channel required to roofing,IS 14241: 1995,"PRECAST REINFORCED CONCRETE L–PANEL FOR ROOFING 2.2 Dimensions 2.2.1 Length— The maximum span of L-panels shall be restricted to 4 m. Lower lengths may be preferred,",channel,required to roofing,product_function,specific,canonical_product;function,IS 14201: 1994;IS 5758: 1984;IS 13990: 1994;IS 5820: 1970,generated_from_metadata,
fcq_is_14241_1995_03,channel for roofing,IS 14241: 1995,"PRECAST REINFORCED CONCRETE L–PANEL FOR ROOFING 2.2 Dimensions 2.2.1 Length— The maximum span of L-panels shall be restricted to 4 m. Lower lengths may be preferred,",channel,for roofing,product_application,specific,canonical_product;application,IS 14201: 1994;IS 5758: 1984;IS 13990: 1994;IS 5820: 1970,generated_from_metadata,
fcq_is_14241_1995_04,steel channel for roofing,IS 14241: 1995,"PRECAST REINFORCED CONCRETE L–PANEL FOR ROOFING 2.2 Dimensions 2.2.1 Length— The maximum span of L-panels shall be restricted to 4 m. Lower lengths may be preferred,",channel,steel product for roofing,material_application,specific,canonical_product;material;application,IS 14201: 1994;IS 5758: 1984;IS 13990: 1994;IS 5820: 1970,generated_from_metadata,
fcq_is_14241_1995_05,Supply channel meeting Indian Standard requirements for roofing; roofing; steel,IS 14241: 1995,"PRECAST REINFORCED CONCRETE L–PANEL FOR ROOFING 2.2 Dimensions 2.2.1 Length— The maximum span of L-panels shall be restricted to 4 m. Lower lengths may be preferred,",channel,roofing; roofing; steel,tender_sentence,specific,canonical_product;application;function;material,IS 14201: 1994;IS 5758: 1984;IS 13990: 1994;IS 5820: 1970,generated_from_metadata,
fcq_is_14241_1995_06,"Need the Indian Standard covering PRECAST REINFORCED CONCRETE L–PANEL FOR ROOFING 2.2 Dimensions 2.2.1 Length— The maximum span of L-panels shall be restricted to 4 m. Lower lengths may be preferred,",IS 14241: 1995,"PRECAST REINFORCED CONCRETE L–PANEL FOR ROOFING 2.2 Dimensions 2.2.1 Length— The maximum span of L-panels shall be restricted to 4 m. Lower lengths may be preferred,",channel,"PRECAST REINFORCED CONCRETE L–PANEL FOR ROOFING 2.2 Dimensions 2.2.1 Length— The maximum span of L-panels shall be restricted to 4 m. Lower lengths may be preferred,",natural_language,specific,title,IS 14201: 1994;IS 5758: 1984;IS 13990: 1994;IS 5820: 1970,generated_from_metadata,
fcq_is_14241_1995_07,"channel, roofing",IS 14241: 1995,"PRECAST REINFORCED CONCRETE L–PANEL FOR ROOFING 2.2 Dimensions 2.2.1 Length— The maximum span of L-panels shall be restricted to 4 m. Lower lengths may be preferred,",channel,roofing,boq_short,general_but_sufficient,canonical_product;application,IS 14201: 1994;IS 5758: 1984;IS 13990: 1994;IS 5820: 1970,generated_from_metadata,
fcq_is_14241_1995_08,channels for roofing,IS 14241: 1995,"PRECAST REINFORCED CONCRETE L–PANEL FOR ROOFING 2.2 Dimensions 2.2.1 Length— The maximum span of L-panels shall be restricted to 4 m. Lower lengths may be preferred,",channels,roofing,alias,general_but_sufficient,product_aliases;application,IS 14201: 1994;IS 5758: 1984;IS 13990: 1994;IS 5820: 1970,generated_from_metadata,
fcq_is_14241_1995_09,l-panel for roofing,IS 14241: 1995,"PRECAST REINFORCED CONCRETE L–PANEL FOR ROOFING 2.2 Dimensions 2.2.1 Length— The maximum span of L-panels shall be restricted to 4 m. Lower lengths may be preferred,",l-panel,roofing,alias,general_but_sufficient,product_aliases;application,IS 14201: 1994;IS 5758: 1984;IS 13990: 1994;IS 5820: 1970,generated_from_metadata,
fcq_is_14333_1996_01,HDPE pipe,IS 14333: 1996,"HIGH DENSITY POLYETHYELENE PIPES FOR SEWERAGE of IS 7328 : 1992*, HDPE conforming to designation PEEWA -45-T-012 PEEWA -50-T-012 or PEEWA - 57 - T - 012 of IS 7328 : 1992 may also be used with the",pipe,HDPE construction or composition,product_material,specific,canonical_product;material,IS 4984: 1995;IS 14182: 1994;IS 9762: 1994;IS 10292: 1988,generated_from_metadata,
fcq_is_14333_1996_02,Supply pipe meeting Indian Standard requirements for sewerage; carry sewage; HDPE,IS 14333: 1996,"HIGH DENSITY POLYETHYELENE PIPES FOR SEWERAGE of IS 7328 : 1992*, HDPE conforming to designation PEEWA -45-T-012 PEEWA -50-T-012 or PEEWA - 57 - T - 012 of IS 7328 : 1992 may also be used with the",pipe,sewerage; carry sewage; HDPE,tender_sentence,specific,canonical_product;application;function;material,IS 4984: 1995;IS 14182: 1994;IS 9762: 1994;IS 10292: 1988,generated_from_metadata,
fcq_is_14402_1996_01,"GLASS FIBRE REINFORCED PLASTICS (GRP) PIPES JOINT AND FITTINGS FOR USE FOR SEWERAGE, INDUSTRIAL WASTE AND WATER (OTHER THAN POTABLE) Note— For details of other materials, see 6.3 of the standard standard",IS 14402: 1996,"GLASS FIBRE REINFORCED PLASTICS (GRP) PIPES JOINT AND FITTINGS FOR USE FOR SEWERAGE, INDUSTRIAL WASTE AND WATER (OTHER THAN POTABLE) Note— For details of other materials, see 6.3 of the standard.",glass,"GLASS FIBRE REINFORCED PLASTICS (GRP) PIPES JOINT AND FITTINGS FOR USE FOR SEWERAGE, INDUSTRIAL WASTE AND WATER (OTHER THAN POTABLE) Note— For details of other materials, see 6.3 of the standard",product_only,specific,primary_subject,IS 12709: 1994;IS 11246: 1992;IS 1538: 1993;IS 14182: 1994,generated_from_metadata,
fcq_is_14402_1996_02,glass required to carry sewage,IS 14402: 1996,"GLASS FIBRE REINFORCED PLASTICS (GRP) PIPES JOINT AND FITTINGS FOR USE FOR SEWERAGE, INDUSTRIAL WASTE AND WATER (OTHER THAN POTABLE) Note— For details of other materials, see 6.3 of the standard.",glass,required to carry sewage,product_function,specific,canonical_product;function,IS 12709: 1994;IS 11246: 1992;IS 1538: 1993;IS 14182: 1994,generated_from_metadata,
fcq_is_14402_1996_03,glass for sewerage,IS 14402: 1996,"GLASS FIBRE REINFORCED PLASTICS (GRP) PIPES JOINT AND FITTINGS FOR USE FOR SEWERAGE, INDUSTRIAL WASTE AND WATER (OTHER THAN POTABLE) Note— For details of other materials, see 6.3 of the standard.",glass,for sewerage,product_application,specific,canonical_product;application,IS 12709: 1994;IS 11246: 1992;IS 1538: 1993;IS 14182: 1994,generated_from_metadata,
fcq_is_14402_1996_04,glass fibre reinforced plastic glass for sewerage,IS 14402: 1996,"GLASS FIBRE REINFORCED PLASTICS (GRP) PIPES JOINT AND FITTINGS FOR USE FOR SEWERAGE, INDUSTRIAL WASTE AND WATER (OTHER THAN POTABLE) Note— For details of other materials, see 6.3 of the standard.",glass,glass fibre reinforced plastic product for sewerage,material_application,specific,canonical_product;material;application,IS 12709: 1994;IS 11246: 1992;IS 1538: 1993;IS 14182: 1994,generated_from_metadata,
fcq_is_14402_1996_05,Supply glass meeting Indian Standard requirements for sewerage; carry sewage; glass fibre reinforced plastic,IS 14402: 1996,"GLASS FIBRE REINFORCED PLASTICS (GRP) PIPES JOINT AND FITTINGS FOR USE FOR SEWERAGE, INDUSTRIAL WASTE AND WATER (OTHER THAN POTABLE) Note— For details of other materials, see 6.3 of the standard.",glass,sewerage; carry sewage; glass fibre reinforced plastic,tender_sentence,specific,canonical_product;application;function;material,IS 12709: 1994;IS 11246: 1992;IS 1538: 1993;IS 14182: 1994,generated_from_metadata,
fcq_is_14402_1996_06,"Need the Indian Standard covering GLASS FIBRE REINFORCED PLASTICS (GRP) PIPES JOINT AND FITTINGS FOR USE FOR SEWERAGE, INDUSTRIAL WASTE AND WATER (OTHER THAN POTABLE) Note— For details of other materials, see 6.3 of the standard.",IS 14402: 1996,"GLASS FIBRE REINFORCED PLASTICS (GRP) PIPES JOINT AND FITTINGS FOR USE FOR SEWERAGE, INDUSTRIAL WASTE AND WATER (OTHER THAN POTABLE) Note— For details of other materials, see 6.3 of the standard.",glass,"GLASS FIBRE REINFORCED PLASTICS (GRP) PIPES JOINT AND FITTINGS FOR USE FOR SEWERAGE, INDUSTRIAL WASTE AND WATER (OTHER THAN POTABLE) Note— For details of other materials, see 6.3 of the standard.",natural_language,specific,title,IS 12709: 1994;IS 11246: 1992;IS 1538: 1993;IS 14182: 1994,generated_from_metadata,
fcq_is_14402_1996_07,"glass, sewerage",IS 14402: 1996,"GLASS FIBRE REINFORCED PLASTICS (GRP) PIPES JOINT AND FITTINGS FOR USE FOR SEWERAGE, INDUSTRIAL WASTE AND WATER (OTHER THAN POTABLE) Note— For details of other materials, see 6.3 of the standard.",glass,sewerage,boq_short,general_but_sufficient,canonical_product;application,IS 12709: 1994;IS 11246: 1992;IS 1538: 1993;IS 14182: 1994,generated_from_metadata,
fcq_is_14402_1996_08,glass fiber for sewerage,IS 14402: 1996,"GLASS FIBRE REINFORCED PLASTICS (GRP) PIPES JOINT AND FITTINGS FOR USE FOR SEWERAGE, INDUSTRIAL WASTE AND WATER (OTHER THAN POTABLE) Note— For details of other materials, see 6.3 of the standard.",glass fiber,sewerage,alias,general_but_sufficient,product_aliases;application,IS 12709: 1994;IS 11246: 1992;IS 1538: 1993;IS 14182: 1994,generated_from_metadata,
fcq_is_14402_1996_09,glass fibre for sewerage,IS 14402: 1996,"GLASS FIBRE REINFORCED PLASTICS (GRP) PIPES JOINT AND FITTINGS FOR USE FOR SEWERAGE, INDUSTRIAL WASTE AND WATER (OTHER THAN POTABLE) Note— For details of other materials, see 6.3 of the standard.",glass fibre,sewerage,alias,general_but_sufficient,product_aliases;application,IS 12709: 1994;IS 11246: 1992;IS 1538: 1993;IS 14182: 1994,generated_from_metadata,
fcq_is_14402_1996_10,glass fibre reinforced for sewerage,IS 14402: 1996,"GLASS FIBRE REINFORCED PLASTICS (GRP) PIPES JOINT AND FITTINGS FOR USE FOR SEWERAGE, INDUSTRIAL WASTE AND WATER (OTHER THAN POTABLE) Note— For details of other materials, see 6.3 of the standard.",glass fibre reinforced,sewerage,alias,general_but_sufficient,product_aliases;application,IS 12709: 1994;IS 11246: 1992;IS 1538: 1993;IS 14182: 1994,generated_from_metadata,
fcq_is_14443_1997_01,POLYCARBONATE SHEETS standard,IS 14443: 1997,POLYCARBONATE SHEETS,glass,POLYCARBONATE SHEETS,product_only,specific,primary_subject,IS 2046: 1995;IS 14856: 2000;IS 14871: 2000;IS 14402: 1996,generated_from_metadata,
fcq_is_14443_1997_02,polycarbonate glass,IS 14443: 1997,POLYCARBONATE SHEETS,glass,polycarbonate construction or composition,product_material,specific,canonical_product;material,IS 2046: 1995;IS 14856: 2000;IS 14871: 2000;IS 14402: 1996,generated_from_metadata,
fcq_is_14443_1997_03,Supply glass meeting Indian Standard requirements for polycarbonate,IS 14443: 1997,POLYCARBONATE SHEETS,glass,polycarbonate,tender_sentence,specific,canonical_product;material,IS 2046: 1995;IS 14856: 2000;IS 14871: 2000;IS 14402: 1996,generated_from_metadata,
fcq_is_14443_1997_04,Need the Indian Standard covering POLYCARBONATE SHEETS,IS 14443: 1997,POLYCARBONATE SHEETS,glass,POLYCARBONATE SHEETS,natural_language,specific,title,IS 2046: 1995;IS 14856: 2000;IS 14871: 2000;IS 14402: 1996,generated_from_metadata,
fcq_is_14443_1997_05,glass fiber for polycarbonate,IS 14443: 1997,POLYCARBONATE SHEETS,glass fiber,polycarbonate,alias,general_but_sufficient,product_aliases;material,IS 2046: 1995;IS 14856: 2000;IS 14871: 2000;IS 14402: 1996,generated_from_metadata,
fcq_is_14443_1997_06,glass fibre for polycarbonate,IS 14443: 1997,POLYCARBONATE SHEETS,glass fibre,polycarbonate,alias,general_but_sufficient,product_aliases;material,IS 2046: 1995;IS 14856: 2000;IS 14871: 2000;IS 14402: 1996,generated_from_metadata,
fcq_is_14443_1997_07,glass fibre reinforced for polycarbonate,IS 14443: 1997,POLYCARBONATE SHEETS,glass fibre reinforced,polycarbonate,alias,general_but_sufficient,product_aliases;material,IS 2046: 1995;IS 14856: 2000;IS 14871: 2000;IS 14402: 1996,generated_from_metadata,
fcq_is_14587_1998_01,medium density fibre board standard,IS 14587: 1998,PRE-LAMINATED MEDIUM DENSITY FIBRE BOARD TABLE 1 PHYSICAL AND MECHANICAL PROPERTIES PROPERTY REQUIREMENT,board,medium density fibre board,product_only,specific,product_subtype,IS 14842: 2000;IS 1658: 1977;IS 3308: 1981;IS 3438: 1994,generated_from_metadata,
fcq_is_14587_1998_02,board for thermal insulation,IS 14587: 1998,PRE-LAMINATED MEDIUM DENSITY FIBRE BOARD TABLE 1 PHYSICAL AND MECHANICAL PROPERTIES PROPERTY REQUIREMENT,board,for thermal insulation,product_application,specific,canonical_product;application,IS 14842: 2000;IS 1658: 1977;IS 3308: 1981;IS 3438: 1994,generated_from_metadata,
fcq_is_14587_1998_03,timber board for thermal insulation,IS 14587: 1998,PRE-LAMINATED MEDIUM DENSITY FIBRE BOARD TABLE 1 PHYSICAL AND MECHANICAL PROPERTIES PROPERTY REQUIREMENT,board,timber product for thermal insulation,material_application,specific,canonical_product;material;application,IS 14842: 2000;IS 1658: 1977;IS 3308: 1981;IS 3438: 1994,generated_from_metadata,
fcq_is_14587_1998_04,medium density fibre board for thermal insulation,IS 14587: 1998,PRE-LAMINATED MEDIUM DENSITY FIBRE BOARD TABLE 1 PHYSICAL AND MECHANICAL PROPERTIES PROPERTY REQUIREMENT,board,medium density fibre board used for thermal insulation,subtype_application,specific,product_subtype;application,IS 14842: 2000;IS 1658: 1977;IS 3308: 1981;IS 3438: 1994,generated_from_metadata,
fcq_is_14587_1998_05,Supply board meeting Indian Standard requirements for thermal insulation; timber,IS 14587: 1998,PRE-LAMINATED MEDIUM DENSITY FIBRE BOARD TABLE 1 PHYSICAL AND MECHANICAL PROPERTIES PROPERTY REQUIREMENT,board,thermal insulation; timber,tender_sentence,specific,canonical_product;application;material,IS 14842: 2000;IS 1658: 1977;IS 3308: 1981;IS 3438: 1994,generated_from_metadata,
fcq_is_14587_1998_06,Need the Indian Standard covering PRE-LAMINATED MEDIUM DENSITY FIBRE BOARD TABLE 1 PHYSICAL AND MECHANICAL PROPERTIES PROPERTY REQUIREMENT,IS 14587: 1998,PRE-LAMINATED MEDIUM DENSITY FIBRE BOARD TABLE 1 PHYSICAL AND MECHANICAL PROPERTIES PROPERTY REQUIREMENT,board,PRE-LAMINATED MEDIUM DENSITY FIBRE BOARD TABLE 1 PHYSICAL AND MECHANICAL PROPERTIES PROPERTY REQUIREMENT,natural_language,specific,title,IS 14842: 2000;IS 1658: 1977;IS 3308: 1981;IS 3438: 1994,generated_from_metadata,
fcq_is_14587_1998_07,"board, thermal insulation",IS 14587: 1998,PRE-LAMINATED MEDIUM DENSITY FIBRE BOARD TABLE 1 PHYSICAL AND MECHANICAL PROPERTIES PROPERTY REQUIREMENT,board,thermal insulation,boq_short,general_but_sufficient,canonical_product;application,IS 14842: 2000;IS 1658: 1977;IS 3308: 1981;IS 3438: 1994,generated_from_metadata,
fcq_is_14587_1998_08,bamboo mat board for thermal insulation,IS 14587: 1998,PRE-LAMINATED MEDIUM DENSITY FIBRE BOARD TABLE 1 PHYSICAL AND MECHANICAL PROPERTIES PROPERTY REQUIREMENT,bamboo mat board,thermal insulation,alias,general_but_sufficient,product_aliases;application,IS 14842: 2000;IS 1658: 1977;IS 3308: 1981;IS 3438: 1994,generated_from_metadata,
fcq_is_14587_1998_09,boards for thermal insulation,IS 14587: 1998,PRE-LAMINATED MEDIUM DENSITY FIBRE BOARD TABLE 1 PHYSICAL AND MECHANICAL PROPERTIES PROPERTY REQUIREMENT,boards,thermal insulation,alias,general_but_sufficient,product_aliases;application,IS 14842: 2000;IS 1658: 1977;IS 3308: 1981;IS 3438: 1994,generated_from_metadata,
fcq_is_14587_1998_10,coir board for thermal insulation,IS 14587: 1998,PRE-LAMINATED MEDIUM DENSITY FIBRE BOARD TABLE 1 PHYSICAL AND MECHANICAL PROPERTIES PROPERTY REQUIREMENT,coir board,thermal insulation,alias,general_but_sufficient,product_aliases;application,IS 14842: 2000;IS 1658: 1977;IS 3308: 1981;IS 3438: 1994,generated_from_metadata,
fcq_is_14643_1999_01,UNSINTERED POLYTETRAFLUOROETHYLENE standard,IS 14643: 1999,UNSINTERED POLYTETRAFLUOROETHYLENE,pipe,UNSINTERED POLYTETRAFLUOROETHYLENE,product_only,specific,primary_subject,IS 14182: 1994;IS 1785 (Part 2): 1983;IS 3037: 1986;IS 638: 1979,generated_from_metadata,
fcq_is_14643_1999_02,Need the Indian Standard covering UNSINTERED POLYTETRAFLUOROETHYLENE,IS 14643: 1999,UNSINTERED POLYTETRAFLUOROETHYLENE,pipe,UNSINTERED POLYTETRAFLUOROETHYLENE,natural_language,specific,title,IS 14182: 1994;IS 1785 (Part 2): 1983;IS 3037: 1986;IS 638: 1979,generated_from_metadata,
fcq_is_14643_1999_03,casing pipe for UNSINTERED POLYTETRAFLUOROETHYLENE,IS 14643: 1999,UNSINTERED POLYTETRAFLUOROETHYLENE,casing pipe,UNSINTERED POLYTETRAFLUOROETHYLENE,alias,general_but_sufficient,product_aliases;primary_subject,IS 14182: 1994;IS 1785 (Part 2): 1983;IS 3037: 1986;IS 638: 1979,generated_from_metadata,
fcq_is_14643_1999_04,grp pipe for UNSINTERED POLYTETRAFLUOROETHYLENE,IS 14643: 1999,UNSINTERED POLYTETRAFLUOROETHYLENE,grp pipe,UNSINTERED POLYTETRAFLUOROETHYLENE,alias,general_but_sufficient,product_aliases;primary_subject,IS 14182: 1994;IS 1785 (Part 2): 1983;IS 3037: 1986;IS 638: 1979,generated_from_metadata,
fcq_is_14643_1999_05,hdpe pipe for UNSINTERED POLYTETRAFLUOROETHYLENE,IS 14643: 1999,UNSINTERED POLYTETRAFLUOROETHYLENE,hdpe pipe,UNSINTERED POLYTETRAFLUOROETHYLENE,alias,general_but_sufficient,product_aliases;primary_subject,IS 14182: 1994;IS 1785 (Part 2): 1983;IS 3037: 1986;IS 638: 1979,generated_from_metadata,
fcq_is_1464_1992_01,CLAY RIDGE AND CEILING TILES standard,IS 1464: 1992,CLAY RIDGE AND CEILING TILES,tile,CLAY RIDGE AND CEILING TILES,product_only,specific,primary_subject,IS 13754: 1993;IS 13755: 1993;IS 3952: 1988;IS 4350: 1967,generated_from_metadata,
fcq_is_1464_1992_02,clay tile,IS 1464: 1992,CLAY RIDGE AND CEILING TILES,tile,clay construction or composition,product_material,specific,canonical_product;material,IS 13754: 1993;IS 13755: 1993;IS 3952: 1988;IS 4350: 1967,generated_from_metadata,
fcq_is_1464_1992_03,Supply tile meeting Indian Standard requirements for clay,IS 1464: 1992,CLAY RIDGE AND CEILING TILES,tile,clay,tender_sentence,specific,canonical_product;material,IS 13754: 1993;IS 13755: 1993;IS 3952: 1988;IS 4350: 1967,generated_from_metadata,
fcq_is_1464_1992_04,Need the Indian Standard covering CLAY RIDGE AND CEILING TILES,IS 1464: 1992,CLAY RIDGE AND CEILING TILES,tile,CLAY RIDGE AND CEILING TILES,natural_language,specific,title,IS 13754: 1993;IS 13755: 1993;IS 3952: 1988;IS 4350: 1967,generated_from_metadata,
fcq_is_1464_1992_05,clay roofing country tile for clay,IS 1464: 1992,CLAY RIDGE AND CEILING TILES,clay roofing country tile,clay,alias,general_but_sufficient,product_aliases;material,IS 13754: 1993;IS 13755: 1993;IS 3952: 1988;IS 4350: 1967,generated_from_metadata,
fcq_is_1464_1992_06,flooring tile for clay,IS 1464: 1992,CLAY RIDGE AND CEILING TILES,flooring tile,clay,alias,general_but_sufficient,product_aliases;material,IS 13754: 1993;IS 13755: 1993;IS 3952: 1988;IS 4350: 1967,generated_from_metadata,
fcq_is_1464_1992_07,hollow clay tile for clay,IS 1464: 1992,CLAY RIDGE AND CEILING TILES,hollow clay tile,clay,alias,general_but_sufficient,product_aliases;material,IS 13754: 1993;IS 13755: 1993;IS 3952: 1988;IS 4350: 1967,generated_from_metadata,
fcq_is_14735_1999_01,UNPLASTICIZED POLYVINYL CHLORIDE (UPVC) INJECTION MOULDED FITTING FOR SOIL AND WASTE DISCHARGE SYSTEM FOR INSIDE AND OUTSIDE BUILDINGS INCLUDING VENTILATION AND RAIN WATER SYSTEMS * UPVC pipes for soil and waste discharge systems inside bui standard,IS 14735: 1999,UNPLASTICIZED POLYVINYL CHLORIDE (UPVC) INJECTION MOULDED FITTING FOR SOIL AND WASTE DISCHARGE SYSTEM FOR INSIDE AND OUTSIDE BUILDINGS INCLUDING VENTILATION AND RAIN WATER SYSTEMS * UPVC pipes for soil and waste discharge systems inside buildings,pipe fitting,UNPLASTICIZED POLYVINYL CHLORIDE (UPVC) INJECTION MOULDED FITTING FOR SOIL AND WASTE DISCHARGE SYSTEM FOR INSIDE AND OUTSIDE BUILDINGS INCLUDING VENTILATION AND RAIN WATER SYSTEMS * UPVC pipes for soil and waste discharge systems inside bui,product_only,specific,primary_subject,IS 13592: 1992;IS 14182: 1994;IS 7834: 1987;IS 14402: 1996,generated_from_metadata,
fcq_is_14735_1999_02,Supply pipe fitting meeting Indian Standard requirements for potable water supply; PVC,IS 14735: 1999,UNPLASTICIZED POLYVINYL CHLORIDE (UPVC) INJECTION MOULDED FITTING FOR SOIL AND WASTE DISCHARGE SYSTEM FOR INSIDE AND OUTSIDE BUILDINGS INCLUDING VENTILATION AND RAIN WATER SYSTEMS * UPVC pipes for soil and waste discharge systems inside buildings,pipe fitting,potable water supply; PVC,tender_sentence,specific,canonical_product;application;material,IS 13592: 1992;IS 14182: 1994;IS 7834: 1987;IS 14402: 1996,generated_from_metadata,
fcq_is_14735_1999_03,Need the Indian Standard covering UNPLASTICIZED POLYVINYL CHLORIDE (UPVC) INJECTION MOULDED FITTING FOR SOIL AND WASTE DISCHARGE SYSTEM FOR INSIDE AND OUTSIDE BUILDINGS INCLUDING VENTILATION AND RAIN WATER SYSTEMS * UPVC pipes for soil and waste discharge systems inside buildings,IS 14735: 1999,UNPLASTICIZED POLYVINYL CHLORIDE (UPVC) INJECTION MOULDED FITTING FOR SOIL AND WASTE DISCHARGE SYSTEM FOR INSIDE AND OUTSIDE BUILDINGS INCLUDING VENTILATION AND RAIN WATER SYSTEMS * UPVC pipes for soil and waste discharge systems inside buildings,pipe fitting,UNPLASTICIZED POLYVINYL CHLORIDE (UPVC) INJECTION MOULDED FITTING FOR SOIL AND WASTE DISCHARGE SYSTEM FOR INSIDE AND OUTSIDE BUILDINGS INCLUDING VENTILATION AND RAIN WATER SYSTEMS * UPVC pipes for soil and waste discharge systems inside buildings,natural_language,specific,title,IS 13592: 1992;IS 14182: 1994;IS 7834: 1987;IS 14402: 1996,generated_from_metadata,
fcq_is_1478_1992_01,CLAY FLOORING TILES standard,IS 1478: 1992,CLAY FLOORING TILES,tile,CLAY FLOORING TILES,product_only,specific,primary_subject,IS 1128: 1974;IS 3622: 1977;IS 3828: 1966;IS 10360: 1982,generated_from_metadata,
fcq_is_1478_1992_02,steel tile,IS 1478: 1992,CLAY FLOORING TILES,tile,steel construction or composition,product_material,specific,canonical_product;material,IS 1128: 1974;IS 3622: 1977;IS 3828: 1966;IS 10360: 1982,generated_from_metadata,
fcq_is_1478_1992_03,steel tile for flooring,IS 1478: 1992,CLAY FLOORING TILES,tile,steel product for flooring,material_application,specific,canonical_product;material;application,IS 1128: 1974;IS 3622: 1977;IS 3828: 1966;IS 10360: 1982,generated_from_metadata,
fcq_is_1478_1992_04,Supply tile meeting Indian Standard requirements for flooring; flooring; steel,IS 1478: 1992,CLAY FLOORING TILES,tile,flooring; flooring; steel,tender_sentence,specific,canonical_product;application;function;material,IS 1128: 1974;IS 3622: 1977;IS 3828: 1966;IS 10360: 1982,generated_from_metadata,
fcq_is_1478_1992_05,Need the Indian Standard covering CLAY FLOORING TILES,IS 1478: 1992,CLAY FLOORING TILES,tile,CLAY FLOORING TILES,natural_language,specific,title,IS 1128: 1974;IS 3622: 1977;IS 3828: 1966;IS 10360: 1982,generated_from_metadata,
fcq_is_14842_2000_01,COIR VENEER BOARD FOR GENERAL PURPOSES 1. Scope – Covers the method of manufacture and the requirement of coir veneer board (coconut fibre standard,IS 14842: 2000,COIR VENEER BOARD FOR GENERAL PURPOSES 1. Scope – Covers the method of manufacture and the requirement of coir veneer board (coconut fibre,board,COIR VENEER BOARD FOR GENERAL PURPOSES 1. Scope – Covers the method of manufacture and the requirement of coir veneer board (coconut fibre,product_only,specific,primary_subject,IS 14588: 1999;IS 13958: 1994;IS 3337: 1978;IS 15476: 2004,generated_from_metadata,
fcq_is_14842_2000_02,Need the Indian Standard covering COIR VENEER BOARD FOR GENERAL PURPOSES 1. Scope – Covers the method of manufacture and the requirement of coir veneer board (coconut fibre,IS 14842: 2000,COIR VENEER BOARD FOR GENERAL PURPOSES 1. Scope – Covers the method of manufacture and the requirement of coir veneer board (coconut fibre,board,COIR VENEER BOARD FOR GENERAL PURPOSES 1. Scope – Covers the method of manufacture and the requirement of coir veneer board (coconut fibre,natural_language,specific,title,IS 14588: 1999;IS 13958: 1994;IS 3337: 1978;IS 15476: 2004,generated_from_metadata,
fcq_is_14846_2000_01,SLUICE VALVES FOR WATER WORKS PURPOSES standard,IS 14846: 2000,SLUICE VALVES FOR WATER WORKS PURPOSES,valve,SLUICE VALVES FOR WATER WORKS PURPOSES,product_only,specific,primary_subject,IS 5312 (Part 1): 2004;IS 9338: 1984;IS 5312 (Part 2): 1986;IS 12994: 1990,generated_from_metadata,
fcq_is_14846_2000_02,Supply valve meeting Indian Standard requirements for water supply; cast iron,IS 14846: 2000,SLUICE VALVES FOR WATER WORKS PURPOSES,valve,water supply; cast iron,tender_sentence,specific,canonical_product;application;material,IS 5312 (Part 1): 2004;IS 9338: 1984;IS 5312 (Part 2): 1986;IS 12994: 1990,generated_from_metadata,
fcq_is_14846_2000_03,Need the Indian Standard covering SLUICE VALVES FOR WATER WORKS PURPOSES,IS 14846: 2000,SLUICE VALVES FOR WATER WORKS PURPOSES,valve,SLUICE VALVES FOR WATER WORKS PURPOSES,natural_language,specific,title,IS 5312 (Part 1): 2004;IS 9338: 1984;IS 5312 (Part 2): 1986;IS 12994: 1990,generated_from_metadata,
fcq_is_14846_2000_04,non return valve for water supply,IS 14846: 2000,SLUICE VALVES FOR WATER WORKS PURPOSES,non return valve,water supply,alias,general_but_sufficient,product_aliases;application,IS 5312 (Part 1): 2004;IS 9338: 1984;IS 5312 (Part 2): 1986;IS 12994: 1990,generated_from_metadata,
fcq_is_14856_2000_01,"GLASS FIBRE REINFORCED PLASTIC (GRP) PANEL TYPE DOOR SHUTTERS FOR INTERNAL USE 1. Scope – Requirements regarding types, sizes, material, construction, workmanship, finish standard",IS 14856: 2000,"GLASS FIBRE REINFORCED PLASTIC (GRP) PANEL TYPE DOOR SHUTTERS FOR INTERNAL USE 1. Scope – Requirements regarding types, sizes, material, construction, workmanship, finish,",glass,"GLASS FIBRE REINFORCED PLASTIC (GRP) PANEL TYPE DOOR SHUTTERS FOR INTERNAL USE 1. Scope – Requirements regarding types, sizes, material, construction, workmanship, finish",product_only,specific,primary_subject,IS 11246: 1992;IS 5437: 1994;IS 4351: 2003;IS 15380: 2003,generated_from_metadata,
fcq_is_14856_2000_02,glass for flooring,IS 14856: 2000,"GLASS FIBRE REINFORCED PLASTIC (GRP) PANEL TYPE DOOR SHUTTERS FOR INTERNAL USE 1. Scope – Requirements regarding types, sizes, material, construction, workmanship, finish,",glass,for flooring,product_application,specific,canonical_product;application,IS 11246: 1992;IS 5437: 1994;IS 4351: 2003;IS 15380: 2003,generated_from_metadata,
fcq_is_14856_2000_03,steel glass for flooring,IS 14856: 2000,"GLASS FIBRE REINFORCED PLASTIC (GRP) PANEL TYPE DOOR SHUTTERS FOR INTERNAL USE 1. Scope – Requirements regarding types, sizes, material, construction, workmanship, finish,",glass,steel product for flooring,material_application,specific,canonical_product;material;application,IS 11246: 1992;IS 5437: 1994;IS 4351: 2003;IS 15380: 2003,generated_from_metadata,
fcq_is_14856_2000_04,Supply glass meeting Indian Standard requirements for flooring; steel,IS 14856: 2000,"GLASS FIBRE REINFORCED PLASTIC (GRP) PANEL TYPE DOOR SHUTTERS FOR INTERNAL USE 1. Scope – Requirements regarding types, sizes, material, construction, workmanship, finish,",glass,flooring; steel,tender_sentence,specific,canonical_product;application;material,IS 11246: 1992;IS 5437: 1994;IS 4351: 2003;IS 15380: 2003,generated_from_metadata,
fcq_is_14856_2000_05,"Need the Indian Standard covering GLASS FIBRE REINFORCED PLASTIC (GRP) PANEL TYPE DOOR SHUTTERS FOR INTERNAL USE 1. Scope – Requirements regarding types, sizes, material, construction, workmanship, finish,",IS 14856: 2000,"GLASS FIBRE REINFORCED PLASTIC (GRP) PANEL TYPE DOOR SHUTTERS FOR INTERNAL USE 1. Scope – Requirements regarding types, sizes, material, construction, workmanship, finish,",glass,"GLASS FIBRE REINFORCED PLASTIC (GRP) PANEL TYPE DOOR SHUTTERS FOR INTERNAL USE 1. Scope – Requirements regarding types, sizes, material, construction, workmanship, finish,",natural_language,specific,title,IS 11246: 1992;IS 5437: 1994;IS 4351: 2003;IS 15380: 2003,generated_from_metadata,
fcq_is_14856_2000_06,"glass, flooring",IS 14856: 2000,"GLASS FIBRE REINFORCED PLASTIC (GRP) PANEL TYPE DOOR SHUTTERS FOR INTERNAL USE 1. Scope – Requirements regarding types, sizes, material, construction, workmanship, finish,",glass,flooring,boq_short,general_but_sufficient,canonical_product;application,IS 11246: 1992;IS 5437: 1994;IS 4351: 2003;IS 15380: 2003,generated_from_metadata,
fcq_is_14856_2000_07,glass fiber for flooring,IS 14856: 2000,"GLASS FIBRE REINFORCED PLASTIC (GRP) PANEL TYPE DOOR SHUTTERS FOR INTERNAL USE 1. Scope – Requirements regarding types, sizes, material, construction, workmanship, finish,",glass fiber,flooring,alias,general_but_sufficient,product_aliases;application,IS 11246: 1992;IS 5437: 1994;IS 4351: 2003;IS 15380: 2003,generated_from_metadata,
fcq_is_14856_2000_08,glass fibre for flooring,IS 14856: 2000,"GLASS FIBRE REINFORCED PLASTIC (GRP) PANEL TYPE DOOR SHUTTERS FOR INTERNAL USE 1. Scope – Requirements regarding types, sizes, material, construction, workmanship, finish,",glass fibre,flooring,alias,general_but_sufficient,product_aliases;application,IS 11246: 1992;IS 5437: 1994;IS 4351: 2003;IS 15380: 2003,generated_from_metadata,
fcq_is_14856_2000_09,glass fibre reinforced for flooring,IS 14856: 2000,"GLASS FIBRE REINFORCED PLASTIC (GRP) PANEL TYPE DOOR SHUTTERS FOR INTERNAL USE 1. Scope – Requirements regarding types, sizes, material, construction, workmanship, finish,",glass fibre reinforced,flooring,alias,general_but_sufficient,product_aliases;application,IS 11246: 1992;IS 5437: 1994;IS 4351: 2003;IS 15380: 2003,generated_from_metadata,
fcq_is_14862_2000_01,FIBRE CEMENT FLAT SHEETS standard,IS 14862: 2000,FIBRE CEMENT FLAT SHEETS,cement,FIBRE CEMENT FLAT SHEETS,product_only,specific,primary_subject,IS 12330: 1988;IS 6452: 1989;IS 8272: 1984;IS 14871: 2000,generated_from_metadata,
fcq_is_14862_2000_02,timber cement,IS 14862: 2000,FIBRE CEMENT FLAT SHEETS,cement,timber construction or composition,product_material,specific,canonical_product;material,IS 12330: 1988;IS 6452: 1989;IS 8272: 1984;IS 14871: 2000,generated_from_metadata,
fcq_is_14862_2000_03,Supply cement meeting Indian Standard requirements for timber,IS 14862: 2000,FIBRE CEMENT FLAT SHEETS,cement,timber,tender_sentence,specific,canonical_product;material,IS 12330: 1988;IS 6452: 1989;IS 8272: 1984;IS 14871: 2000,generated_from_metadata,
fcq_is_14862_2000_04,Need the Indian Standard covering FIBRE CEMENT FLAT SHEETS,IS 14862: 2000,FIBRE CEMENT FLAT SHEETS,cement,FIBRE CEMENT FLAT SHEETS,natural_language,specific,title,IS 12330: 1988;IS 6452: 1989;IS 8272: 1984;IS 14871: 2000,generated_from_metadata,
fcq_is_14862_2000_05,lime pozzolana mixture for timber,IS 14862: 2000,FIBRE CEMENT FLAT SHEETS,lime pozzolana mixture,timber,alias,general_but_sufficient,product_aliases;material,IS 12330: 1988;IS 6452: 1989;IS 8272: 1984;IS 14871: 2000,generated_from_metadata,
fcq_is_14862_2000_06,lime-pozzolana concrete for timber,IS 14862: 2000,FIBRE CEMENT FLAT SHEETS,lime-pozzolana concrete,timber,alias,general_but_sufficient,product_aliases;material,IS 12330: 1988;IS 6452: 1989;IS 8272: 1984;IS 14871: 2000,generated_from_metadata,
fcq_is_14862_2000_07,masonry cement for timber,IS 14862: 2000,FIBRE CEMENT FLAT SHEETS,masonry cement,timber,alias,general_but_sufficient,product_aliases;material,IS 12330: 1988;IS 6452: 1989;IS 8272: 1984;IS 14871: 2000,generated_from_metadata,
fcq_is_1489_part_1_1991_01,portland pozzolana fly ash standard,IS 1489 (Part 1): 1991,PORTLAND POZZOLANA CEMENT PART 1 FLY ASH BASED,cement,portland pozzolana fly ash,product_only,specific,product_subtype,IS 269: 1989;IS 455: 1989;IS 4832 (Part 1): 1969;IS 190: 1991,generated_from_metadata,
fcq_is_1489_part_1_1991_02,Need the Indian Standard covering PORTLAND POZZOLANA CEMENT PART 1 FLY ASH BASED,IS 1489 (Part 1): 1991,PORTLAND POZZOLANA CEMENT PART 1 FLY ASH BASED,cement,PORTLAND POZZOLANA CEMENT PART 1 FLY ASH BASED,natural_language,specific,title,IS 269: 1989;IS 455: 1989;IS 4832 (Part 1): 1969;IS 190: 1991,generated_from_metadata,
fcq_is_1489_part_1_1991_03,lime pozzolana mixture for portland pozzolana fly ash,IS 1489 (Part 1): 1991,PORTLAND POZZOLANA CEMENT PART 1 FLY ASH BASED,lime pozzolana mixture,portland pozzolana fly ash,alias,general_but_sufficient,product_aliases;primary_subject,IS 269: 1989;IS 455: 1989;IS 4832 (Part 1): 1969;IS 190: 1991,generated_from_metadata,
fcq_is_1489_part_1_1991_04,lime-pozzolana concrete for portland pozzolana fly ash,IS 1489 (Part 1): 1991,PORTLAND POZZOLANA CEMENT PART 1 FLY ASH BASED,lime-pozzolana concrete,portland pozzolana fly ash,alias,general_but_sufficient,product_aliases;primary_subject,IS 269: 1989;IS 455: 1989;IS 4832 (Part 1): 1969;IS 190: 1991,generated_from_metadata,
fcq_is_1489_part_1_1991_05,masonry cement for portland pozzolana fly ash,IS 1489 (Part 1): 1991,PORTLAND POZZOLANA CEMENT PART 1 FLY ASH BASED,masonry cement,portland pozzolana fly ash,alias,general_but_sufficient,product_aliases;primary_subject,IS 269: 1989;IS 455: 1989;IS 4832 (Part 1): 1969;IS 190: 1991,generated_from_metadata,
fcq_is_1489_part_2_1991_01,clay cement,IS 1489 (Part 2): 1991,PORTLAND POZZOLANA CEMENT PART 2 CALCINED CLAY BASED,cement,clay construction or composition,product_material,specific,canonical_product;material,IS 1489 (Part 1): 1991;IS 269: 1989;IS 9142: 1979;IS 363: 1993,generated_from_metadata,
fcq_is_1489_part_2_1991_02,Supply cement meeting Indian Standard requirements for clay,IS 1489 (Part 2): 1991,PORTLAND POZZOLANA CEMENT PART 2 CALCINED CLAY BASED,cement,clay,tender_sentence,specific,canonical_product;material,IS 1489 (Part 1): 1991;IS 269: 1989;IS 9142: 1979;IS 363: 1993,generated_from_metadata,
fcq_is_1489_part_2_1991_03,Need the Indian Standard covering PORTLAND POZZOLANA CEMENT PART 2 CALCINED CLAY BASED,IS 1489 (Part 2): 1991,PORTLAND POZZOLANA CEMENT PART 2 CALCINED CLAY BASED,cement,PORTLAND POZZOLANA CEMENT PART 2 CALCINED CLAY BASED,natural_language,specific,title,IS 1489 (Part 1): 1991;IS 269: 1989;IS 9142: 1979;IS 363: 1993,generated_from_metadata,
fcq_is_1489_part_2_1991_04,lime pozzolana mixture for clay,IS 1489 (Part 2): 1991,PORTLAND POZZOLANA CEMENT PART 2 CALCINED CLAY BASED,lime pozzolana mixture,clay,alias,general_but_sufficient,product_aliases;material,IS 1489 (Part 1): 1991;IS 269: 1989;IS 9142: 1979;IS 363: 1993,generated_from_metadata,
fcq_is_1489_part_2_1991_05,lime-pozzolana concrete for clay,IS 1489 (Part 2): 1991,PORTLAND POZZOLANA CEMENT PART 2 CALCINED CLAY BASED,lime-pozzolana concrete,clay,alias,general_but_sufficient,product_aliases;material,IS 1489 (Part 1): 1991;IS 269: 1989;IS 9142: 1979;IS 363: 1993,generated_from_metadata,
fcq_is_1489_part_2_1991_06,masonry cement for clay,IS 1489 (Part 2): 1991,PORTLAND POZZOLANA CEMENT PART 2 CALCINED CLAY BASED,masonry cement,clay,alias,general_but_sufficient,product_aliases;material,IS 1489 (Part 1): 1991;IS 269: 1989;IS 9142: 1979;IS 363: 1993,generated_from_metadata,
fcq_is_14912_2001_01,DOOR CLOSERS - CONCEALED TYPE standard,IS 14912: 2001,DOOR CLOSERS - CONCEALED TYPE,door,DOOR CLOSERS - CONCEALED TYPE,product_only,specific,primary_subject,IS 3564: 1995;IS 6315: 1992;IS 15491: 2004;IS 1834: 1984,generated_from_metadata,
fcq_is_14912_2001_02,cast iron door,IS 14912: 2001,DOOR CLOSERS - CONCEALED TYPE,door,cast iron construction or composition,product_material,specific,canonical_product;material,IS 3564: 1995;IS 6315: 1992;IS 15491: 2004;IS 1834: 1984,generated_from_metadata,
fcq_is_14912_2001_03,cast iron door for door and window construction,IS 14912: 2001,DOOR CLOSERS - CONCEALED TYPE,door,cast iron product for door and window construction,material_application,specific,canonical_product;material;application,IS 3564: 1995;IS 6315: 1992;IS 15491: 2004;IS 1834: 1984,generated_from_metadata,
fcq_is_14912_2001_04,Supply door meeting Indian Standard requirements for door and window construction; cast iron,IS 14912: 2001,DOOR CLOSERS - CONCEALED TYPE,door,door and window construction; cast iron,tender_sentence,specific,canonical_product;application;material,IS 3564: 1995;IS 6315: 1992;IS 15491: 2004;IS 1834: 1984,generated_from_metadata,
fcq_is_14912_2001_05,Need the Indian Standard covering DOOR CLOSERS - CONCEALED TYPE,IS 14912: 2001,DOOR CLOSERS - CONCEALED TYPE,door,DOOR CLOSERS - CONCEALED TYPE,natural_language,specific,title,IS 3564: 1995;IS 6315: 1992;IS 15491: 2004;IS 1834: 1984,generated_from_metadata,
fcq_is_1536_2001_01,"CENTRIFUGALLY CAST (SPUN) IRON PRESSURE PIPES FOR WATER, GAS AND SEWAGE standard",IS 1536: 2001,"CENTRIFUGALLY CAST (SPUN) IRON PRESSURE PIPES FOR WATER, GAS AND SEWAGE",pipe,"CENTRIFUGALLY CAST (SPUN) IRON PRESSURE PIPES FOR WATER, GAS AND SEWAGE",product_only,specific,primary_subject,IS 6163: 1978;IS 1538: 1993;IS 8329: 2000;IS 779: 1994,generated_from_metadata,
fcq_is_1536_2001_02,"Need the Indian Standard covering CENTRIFUGALLY CAST (SPUN) IRON PRESSURE PIPES FOR WATER, GAS AND SEWAGE",IS 1536: 2001,"CENTRIFUGALLY CAST (SPUN) IRON PRESSURE PIPES FOR WATER, GAS AND SEWAGE",pipe,"CENTRIFUGALLY CAST (SPUN) IRON PRESSURE PIPES FOR WATER, GAS AND SEWAGE",natural_language,specific,title,IS 6163: 1978;IS 1538: 1993;IS 8329: 2000;IS 779: 1994,generated_from_metadata,
fcq_is_1537_1976_01,"VERTICALLY CAST IRON PRESSURE PIPES FOR WATER, GAS AND SEWAGE standard",IS 1537: 1976,"VERTICALLY CAST IRON PRESSURE PIPES FOR WATER, GAS AND SEWAGE",pipe,"VERTICALLY CAST IRON PRESSURE PIPES FOR WATER, GAS AND SEWAGE",product_only,specific,primary_subject,IS 6163: 1978;IS 1538: 1993;IS 8329: 2000;IS 12709: 1994,generated_from_metadata,
fcq_is_1537_1976_02,"Need the Indian Standard covering VERTICALLY CAST IRON PRESSURE PIPES FOR WATER, GAS AND SEWAGE",IS 1537: 1976,"VERTICALLY CAST IRON PRESSURE PIPES FOR WATER, GAS AND SEWAGE",pipe,"VERTICALLY CAST IRON PRESSURE PIPES FOR WATER, GAS AND SEWAGE",natural_language,specific,title,IS 6163: 1978;IS 1538: 1993;IS 8329: 2000;IS 12709: 1994,generated_from_metadata,
fcq_is_15380_2003_01,"MOULDED RAISED HIGH DENSITY FIBRE (HDF) PANEL DOORS 1. Scope – This standard lays down requirements regarding types, sizes, material, construction standard",IS 15380: 2003,"MOULDED RAISED HIGH DENSITY FIBRE (HDF) PANEL DOORS 1. Scope – This standard lays down requirements regarding types, sizes, material, construction,",door,"MOULDED RAISED HIGH DENSITY FIBRE (HDF) PANEL DOORS 1. Scope – This standard lays down requirements regarding types, sizes, material, construction",product_only,specific,primary_subject,IS 6198: 1992;IS 2191 (Part 1): 1983;IS 1019: 1974;IS 14856: 2000,generated_from_metadata,
fcq_is_15380_2003_02,"Need the Indian Standard covering MOULDED RAISED HIGH DENSITY FIBRE (HDF) PANEL DOORS 1. Scope – This standard lays down requirements regarding types, sizes, material, construction,",IS 15380: 2003,"MOULDED RAISED HIGH DENSITY FIBRE (HDF) PANEL DOORS 1. Scope – This standard lays down requirements regarding types, sizes, material, construction,",door,"MOULDED RAISED HIGH DENSITY FIBRE (HDF) PANEL DOORS 1. Scope – This standard lays down requirements regarding types, sizes, material, construction,",natural_language,specific,title,IS 6198: 1992;IS 2191 (Part 1): 1983;IS 1019: 1974;IS 14856: 2000,generated_from_metadata,
fcq_is_1538_1993_01,pipe fitting required to carry sewage,IS 1538: 1993,"CAST IRON FITTINGS FOR PRESSURE PIPES FOR WATER, GAS AND SEWAGE",pipe fitting,required to carry sewage,product_function,specific,canonical_product;function,IS 6163: 1978;IS 1536: 2001;IS 8329: 2000;IS 12709: 1994,generated_from_metadata,
fcq_is_1538_1993_02,cast iron pipe fitting,IS 1538: 1993,"CAST IRON FITTINGS FOR PRESSURE PIPES FOR WATER, GAS AND SEWAGE",pipe fitting,cast iron construction or composition,product_material,specific,canonical_product;material,IS 6163: 1978;IS 1536: 2001;IS 8329: 2000;IS 12709: 1994,generated_from_metadata,
fcq_is_1538_1993_03,pipe fitting for sewerage,IS 1538: 1993,"CAST IRON FITTINGS FOR PRESSURE PIPES FOR WATER, GAS AND SEWAGE",pipe fitting,for sewerage,product_application,specific,canonical_product;application,IS 6163: 1978;IS 1536: 2001;IS 8329: 2000;IS 12709: 1994,generated_from_metadata,
fcq_is_1538_1993_04,socket to carry sewage,IS 1538: 1993,"CAST IRON FITTINGS FOR PRESSURE PIPES FOR WATER, GAS AND SEWAGE",pipe fitting,socket required to carry sewage,subtype_function,specific,product_subtype;function,IS 6163: 1978;IS 1536: 2001;IS 8329: 2000;IS 12709: 1994,generated_from_metadata,
fcq_is_1538_1993_05,cast iron pipe fitting for sewerage,IS 1538: 1993,"CAST IRON FITTINGS FOR PRESSURE PIPES FOR WATER, GAS AND SEWAGE",pipe fitting,cast iron product for sewerage,material_application,specific,canonical_product;material;application,IS 6163: 1978;IS 1536: 2001;IS 8329: 2000;IS 12709: 1994,generated_from_metadata,
fcq_is_1538_1993_06,socket for sewerage,IS 1538: 1993,"CAST IRON FITTINGS FOR PRESSURE PIPES FOR WATER, GAS AND SEWAGE",pipe fitting,socket used for sewerage,subtype_application,specific,product_subtype;application,IS 6163: 1978;IS 1536: 2001;IS 8329: 2000;IS 12709: 1994,generated_from_metadata,
fcq_is_1538_1993_07,Supply pipe fitting meeting Indian Standard requirements for sewerage; carry sewage; cast iron,IS 1538: 1993,"CAST IRON FITTINGS FOR PRESSURE PIPES FOR WATER, GAS AND SEWAGE",pipe fitting,sewerage; carry sewage; cast iron,tender_sentence,specific,canonical_product;application;function;material,IS 6163: 1978;IS 1536: 2001;IS 8329: 2000;IS 12709: 1994,generated_from_metadata,
fcq_is_1538_1993_08,"Need the Indian Standard covering CAST IRON FITTINGS FOR PRESSURE PIPES FOR WATER, GAS AND SEWAGE",IS 1538: 1993,"CAST IRON FITTINGS FOR PRESSURE PIPES FOR WATER, GAS AND SEWAGE",pipe fitting,"CAST IRON FITTINGS FOR PRESSURE PIPES FOR WATER, GAS AND SEWAGE",natural_language,specific,title,IS 6163: 1978;IS 1536: 2001;IS 8329: 2000;IS 12709: 1994,generated_from_metadata,
fcq_is_1538_1993_09,"pipe fitting, sewerage",IS 1538: 1993,"CAST IRON FITTINGS FOR PRESSURE PIPES FOR WATER, GAS AND SEWAGE",pipe fitting,sewerage,boq_short,general_but_sufficient,canonical_product;application,IS 6163: 1978;IS 1536: 2001;IS 8329: 2000;IS 12709: 1994,generated_from_metadata,
fcq_is_1538_1993_10,bend for sewerage,IS 1538: 1993,"CAST IRON FITTINGS FOR PRESSURE PIPES FOR WATER, GAS AND SEWAGE",bend,sewerage,alias,general_but_sufficient,product_aliases;application,IS 6163: 1978;IS 1536: 2001;IS 8329: 2000;IS 12709: 1994,generated_from_metadata,
fcq_is_1542_1992_01,SAND FOR PLASTER standard,IS 1542: 1992,SAND FOR PLASTER,cement,SAND FOR PLASTER,product_only,specific,primary_subject,IS 10360: 1982;IS 4098: 1983;IS 2116: 1980;IS 2547 (Part 2): 1976,generated_from_metadata,
fcq_is_1542_1992_02,Need the Indian Standard covering SAND FOR PLASTER,IS 1542: 1992,SAND FOR PLASTER,cement,SAND FOR PLASTER,natural_language,specific,title,IS 10360: 1982;IS 4098: 1983;IS 2116: 1980;IS 2547 (Part 2): 1976,generated_from_metadata,
fcq_is_15476_2004_01,BAMBOO MAT CORRUGATED SHEETS 1. Scope This standard covers the requirement of bamboo mat corrugated sheets (BMCS) for roofs of industrial standard,IS 15476: 2004,"BAMBOO MAT CORRUGATED SHEETS 1. Scope This standard covers the requirement of bamboo mat corrugated sheets (BMCS) for roofs of industrial,",roofing sheet,BAMBOO MAT CORRUGATED SHEETS 1. Scope This standard covers the requirement of bamboo mat corrugated sheets (BMCS) for roofs of industrial,product_only,specific,primary_subject,IS 1254: 1991;IS 12583: 1988;IS 14588: 1999;IS 459: 1992,generated_from_metadata,
fcq_is_15476_2004_02,bamboo roofing sheet,IS 15476: 2004,"BAMBOO MAT CORRUGATED SHEETS 1. Scope This standard covers the requirement of bamboo mat corrugated sheets (BMCS) for roofs of industrial,",roofing sheet,bamboo construction or composition,product_material,specific,canonical_product;material,IS 1254: 1991;IS 12583: 1988;IS 14588: 1999;IS 459: 1992,generated_from_metadata,
fcq_is_15476_2004_03,Supply roofing sheet meeting Indian Standard requirements for bamboo,IS 15476: 2004,"BAMBOO MAT CORRUGATED SHEETS 1. Scope This standard covers the requirement of bamboo mat corrugated sheets (BMCS) for roofs of industrial,",roofing sheet,bamboo,tender_sentence,specific,canonical_product;material,IS 1254: 1991;IS 12583: 1988;IS 14588: 1999;IS 459: 1992,generated_from_metadata,
fcq_is_15476_2004_04,"Need the Indian Standard covering BAMBOO MAT CORRUGATED SHEETS 1. Scope This standard covers the requirement of bamboo mat corrugated sheets (BMCS) for roofs of industrial,",IS 15476: 2004,"BAMBOO MAT CORRUGATED SHEETS 1. Scope This standard covers the requirement of bamboo mat corrugated sheets (BMCS) for roofs of industrial,",roofing sheet,"BAMBOO MAT CORRUGATED SHEETS 1. Scope This standard covers the requirement of bamboo mat corrugated sheets (BMCS) for roofs of industrial,",natural_language,specific,title,IS 1254: 1991;IS 12583: 1988;IS 14588: 1999;IS 459: 1992,generated_from_metadata,
fcq_is_15476_2004_05,corrugated sheet for bamboo,IS 15476: 2004,"BAMBOO MAT CORRUGATED SHEETS 1. Scope This standard covers the requirement of bamboo mat corrugated sheets (BMCS) for roofs of industrial,",corrugated sheet,bamboo,alias,general_but_sufficient,product_aliases;material,IS 1254: 1991;IS 12583: 1988;IS 14588: 1999;IS 459: 1992,generated_from_metadata,
fcq_is_15476_2004_06,corrugated sheets for bamboo,IS 15476: 2004,"BAMBOO MAT CORRUGATED SHEETS 1. Scope This standard covers the requirement of bamboo mat corrugated sheets (BMCS) for roofs of industrial,",corrugated sheets,bamboo,alias,general_but_sufficient,product_aliases;material,IS 1254: 1991;IS 12583: 1988;IS 14588: 1999;IS 459: 1992,generated_from_metadata,
fcq_is_15476_2004_07,roofing sheets for bamboo,IS 15476: 2004,"BAMBOO MAT CORRUGATED SHEETS 1. Scope This standard covers the requirement of bamboo mat corrugated sheets (BMCS) for roofs of industrial,",roofing sheets,bamboo,alias,general_but_sufficient,product_aliases;material,IS 1254: 1991;IS 12583: 1988;IS 14588: 1999;IS 459: 1992,generated_from_metadata,
fcq_is_15491_2004_01,MEDIUM DENSITY COIRBOARDS FOR GENERAL PURPOSES 1. Scope 1.1 This standard covers the requirement of medium standard,IS 15491: 2004,MEDIUM DENSITY COIRBOARDS FOR GENERAL PURPOSES 1. Scope 1.1 This standard covers the requirement of medium,board,MEDIUM DENSITY COIRBOARDS FOR GENERAL PURPOSES 1. Scope 1.1 This standard covers the requirement of medium,product_only,specific,primary_subject,IS 12406: 2003;IS 3087: 1985;IS 4021: 1995;IS 1003 (Part 1): 2003,generated_from_metadata,
fcq_is_15491_2004_02,steel board,IS 15491: 2004,MEDIUM DENSITY COIRBOARDS FOR GENERAL PURPOSES 1. Scope 1.1 This standard covers the requirement of medium,board,steel construction or composition,product_material,specific,canonical_product;material,IS 12406: 2003;IS 3087: 1985;IS 4021: 1995;IS 1003 (Part 1): 2003,generated_from_metadata,
fcq_is_15491_2004_03,board for door and window construction,IS 15491: 2004,MEDIUM DENSITY COIRBOARDS FOR GENERAL PURPOSES 1. Scope 1.1 This standard covers the requirement of medium,board,for door and window construction,product_application,specific,canonical_product;application,IS 12406: 2003;IS 3087: 1985;IS 4021: 1995;IS 1003 (Part 1): 2003,generated_from_metadata,
fcq_is_15491_2004_04,steel board for door and window construction,IS 15491: 2004,MEDIUM DENSITY COIRBOARDS FOR GENERAL PURPOSES 1. Scope 1.1 This standard covers the requirement of medium,board,steel product for door and window construction,material_application,specific,canonical_product;material;application,IS 12406: 2003;IS 3087: 1985;IS 4021: 1995;IS 1003 (Part 1): 2003,generated_from_metadata,
fcq_is_15491_2004_05,Supply board meeting Indian Standard requirements for door and window construction; steel,IS 15491: 2004,MEDIUM DENSITY COIRBOARDS FOR GENERAL PURPOSES 1. Scope 1.1 This standard covers the requirement of medium,board,door and window construction; steel,tender_sentence,specific,canonical_product;application;material,IS 12406: 2003;IS 3087: 1985;IS 4021: 1995;IS 1003 (Part 1): 2003,generated_from_metadata,
fcq_is_15491_2004_06,Need the Indian Standard covering MEDIUM DENSITY COIRBOARDS FOR GENERAL PURPOSES 1. Scope 1.1 This standard covers the requirement of medium,IS 15491: 2004,MEDIUM DENSITY COIRBOARDS FOR GENERAL PURPOSES 1. Scope 1.1 This standard covers the requirement of medium,board,MEDIUM DENSITY COIRBOARDS FOR GENERAL PURPOSES 1. Scope 1.1 This standard covers the requirement of medium,natural_language,specific,title,IS 12406: 2003;IS 3087: 1985;IS 4021: 1995;IS 1003 (Part 1): 2003,generated_from_metadata,
fcq_is_15491_2004_07,"board, door and window construction",IS 15491: 2004,MEDIUM DENSITY COIRBOARDS FOR GENERAL PURPOSES 1. Scope 1.1 This standard covers the requirement of medium,board,door and window construction,boq_short,general_but_sufficient,canonical_product;application,IS 12406: 2003;IS 3087: 1985;IS 4021: 1995;IS 1003 (Part 1): 2003,generated_from_metadata,
fcq_is_15491_2004_08,bamboo mat board for door and window construction,IS 15491: 2004,MEDIUM DENSITY COIRBOARDS FOR GENERAL PURPOSES 1. Scope 1.1 This standard covers the requirement of medium,bamboo mat board,door and window construction,alias,general_but_sufficient,product_aliases;application,IS 12406: 2003;IS 3087: 1985;IS 4021: 1995;IS 1003 (Part 1): 2003,generated_from_metadata,
fcq_is_15491_2004_09,boards for door and window construction,IS 15491: 2004,MEDIUM DENSITY COIRBOARDS FOR GENERAL PURPOSES 1. Scope 1.1 This standard covers the requirement of medium,boards,door and window construction,alias,general_but_sufficient,product_aliases;application,IS 12406: 2003;IS 3087: 1985;IS 4021: 1995;IS 1003 (Part 1): 2003,generated_from_metadata,
fcq_is_15491_2004_10,coir board for door and window construction,IS 15491: 2004,MEDIUM DENSITY COIRBOARDS FOR GENERAL PURPOSES 1. Scope 1.1 This standard covers the requirement of medium,coir board,door and window construction,alias,general_but_sufficient,product_aliases;application,IS 12406: 2003;IS 3087: 1985;IS 4021: 1995;IS 1003 (Part 1): 2003,generated_from_metadata,
fcq_is_1554_part_1_1988_01,PVC INSULATED (HEAVY DUTY) ELECTRIC CABLES PART 1 – FOR WORKING VOLTAGES UPTO AND INCLUDING 1 100 VOLTS standard,IS 1554 (Part 1): 1988,PVC INSULATED (HEAVY DUTY) ELECTRIC CABLES PART 1 – FOR WORKING VOLTAGES UPTO AND INCLUDING 1 100 VOLTS,thermal insulation,PVC INSULATED (HEAVY DUTY) ELECTRIC CABLES PART 1 – FOR WORKING VOLTAGES UPTO AND INCLUDING 1 100 VOLTS,product_only,specific,primary_subject,IS 7098 (Part 1): 1988;IS 9968 (Part 1): 1998;IS 694: 1990;IS 3854: 1997,generated_from_metadata,
fcq_is_1554_part_1_1988_02,PVC thermal insulation,IS 1554 (Part 1): 1988,PVC INSULATED (HEAVY DUTY) ELECTRIC CABLES PART 1 – FOR WORKING VOLTAGES UPTO AND INCLUDING 1 100 VOLTS,thermal insulation,PVC construction or composition,product_material,specific,canonical_product;material,IS 7098 (Part 1): 1988;IS 9968 (Part 1): 1998;IS 694: 1990;IS 3854: 1997,generated_from_metadata,
fcq_is_1554_part_1_1988_03,Supply thermal insulation meeting Indian Standard requirements for PVC,IS 1554 (Part 1): 1988,PVC INSULATED (HEAVY DUTY) ELECTRIC CABLES PART 1 – FOR WORKING VOLTAGES UPTO AND INCLUDING 1 100 VOLTS,thermal insulation,PVC,tender_sentence,specific,canonical_product;material,IS 7098 (Part 1): 1988;IS 9968 (Part 1): 1998;IS 694: 1990;IS 3854: 1997,generated_from_metadata,
fcq_is_1554_part_1_1988_04,Need the Indian Standard covering PVC INSULATED (HEAVY DUTY) ELECTRIC CABLES PART 1 – FOR WORKING VOLTAGES UPTO AND INCLUDING 1 100 VOLTS,IS 1554 (Part 1): 1988,PVC INSULATED (HEAVY DUTY) ELECTRIC CABLES PART 1 – FOR WORKING VOLTAGES UPTO AND INCLUDING 1 100 VOLTS,thermal insulation,PVC INSULATED (HEAVY DUTY) ELECTRIC CABLES PART 1 – FOR WORKING VOLTAGES UPTO AND INCLUDING 1 100 VOLTS,natural_language,specific,title,IS 7098 (Part 1): 1988;IS 9968 (Part 1): 1998;IS 694: 1990;IS 3854: 1997,generated_from_metadata,
fcq_is_1554_part_1_1988_05,calcium silicate insulation for PVC,IS 1554 (Part 1): 1988,PVC INSULATED (HEAVY DUTY) ELECTRIC CABLES PART 1 – FOR WORKING VOLTAGES UPTO AND INCLUDING 1 100 VOLTS,calcium silicate insulation,PVC,alias,general_but_sufficient,product_aliases;material,IS 7098 (Part 1): 1988;IS 9968 (Part 1): 1998;IS 694: 1990;IS 3854: 1997,generated_from_metadata,
fcq_is_1554_part_1_1988_06,expanded polystyrene for PVC,IS 1554 (Part 1): 1988,PVC INSULATED (HEAVY DUTY) ELECTRIC CABLES PART 1 – FOR WORKING VOLTAGES UPTO AND INCLUDING 1 100 VOLTS,expanded polystyrene,PVC,alias,general_but_sufficient,product_aliases;material,IS 7098 (Part 1): 1988;IS 9968 (Part 1): 1998;IS 694: 1990;IS 3854: 1997,generated_from_metadata,
fcq_is_1554_part_1_1988_07,fibrous pipe insulation for PVC,IS 1554 (Part 1): 1988,PVC INSULATED (HEAVY DUTY) ELECTRIC CABLES PART 1 – FOR WORKING VOLTAGES UPTO AND INCLUDING 1 100 VOLTS,fibrous pipe insulation,PVC,alias,general_but_sufficient,product_aliases;material,IS 7098 (Part 1): 1988;IS 9968 (Part 1): 1998;IS 694: 1990;IS 3854: 1997,generated_from_metadata,
fcq_is_1566_1982_01,HARD - DRAWN STEEL WIRE FABRIC FOR CON- CRETE REINFORCEMENT standard,IS 1566: 1982,HARD - DRAWN STEEL WIRE FABRIC FOR CON- CRETE REINFORCEMENT,wire fabric,HARD - DRAWN STEEL WIRE FABRIC FOR CON- CRETE REINFORCEMENT,product_only,specific,primary_subject,IS 4948: 2002;IS 432 (Part 1): 1982;IS 2686: 1977;IS 432 (Part II): 1982,generated_from_metadata,
fcq_is_1566_1982_02,steel wire fabric,IS 1566: 1982,HARD - DRAWN STEEL WIRE FABRIC FOR CON- CRETE REINFORCEMENT,wire fabric,steel construction or composition,product_material,specific,canonical_product;material,IS 4948: 2002;IS 432 (Part 1): 1982;IS 2686: 1977;IS 432 (Part II): 1982,generated_from_metadata,
fcq_is_1566_1982_03,Supply wire fabric meeting Indian Standard requirements for steel,IS 1566: 1982,HARD - DRAWN STEEL WIRE FABRIC FOR CON- CRETE REINFORCEMENT,wire fabric,steel,tender_sentence,specific,canonical_product;material,IS 4948: 2002;IS 432 (Part 1): 1982;IS 2686: 1977;IS 432 (Part II): 1982,generated_from_metadata,
fcq_is_1566_1982_04,Need the Indian Standard covering HARD - DRAWN STEEL WIRE FABRIC FOR CON- CRETE REINFORCEMENT,IS 1566: 1982,HARD - DRAWN STEEL WIRE FABRIC FOR CON- CRETE REINFORCEMENT,wire fabric,HARD - DRAWN STEEL WIRE FABRIC FOR CON- CRETE REINFORCEMENT,natural_language,specific,title,IS 4948: 2002;IS 432 (Part 1): 1982;IS 2686: 1977;IS 432 (Part II): 1982,generated_from_metadata,
fcq_is_1566_1982_05,steel wire fabric for steel,IS 1566: 1982,HARD - DRAWN STEEL WIRE FABRIC FOR CON- CRETE REINFORCEMENT,steel wire fabric,steel,alias,general_but_sufficient,product_aliases;material,IS 4948: 2002;IS 432 (Part 1): 1982;IS 2686: 1977;IS 432 (Part II): 1982,generated_from_metadata,
fcq_is_1580_1991_01,BITUMINOUS COMPOUNDS FOR WATER-PROOFING AND CAULKING PURPOSES standard,IS 1580: 1991,BITUMINOUS COMPOUNDS FOR WATER-PROOFING AND CAULKING PURPOSES,waterproofing membrane,BITUMINOUS COMPOUNDS FOR WATER-PROOFING AND CAULKING PURPOSES,product_only,specific,primary_subject,IS 13990: 1994;IS 3037: 1986;IS 432 (Part II): 1982;IS 5871: 1987,generated_from_metadata,
fcq_is_1580_1991_02,steel waterproofing membrane,IS 1580: 1991,BITUMINOUS COMPOUNDS FOR WATER-PROOFING AND CAULKING PURPOSES,waterproofing membrane,steel construction or composition,product_material,specific,canonical_product;material,IS 13990: 1994;IS 3037: 1986;IS 432 (Part II): 1982;IS 5871: 1987,generated_from_metadata,
fcq_is_1580_1991_03,steel waterproofing membrane for waterproofing,IS 1580: 1991,BITUMINOUS COMPOUNDS FOR WATER-PROOFING AND CAULKING PURPOSES,waterproofing membrane,steel product for waterproofing,material_application,specific,canonical_product;material;application,IS 13990: 1994;IS 3037: 1986;IS 432 (Part II): 1982;IS 5871: 1987,generated_from_metadata,
fcq_is_1580_1991_04,Supply waterproofing membrane meeting Indian Standard requirements for waterproofing; waterproofing; steel,IS 1580: 1991,BITUMINOUS COMPOUNDS FOR WATER-PROOFING AND CAULKING PURPOSES,waterproofing membrane,waterproofing; waterproofing; steel,tender_sentence,specific,canonical_product;application;function;material,IS 13990: 1994;IS 3037: 1986;IS 432 (Part II): 1982;IS 5871: 1987,generated_from_metadata,
fcq_is_1580_1991_05,Need the Indian Standard covering BITUMINOUS COMPOUNDS FOR WATER-PROOFING AND CAULKING PURPOSES,IS 1580: 1991,BITUMINOUS COMPOUNDS FOR WATER-PROOFING AND CAULKING PURPOSES,waterproofing membrane,BITUMINOUS COMPOUNDS FOR WATER-PROOFING AND CAULKING PURPOSES,natural_language,specific,title,IS 13990: 1994;IS 3037: 1986;IS 432 (Part II): 1982;IS 5871: 1987,generated_from_metadata,
fcq_is_1592_2003_01,ASBESTOS CEMENT PRESSURE PIPES standard,IS 1592: 2003,ASBESTOS CEMENT PRESSURE PIPES,pipe,ASBESTOS CEMENT PRESSURE PIPES,product_only,specific,primary_subject,IS 5531: 1988;IS 6908: 1991;IS 12592: 2002;IS 13000: 1990,generated_from_metadata,
fcq_is_1592_2003_02,Need the Indian Standard covering ASBESTOS CEMENT PRESSURE PIPES,IS 1592: 2003,ASBESTOS CEMENT PRESSURE PIPES,pipe,ASBESTOS CEMENT PRESSURE PIPES,natural_language,specific,title,IS 5531: 1988;IS 6908: 1991;IS 12592: 2002;IS 13000: 1990,generated_from_metadata,
fcq_is_1626_part_1_1994_01,pipe fitting for roofing,IS 1626 (Part 1): 1994,"ASBESTOS CEMENT BUILDING PIPES AND PIPE FITTINGS, GUTTERS, AND GUTTER FITTINGS AND ROOF FITTINGS PART 1 PIPES AND PIPE FITTINGS",pipe fitting,for roofing,product_application,specific,canonical_product;application,IS 1626: 1984;IS 2002: 1979;IS 12313: 1988;IS 2016: 1967,generated_from_metadata,
fcq_is_1626_part_1_1994_02,bend for roofing,IS 1626 (Part 1): 1994,"ASBESTOS CEMENT BUILDING PIPES AND PIPE FITTINGS, GUTTERS, AND GUTTER FITTINGS AND ROOF FITTINGS PART 1 PIPES AND PIPE FITTINGS",pipe fitting,bend used for roofing,subtype_application,specific,product_subtype;application,IS 1626: 1984;IS 2002: 1979;IS 12313: 1988;IS 2016: 1967,generated_from_metadata,
fcq_is_1626_part_1_1994_03,Supply pipe fitting meeting Indian Standard requirements for roofing,IS 1626 (Part 1): 1994,"ASBESTOS CEMENT BUILDING PIPES AND PIPE FITTINGS, GUTTERS, AND GUTTER FITTINGS AND ROOF FITTINGS PART 1 PIPES AND PIPE FITTINGS",pipe fitting,roofing,tender_sentence,specific,canonical_product;application,IS 1626: 1984;IS 2002: 1979;IS 12313: 1988;IS 2016: 1967,generated_from_metadata,
fcq_is_1626_part_1_1994_04,"Need the Indian Standard covering ASBESTOS CEMENT BUILDING PIPES AND PIPE FITTINGS, GUTTERS, AND GUTTER FITTINGS AND ROOF FITTINGS PART 1 PIPES AND PIPE FITTINGS",IS 1626 (Part 1): 1994,"ASBESTOS CEMENT BUILDING PIPES AND PIPE FITTINGS, GUTTERS, AND GUTTER FITTINGS AND ROOF FITTINGS PART 1 PIPES AND PIPE FITTINGS",pipe fitting,"ASBESTOS CEMENT BUILDING PIPES AND PIPE FITTINGS, GUTTERS, AND GUTTER FITTINGS AND ROOF FITTINGS PART 1 PIPES AND PIPE FITTINGS",natural_language,specific,title,IS 1626: 1984;IS 2002: 1979;IS 12313: 1988;IS 2016: 1967,generated_from_metadata,
fcq_is_1626_part_1_1994_05,"pipe fitting, roofing",IS 1626 (Part 1): 1994,"ASBESTOS CEMENT BUILDING PIPES AND PIPE FITTINGS, GUTTERS, AND GUTTER FITTINGS AND ROOF FITTINGS PART 1 PIPES AND PIPE FITTINGS",pipe fitting,roofing,boq_short,general_but_sufficient,canonical_product;application,IS 1626: 1984;IS 2002: 1979;IS 12313: 1988;IS 2016: 1967,generated_from_metadata,
fcq_is_1626_part_1_1994_06,bends for roofing,IS 1626 (Part 1): 1994,"ASBESTOS CEMENT BUILDING PIPES AND PIPE FITTINGS, GUTTERS, AND GUTTER FITTINGS AND ROOF FITTINGS PART 1 PIPES AND PIPE FITTINGS",bends,roofing,alias,general_but_sufficient,product_aliases;application,IS 1626: 1984;IS 2002: 1979;IS 12313: 1988;IS 2016: 1967,generated_from_metadata,
fcq_is_1626_part_1_1994_07,coupler for roofing,IS 1626 (Part 1): 1994,"ASBESTOS CEMENT BUILDING PIPES AND PIPE FITTINGS, GUTTERS, AND GUTTER FITTINGS AND ROOF FITTINGS PART 1 PIPES AND PIPE FITTINGS",coupler,roofing,alias,general_but_sufficient,product_aliases;application,IS 1626: 1984;IS 2002: 1979;IS 12313: 1988;IS 2016: 1967,generated_from_metadata,
fcq_is_1626_part_2_1994_01,"ASBESTOS CEMENT BUILDING PIPES AND PIPE FITTINGS, GUTTERS AND GUTTER FITTINGS AND ROOF FITTINGS PART 2 GUTTERS AND GUTTER FITTINGS standard",IS 1626 (Part 2): 1994,"ASBESTOS CEMENT BUILDING PIPES AND PIPE FITTINGS, GUTTERS AND GUTTER FITTINGS AND ROOF FITTINGS PART 2 GUTTERS AND GUTTER FITTINGS",pipe fitting,"ASBESTOS CEMENT BUILDING PIPES AND PIPE FITTINGS, GUTTERS AND GUTTER FITTINGS AND ROOF FITTINGS PART 2 GUTTERS AND GUTTER FITTINGS",product_only,specific,primary_subject,IS 432 (Part II): 1982;IS 6733: 1972;IS 3951 (Part 2): 1975;IS 2547 (Part 2): 1976,generated_from_metadata,
fcq_is_1626_part_2_1994_02,"Need the Indian Standard covering ASBESTOS CEMENT BUILDING PIPES AND PIPE FITTINGS, GUTTERS AND GUTTER FITTINGS AND ROOF FITTINGS PART 2 GUTTERS AND GUTTER FITTINGS",IS 1626 (Part 2): 1994,"ASBESTOS CEMENT BUILDING PIPES AND PIPE FITTINGS, GUTTERS AND GUTTER FITTINGS AND ROOF FITTINGS PART 2 GUTTERS AND GUTTER FITTINGS",pipe fitting,"ASBESTOS CEMENT BUILDING PIPES AND PIPE FITTINGS, GUTTERS AND GUTTER FITTINGS AND ROOF FITTINGS PART 2 GUTTERS AND GUTTER FITTINGS",natural_language,specific,title,IS 432 (Part II): 1982;IS 6733: 1972;IS 3951 (Part 2): 1975;IS 2547 (Part 2): 1976,generated_from_metadata,
fcq_is_1626_1984_01,"ASBESTOS CEMENT BUILDING PIPES AND PIPE FITTINGS, GUTTERS AND GUTER FITTINGS AND ROOF FITTINGS PART 3 ROOF FITTINGS standard",IS 1626: 1984,"ASBESTOS CEMENT BUILDING PIPES AND PIPE FITTINGS, GUTTERS AND GUTER FITTINGS AND ROOF FITTINGS PART 3 ROOF FITTINGS",pipe fitting,"ASBESTOS CEMENT BUILDING PIPES AND PIPE FITTINGS, GUTTERS AND GUTER FITTINGS AND ROOF FITTINGS PART 3 ROOF FITTINGS",product_only,specific,primary_subject,IS 1626 (Part 1): 1994;IS 14871: 2000;IS 14241: 1995;IS 14862: 2000,generated_from_metadata,
fcq_is_1626_1984_02,pipe fitting required to roofing,IS 1626: 1984,"ASBESTOS CEMENT BUILDING PIPES AND PIPE FITTINGS, GUTTERS AND GUTER FITTINGS AND ROOF FITTINGS PART 3 ROOF FITTINGS",pipe fitting,required to roofing,product_function,specific,canonical_product;function,IS 1626 (Part 1): 1994;IS 14871: 2000;IS 14241: 1995;IS 14862: 2000,generated_from_metadata,
fcq_is_1626_1984_03,Supply pipe fitting meeting Indian Standard requirements for roofing; roofing,IS 1626: 1984,"ASBESTOS CEMENT BUILDING PIPES AND PIPE FITTINGS, GUTTERS AND GUTER FITTINGS AND ROOF FITTINGS PART 3 ROOF FITTINGS",pipe fitting,roofing; roofing,tender_sentence,specific,canonical_product;application;function,IS 1626 (Part 1): 1994;IS 14871: 2000;IS 14241: 1995;IS 14862: 2000,generated_from_metadata,
fcq_is_1626_1984_04,"Need the Indian Standard covering ASBESTOS CEMENT BUILDING PIPES AND PIPE FITTINGS, GUTTERS AND GUTER FITTINGS AND ROOF FITTINGS PART 3 ROOF FITTINGS",IS 1626: 1984,"ASBESTOS CEMENT BUILDING PIPES AND PIPE FITTINGS, GUTTERS AND GUTER FITTINGS AND ROOF FITTINGS PART 3 ROOF FITTINGS",pipe fitting,"ASBESTOS CEMENT BUILDING PIPES AND PIPE FITTINGS, GUTTERS AND GUTER FITTINGS AND ROOF FITTINGS PART 3 ROOF FITTINGS",natural_language,specific,title,IS 1626 (Part 1): 1994;IS 14871: 2000;IS 14241: 1995;IS 14862: 2000,generated_from_metadata,
fcq_is_1658_1977_01,FIBRE HARD BOARDS standard,IS 1658: 1977,FIBRE HARD BOARDS,board,FIBRE HARD BOARDS,product_only,specific,primary_subject,IS 852: 1994;IS 3087: 1985;IS 4895: 1985;IS 14276: 1995,generated_from_metadata,
fcq_is_1658_1977_02,Need the Indian Standard covering FIBRE HARD BOARDS,IS 1658: 1977,FIBRE HARD BOARDS,board,FIBRE HARD BOARDS,natural_language,specific,title,IS 852: 1994;IS 3087: 1985;IS 4895: 1985;IS 14276: 1995,generated_from_metadata,
fcq_is_1659_2004_01,BLOCK BOARDS standard,IS 1659: 2004,BLOCK BOARDS,board,BLOCK BOARDS,product_only,specific,primary_subject,IS 4990: 1993;IS 852: 1994;IS 3308: 1981;IS 1130: 1969,generated_from_metadata,
fcq_is_1659_2004_02,board for flooring,IS 1659: 2004,BLOCK BOARDS,board,for flooring,product_application,specific,canonical_product;application,IS 4990: 1993;IS 852: 1994;IS 3308: 1981;IS 1130: 1969,generated_from_metadata,
fcq_is_1659_2004_03,timber board for flooring,IS 1659: 2004,BLOCK BOARDS,board,timber product for flooring,material_application,specific,canonical_product;material;application,IS 4990: 1993;IS 852: 1994;IS 3308: 1981;IS 1130: 1969,generated_from_metadata,
fcq_is_1659_2004_04,Supply board meeting Indian Standard requirements for flooring; timber,IS 1659: 2004,BLOCK BOARDS,board,flooring; timber,tender_sentence,specific,canonical_product;application;material,IS 4990: 1993;IS 852: 1994;IS 3308: 1981;IS 1130: 1969,generated_from_metadata,
fcq_is_1659_2004_05,Need the Indian Standard covering BLOCK BOARDS,IS 1659: 2004,BLOCK BOARDS,board,BLOCK BOARDS,natural_language,specific,title,IS 4990: 1993;IS 852: 1994;IS 3308: 1981;IS 1130: 1969,generated_from_metadata,
fcq_is_1659_2004_06,"board, flooring",IS 1659: 2004,BLOCK BOARDS,board,flooring,boq_short,general_but_sufficient,canonical_product;application,IS 4990: 1993;IS 852: 1994;IS 3308: 1981;IS 1130: 1969,generated_from_metadata,
fcq_is_1659_2004_07,bamboo mat board for flooring,IS 1659: 2004,BLOCK BOARDS,bamboo mat board,flooring,alias,general_but_sufficient,product_aliases;application,IS 4990: 1993;IS 852: 1994;IS 3308: 1981;IS 1130: 1969,generated_from_metadata,
fcq_is_1659_2004_08,boards for flooring,IS 1659: 2004,BLOCK BOARDS,boards,flooring,alias,general_but_sufficient,product_aliases;application,IS 4990: 1993;IS 852: 1994;IS 3308: 1981;IS 1130: 1969,generated_from_metadata,
fcq_is_1659_2004_09,coir board for flooring,IS 1659: 2004,BLOCK BOARDS,coir board,flooring,alias,general_but_sufficient,product_aliases;application,IS 4990: 1993;IS 852: 1994;IS 3308: 1981;IS 1130: 1969,generated_from_metadata,
fcq_is_1701_1960_01,MIXING VALVES FOR ABLUTIONARY AND DOMESTIC PURPOSE standard,IS 1701: 1960,MIXING VALVES FOR ABLUTIONARY AND DOMESTIC PURPOSE,valve,MIXING VALVES FOR ABLUTIONARY AND DOMESTIC PURPOSE,product_only,specific,primary_subject,IS 1703: 2000;IS 9763: 2000;IS 6909: 1990;IS 1795: 1982,generated_from_metadata,
fcq_is_1701_1960_02,steel valve,IS 1701: 1960,MIXING VALVES FOR ABLUTIONARY AND DOMESTIC PURPOSE,valve,steel construction or composition,product_material,specific,canonical_product;material,IS 1703: 2000;IS 9763: 2000;IS 6909: 1990;IS 1795: 1982,generated_from_metadata,
fcq_is_1701_1960_03,Supply valve meeting Indian Standard requirements for steel,IS 1701: 1960,MIXING VALVES FOR ABLUTIONARY AND DOMESTIC PURPOSE,valve,steel,tender_sentence,specific,canonical_product;material,IS 1703: 2000;IS 9763: 2000;IS 6909: 1990;IS 1795: 1982,generated_from_metadata,
fcq_is_1701_1960_04,Need the Indian Standard covering MIXING VALVES FOR ABLUTIONARY AND DOMESTIC PURPOSE,IS 1701: 1960,MIXING VALVES FOR ABLUTIONARY AND DOMESTIC PURPOSE,valve,MIXING VALVES FOR ABLUTIONARY AND DOMESTIC PURPOSE,natural_language,specific,title,IS 1703: 2000;IS 9763: 2000;IS 6909: 1990;IS 1795: 1982,generated_from_metadata,
fcq_is_1701_1960_05,air relief valve for steel,IS 1701: 1960,MIXING VALVES FOR ABLUTIONARY AND DOMESTIC PURPOSE,air relief valve,steel,alias,general_but_sufficient,product_aliases;material,IS 1703: 2000;IS 9763: 2000;IS 6909: 1990;IS 1795: 1982,generated_from_metadata,
fcq_is_1701_1960_06,check valve for steel,IS 1701: 1960,MIXING VALVES FOR ABLUTIONARY AND DOMESTIC PURPOSE,check valve,steel,alias,general_but_sufficient,product_aliases;material,IS 1703: 2000;IS 9763: 2000;IS 6909: 1990;IS 1795: 1982,generated_from_metadata,
fcq_is_1701_1960_07,non return valve for steel,IS 1701: 1960,MIXING VALVES FOR ABLUTIONARY AND DOMESTIC PURPOSE,non return valve,steel,alias,general_but_sufficient,product_aliases;material,IS 1703: 2000;IS 9763: 2000;IS 6909: 1990;IS 1795: 1982,generated_from_metadata,
fcq_is_1703_2000_01,WATER FITTINGS COPPER ALLOY FLOAT VALVES (HORIZONTAL PLUNGER TYPE) standard,IS 1703: 2000,WATER FITTINGS COPPER ALLOY FLOAT VALVES (HORIZONTAL PLUNGER TYPE),valve,WATER FITTINGS COPPER ALLOY FLOAT VALVES (HORIZONTAL PLUNGER TYPE),product_only,specific,primary_subject,IS 1701: 1960;IS 8931: 1993;IS 1795: 1982;IS 2963: 1979,generated_from_metadata,
fcq_is_1703_2000_02,rubber valve,IS 1703: 2000,WATER FITTINGS COPPER ALLOY FLOAT VALVES (HORIZONTAL PLUNGER TYPE),valve,rubber construction or composition,product_material,specific,canonical_product;material,IS 1701: 1960;IS 8931: 1993;IS 1795: 1982;IS 2963: 1979,generated_from_metadata,
fcq_is_1703_2000_03,rubber valve for water supply,IS 1703: 2000,WATER FITTINGS COPPER ALLOY FLOAT VALVES (HORIZONTAL PLUNGER TYPE),valve,rubber product for water supply,material_application,specific,canonical_product;material;application,IS 1701: 1960;IS 8931: 1993;IS 1795: 1982;IS 2963: 1979,generated_from_metadata,
fcq_is_1703_2000_04,Supply valve meeting Indian Standard requirements for water supply; rubber,IS 1703: 2000,WATER FITTINGS COPPER ALLOY FLOAT VALVES (HORIZONTAL PLUNGER TYPE),valve,water supply; rubber,tender_sentence,specific,canonical_product;application;material,IS 1701: 1960;IS 8931: 1993;IS 1795: 1982;IS 2963: 1979,generated_from_metadata,
fcq_is_1703_2000_05,Need the Indian Standard covering WATER FITTINGS COPPER ALLOY FLOAT VALVES (HORIZONTAL PLUNGER TYPE),IS 1703: 2000,WATER FITTINGS COPPER ALLOY FLOAT VALVES (HORIZONTAL PLUNGER TYPE),valve,WATER FITTINGS COPPER ALLOY FLOAT VALVES (HORIZONTAL PLUNGER TYPE),natural_language,specific,title,IS 1701: 1960;IS 8931: 1993;IS 1795: 1982;IS 2963: 1979,generated_from_metadata,
fcq_is_1732_1989_01,"STEEL BARS, ROUND AND SQUARE FOR STRUCTURAL AND GENERAL ENGIINEERING PURPOSES-DIMENSIONS standard",IS 1732: 1989,"STEEL BARS, ROUND AND SQUARE FOR STRUCTURAL AND GENERAL ENGIINEERING PURPOSES-DIMENSIONS",rivet,"STEEL BARS, ROUND AND SQUARE FOR STRUCTURAL AND GENERAL ENGIINEERING PURPOSES-DIMENSIONS",product_only,specific,primary_subject,IS 1148: 1982;IS 2155: 1982;IS 1730: 1989;IS 1658: 1977,generated_from_metadata,
fcq_is_1732_1989_02,Supply rivet meeting Indian Standard requirements for steel,IS 1732: 1989,"STEEL BARS, ROUND AND SQUARE FOR STRUCTURAL AND GENERAL ENGIINEERING PURPOSES-DIMENSIONS",rivet,steel,tender_sentence,specific,canonical_product;material,IS 1148: 1982;IS 2155: 1982;IS 1730: 1989;IS 1658: 1977,generated_from_metadata,
fcq_is_1732_1989_03,"Need the Indian Standard covering STEEL BARS, ROUND AND SQUARE FOR STRUCTURAL AND GENERAL ENGIINEERING PURPOSES-DIMENSIONS",IS 1732: 1989,"STEEL BARS, ROUND AND SQUARE FOR STRUCTURAL AND GENERAL ENGIINEERING PURPOSES-DIMENSIONS",rivet,"STEEL BARS, ROUND AND SQUARE FOR STRUCTURAL AND GENERAL ENGIINEERING PURPOSES-DIMENSIONS",natural_language,specific,title,IS 1148: 1982;IS 2155: 1982;IS 1730: 1989;IS 1658: 1977,generated_from_metadata,
fcq_is_1785_part_2_1983_01,PLAIN HARD- DRAWNSTEEL WIRE FOR PRESTRESSED CONCRETE. RART 2 -AS DRAWN WIRE standard,IS 1785 (Part 2): 1983,PLAIN HARD- DRAWNSTEEL WIRE FOR PRESTRESSED CONCRETE. RART 2 -AS DRAWN WIRE,pipe,PLAIN HARD- DRAWNSTEEL WIRE FOR PRESTRESSED CONCRETE. RART 2 -AS DRAWN WIRE,product_only,specific,primary_subject,IS 1785 (Part I): 1983;IS 6003: 1983;IS 6006: 1983;IS 1703: 2000,generated_from_metadata,
fcq_is_1785_part_2_1983_02,Need the Indian Standard covering PLAIN HARD- DRAWNSTEEL WIRE FOR PRESTRESSED CONCRETE. RART 2 -AS DRAWN WIRE,IS 1785 (Part 2): 1983,PLAIN HARD- DRAWNSTEEL WIRE FOR PRESTRESSED CONCRETE. RART 2 -AS DRAWN WIRE,pipe,PLAIN HARD- DRAWNSTEEL WIRE FOR PRESTRESSED CONCRETE. RART 2 -AS DRAWN WIRE,natural_language,specific,title,IS 1785 (Part I): 1983;IS 6003: 1983;IS 6006: 1983;IS 1703: 2000,generated_from_metadata,
fcq_is_1823_1980_01,FLOOR DOOR STOPPERS standard,IS 1823: 1980,FLOOR DOOR STOPPERS,door,FLOOR DOOR STOPPERS,product_only,specific,primary_subject,IS 4351: 2003;IS 3828: 1966;IS 3847: 1992;IS 3622: 1977,generated_from_metadata,
fcq_is_1823_1980_02,steel door for flooring,IS 1823: 1980,FLOOR DOOR STOPPERS,door,steel product for flooring,material_application,specific,canonical_product;material;application,IS 4351: 2003;IS 3828: 1966;IS 3847: 1992;IS 3622: 1977,generated_from_metadata,
fcq_is_1823_1980_03,Supply door meeting Indian Standard requirements for flooring; steel,IS 1823: 1980,FLOOR DOOR STOPPERS,door,flooring; steel,tender_sentence,specific,canonical_product;application;material,IS 4351: 2003;IS 3828: 1966;IS 3847: 1992;IS 3622: 1977,generated_from_metadata,
fcq_is_1823_1980_04,Need the Indian Standard covering FLOOR DOOR STOPPERS,IS 1823: 1980,FLOOR DOOR STOPPERS,door,FLOOR DOOR STOPPERS,natural_language,specific,title,IS 4351: 2003;IS 3828: 1966;IS 3847: 1992;IS 3622: 1977,generated_from_metadata,
fcq_is_1826_1961_01,"VENETIAN BLINDS FOR WINDOWS 1. Scope – Covers material, constructional details, sizes and requirements of open head custom made Venetian blinds made of either wood or metal slats standard",IS 1826: 1961,"VENETIAN BLINDS FOR WINDOWS 1. Scope – Covers material, constructional details, sizes and requirements of open head custom made Venetian blinds made of either wood or metal slats.",window,"VENETIAN BLINDS FOR WINDOWS 1. Scope – Covers material, constructional details, sizes and requirements of open head custom made Venetian blinds made of either wood or metal slats",product_only,specific,primary_subject,IS 7196: 1974;IS 15380: 2003;IS 13957: 1994;IS 13958: 1994,generated_from_metadata,
fcq_is_1826_1961_02,aluminium window,IS 1826: 1961,"VENETIAN BLINDS FOR WINDOWS 1. Scope – Covers material, constructional details, sizes and requirements of open head custom made Venetian blinds made of either wood or metal slats.",window,aluminium construction or composition,product_material,specific,canonical_product;material,IS 7196: 1974;IS 15380: 2003;IS 13957: 1994;IS 13958: 1994,generated_from_metadata,
fcq_is_1826_1961_03,Supply window meeting Indian Standard requirements for aluminium,IS 1826: 1961,"VENETIAN BLINDS FOR WINDOWS 1. Scope – Covers material, constructional details, sizes and requirements of open head custom made Venetian blinds made of either wood or metal slats.",window,aluminium,tender_sentence,specific,canonical_product;material,IS 7196: 1974;IS 15380: 2003;IS 13957: 1994;IS 13958: 1994,generated_from_metadata,
fcq_is_1826_1961_04,"Need the Indian Standard covering VENETIAN BLINDS FOR WINDOWS 1. Scope – Covers material, constructional details, sizes and requirements of open head custom made Venetian blinds made of either wood or metal slats.",IS 1826: 1961,"VENETIAN BLINDS FOR WINDOWS 1. Scope – Covers material, constructional details, sizes and requirements of open head custom made Venetian blinds made of either wood or metal slats.",window,"VENETIAN BLINDS FOR WINDOWS 1. Scope – Covers material, constructional details, sizes and requirements of open head custom made Venetian blinds made of either wood or metal slats.",natural_language,specific,title,IS 7196: 1974;IS 15380: 2003;IS 13957: 1994;IS 13958: 1994,generated_from_metadata,
fcq_is_1826_1961_05,ventilator for aluminium,IS 1826: 1961,"VENETIAN BLINDS FOR WINDOWS 1. Scope – Covers material, constructional details, sizes and requirements of open head custom made Venetian blinds made of either wood or metal slats.",ventilator,aluminium,alias,general_but_sufficient,product_aliases;material,IS 7196: 1974;IS 15380: 2003;IS 13957: 1994;IS 13958: 1994,generated_from_metadata,
fcq_is_1826_1961_06,ventilators for aluminium,IS 1826: 1961,"VENETIAN BLINDS FOR WINDOWS 1. Scope – Covers material, constructional details, sizes and requirements of open head custom made Venetian blinds made of either wood or metal slats.",ventilators,aluminium,alias,general_but_sufficient,product_aliases;material,IS 7196: 1974;IS 15380: 2003;IS 13957: 1994;IS 13958: 1994,generated_from_metadata,
fcq_is_1826_1961_07,windows for aluminium,IS 1826: 1961,"VENETIAN BLINDS FOR WINDOWS 1. Scope – Covers material, constructional details, sizes and requirements of open head custom made Venetian blinds made of either wood or metal slats.",windows,aluminium,alias,general_but_sufficient,product_aliases;material,IS 7196: 1974;IS 15380: 2003;IS 13957: 1994;IS 13958: 1994,generated_from_metadata,
fcq_is_190_1991_01,CONIFEROUS SAWN TIMBER standard,IS 190: 1991,CONIFEROUS SAWN TIMBER,timber,CONIFEROUS SAWN TIMBER,product_only,specific,primary_subject,IS 1326: 1992;IS 7308: 1999;IS 5509: 2000;IS 269: 1989,generated_from_metadata,
fcq_is_190_1991_02,Need the Indian Standard covering CONIFEROUS SAWN TIMBER,IS 190: 1991,CONIFEROUS SAWN TIMBER,timber,CONIFEROUS SAWN TIMBER,natural_language,specific,title,IS 1326: 1992;IS 7308: 1999;IS 5509: 2000;IS 269: 1989,generated_from_metadata,
fcq_is_1929_1982_01,HOT FORGED STEEL RIVETS FOR HOT CLOSING standard,IS 1929: 1982,HOT FORGED STEEL RIVETS FOR HOT CLOSING,rivet,HOT FORGED STEEL RIVETS FOR HOT CLOSING,product_only,specific,primary_subject,IS 2155: 1982;IS 2998: 1982;IS 280: 1978;IS 3087: 1985,generated_from_metadata,
fcq_is_1929_1982_02,Need the Indian Standard covering HOT FORGED STEEL RIVETS FOR HOT CLOSING,IS 1929: 1982,HOT FORGED STEEL RIVETS FOR HOT CLOSING,rivet,HOT FORGED STEEL RIVETS FOR HOT CLOSING,natural_language,specific,title,IS 2155: 1982;IS 2998: 1982;IS 280: 1978;IS 3087: 1985,generated_from_metadata,
fcq_is_1948_1961_01,"ALUMINIUM DOORS, WINDOWS AND VENTILATORS standard",IS 1948: 1961,"ALUMINIUM DOORS, WINDOWS AND VENTILATORS",window,"ALUMINIUM DOORS, WINDOWS AND VENTILATORS",product_only,specific,primary_subject,IS 1038: 1983;IS 4021: 1995;IS 1019: 1974;IS 2963: 1979,generated_from_metadata,
fcq_is_1948_1961_02,aluminium window for door and window construction,IS 1948: 1961,"ALUMINIUM DOORS, WINDOWS AND VENTILATORS",window,aluminium product for door and window construction,material_application,specific,canonical_product;material;application,IS 1038: 1983;IS 4021: 1995;IS 1019: 1974;IS 2963: 1979,generated_from_metadata,
fcq_is_1948_1961_03,Supply window meeting Indian Standard requirements for door and window construction; aluminium,IS 1948: 1961,"ALUMINIUM DOORS, WINDOWS AND VENTILATORS",window,door and window construction; aluminium,tender_sentence,specific,canonical_product;application;material,IS 1038: 1983;IS 4021: 1995;IS 1019: 1974;IS 2963: 1979,generated_from_metadata,
fcq_is_1948_1961_04,"Need the Indian Standard covering ALUMINIUM DOORS, WINDOWS AND VENTILATORS",IS 1948: 1961,"ALUMINIUM DOORS, WINDOWS AND VENTILATORS",window,"ALUMINIUM DOORS, WINDOWS AND VENTILATORS",natural_language,specific,title,IS 1038: 1983;IS 4021: 1995;IS 1019: 1974;IS 2963: 1979,generated_from_metadata,
fcq_is_1949_1961_01,ALUMINIUM WINDOWS FOR INDUSTRIAL BUILDINGS 1. Scope – Deals with aluminium windows suitable for use in industrial buildings and designed to suit standard,IS 1949: 1961,ALUMINIUM WINDOWS FOR INDUSTRIAL BUILDINGS 1. Scope – Deals with aluminium windows suitable for use in industrial buildings and designed to suit,window,ALUMINIUM WINDOWS FOR INDUSTRIAL BUILDINGS 1. Scope – Deals with aluminium windows suitable for use in industrial buildings and designed to suit,product_only,specific,primary_subject,IS 1361: 1978;IS 1038: 1983;IS 14856: 2000;IS 702: 1988,generated_from_metadata,
fcq_is_1949_1961_02,Need the Indian Standard covering ALUMINIUM WINDOWS FOR INDUSTRIAL BUILDINGS 1. Scope – Deals with aluminium windows suitable for use in industrial buildings and designed to suit,IS 1949: 1961,ALUMINIUM WINDOWS FOR INDUSTRIAL BUILDINGS 1. Scope – Deals with aluminium windows suitable for use in industrial buildings and designed to suit,window,ALUMINIUM WINDOWS FOR INDUSTRIAL BUILDINGS 1. Scope – Deals with aluminium windows suitable for use in industrial buildings and designed to suit,natural_language,specific,title,IS 1361: 1978;IS 1038: 1983;IS 14856: 2000;IS 702: 1988,generated_from_metadata,
fcq_is_2002_1979_01,cast iron pipe fitting for roofing,IS 2002: 1979,"SAND CAST IRON SPIGOT AND SOCKET SOIL, WASTE AND VENTILATING PIPES, FITTINGS AND ACCESSORIES",pipe fitting,cast iron product for roofing,material_application,specific,canonical_product;material;application,IS 3989: 1984;IS 1230: 1979;IS 1726: 1991;IS 3004: 1979,generated_from_metadata,
fcq_is_2002_1979_02,socket for roofing,IS 2002: 1979,"SAND CAST IRON SPIGOT AND SOCKET SOIL, WASTE AND VENTILATING PIPES, FITTINGS AND ACCESSORIES",pipe fitting,socket used for roofing,subtype_application,specific,product_subtype;application,IS 3989: 1984;IS 1230: 1979;IS 1726: 1991;IS 3004: 1979,generated_from_metadata,
fcq_is_2002_1979_03,Supply pipe fitting meeting Indian Standard requirements for roofing; cast iron,IS 2002: 1979,"SAND CAST IRON SPIGOT AND SOCKET SOIL, WASTE AND VENTILATING PIPES, FITTINGS AND ACCESSORIES",pipe fitting,roofing; cast iron,tender_sentence,specific,canonical_product;application;material,IS 3989: 1984;IS 1230: 1979;IS 1726: 1991;IS 3004: 1979,generated_from_metadata,
fcq_is_2002_1979_04,"Need the Indian Standard covering SAND CAST IRON SPIGOT AND SOCKET SOIL, WASTE AND VENTILATING PIPES, FITTINGS AND ACCESSORIES",IS 2002: 1979,"SAND CAST IRON SPIGOT AND SOCKET SOIL, WASTE AND VENTILATING PIPES, FITTINGS AND ACCESSORIES",pipe fitting,"SAND CAST IRON SPIGOT AND SOCKET SOIL, WASTE AND VENTILATING PIPES, FITTINGS AND ACCESSORIES",natural_language,specific,title,IS 3989: 1984;IS 1230: 1979;IS 1726: 1991;IS 3004: 1979,generated_from_metadata,
fcq_is_2016_1967_01,PLAIN WASHERS standard,IS 2016: 1967,PLAIN WASHERS,washer,PLAIN WASHERS,product_only,specific,primary_subject,IS 1365: 1978;IS 2585: 1968;IS 6006: 1983;IS 12994: 1990,generated_from_metadata,
fcq_is_2016_1967_02,steel washer,IS 2016: 1967,PLAIN WASHERS,washer,steel construction or composition,product_material,specific,canonical_product;material,IS 1365: 1978;IS 2585: 1968;IS 6006: 1983;IS 12994: 1990,generated_from_metadata,
fcq_is_2016_1967_03,Supply washer meeting Indian Standard requirements for steel,IS 2016: 1967,PLAIN WASHERS,washer,steel,tender_sentence,specific,canonical_product;material,IS 1365: 1978;IS 2585: 1968;IS 6006: 1983;IS 12994: 1990,generated_from_metadata,
fcq_is_2016_1967_04,Need the Indian Standard covering PLAIN WASHERS,IS 2016: 1967,PLAIN WASHERS,washer,PLAIN WASHERS,natural_language,specific,title,IS 1365: 1978;IS 2585: 1968;IS 6006: 1983;IS 12994: 1990,generated_from_metadata,
fcq_is_2016_1967_05,plain washer for steel,IS 2016: 1967,PLAIN WASHERS,plain washer,steel,alias,general_but_sufficient,product_aliases;material,IS 1365: 1978;IS 2585: 1968;IS 6006: 1983;IS 12994: 1990,generated_from_metadata,
fcq_is_2016_1967_06,washers for steel,IS 2016: 1967,PLAIN WASHERS,washers,steel,alias,general_but_sufficient,product_aliases;material,IS 1365: 1978;IS 2585: 1968;IS 6006: 1983;IS 12994: 1990,generated_from_metadata,
fcq_is_204_part_1_1991_01,TOWER BOLTS PART 1 FERROUS METALS standard,IS 204 (Part 1): 1991,TOWER BOLTS PART 1 FERROUS METALS,bolt,TOWER BOLTS PART 1 FERROUS METALS,product_only,specific,primary_subject,IS 204 (Part 2): 1992;IS 5455: 1969;IS 5899: 1970;IS 2690 (Part 1): 1993,generated_from_metadata,
fcq_is_204_part_1_1991_02,cast iron bolt,IS 204 (Part 1): 1991,TOWER BOLTS PART 1 FERROUS METALS,bolt,cast iron construction or composition,product_material,specific,canonical_product;material,IS 204 (Part 2): 1992;IS 5455: 1969;IS 5899: 1970;IS 2690 (Part 1): 1993,generated_from_metadata,
fcq_is_204_part_1_1991_03,Supply bolt meeting Indian Standard requirements for cast iron,IS 204 (Part 1): 1991,TOWER BOLTS PART 1 FERROUS METALS,bolt,cast iron,tender_sentence,specific,canonical_product;material,IS 204 (Part 2): 1992;IS 5455: 1969;IS 5899: 1970;IS 2690 (Part 1): 1993,generated_from_metadata,
fcq_is_204_part_1_1991_04,Need the Indian Standard covering TOWER BOLTS PART 1 FERROUS METALS,IS 204 (Part 1): 1991,TOWER BOLTS PART 1 FERROUS METALS,bolt,TOWER BOLTS PART 1 FERROUS METALS,natural_language,specific,title,IS 204 (Part 2): 1992;IS 5455: 1969;IS 5899: 1970;IS 2690 (Part 1): 1993,generated_from_metadata,
fcq_is_204_part_1_1991_05,bolts for cast iron,IS 204 (Part 1): 1991,TOWER BOLTS PART 1 FERROUS METALS,bolts,cast iron,alias,general_but_sufficient,product_aliases;material,IS 204 (Part 2): 1992;IS 5455: 1969;IS 5899: 1970;IS 2690 (Part 1): 1993,generated_from_metadata,
fcq_is_204_part_1_1991_06,hexagon head bolt for cast iron,IS 204 (Part 1): 1991,TOWER BOLTS PART 1 FERROUS METALS,hexagon head bolt,cast iron,alias,general_but_sufficient,product_aliases;material,IS 204 (Part 2): 1992;IS 5455: 1969;IS 5899: 1970;IS 2690 (Part 1): 1993,generated_from_metadata,
fcq_is_204_part_1_1991_07,structural bolt for cast iron,IS 204 (Part 1): 1991,TOWER BOLTS PART 1 FERROUS METALS,structural bolt,cast iron,alias,general_but_sufficient,product_aliases;material,IS 204 (Part 2): 1992;IS 5455: 1969;IS 5899: 1970;IS 2690 (Part 1): 1993,generated_from_metadata,
fcq_is_204_part_2_1992_01,TOWER BOLTS PART 2 NON FERROUS METALS standard,IS 204 (Part 2): 1992,TOWER BOLTS PART 2 NON FERROUS METALS,bolt,TOWER BOLTS PART 2 NON FERROUS METALS,product_only,specific,primary_subject,IS 204 (Part 1): 1991;IS 2548 (Part 2): 1996;IS 3677: 1985;IS 205: 1992,generated_from_metadata,
fcq_is_204_part_2_1992_02,aluminium bolt,IS 204 (Part 2): 1992,TOWER BOLTS PART 2 NON FERROUS METALS,bolt,aluminium construction or composition,product_material,specific,canonical_product;material,IS 204 (Part 1): 1991;IS 2548 (Part 2): 1996;IS 3677: 1985;IS 205: 1992,generated_from_metadata,
fcq_is_204_part_2_1992_03,Supply bolt meeting Indian Standard requirements for aluminium,IS 204 (Part 2): 1992,TOWER BOLTS PART 2 NON FERROUS METALS,bolt,aluminium,tender_sentence,specific,canonical_product;material,IS 204 (Part 1): 1991;IS 2548 (Part 2): 1996;IS 3677: 1985;IS 205: 1992,generated_from_metadata,
fcq_is_204_part_2_1992_04,Need the Indian Standard covering TOWER BOLTS PART 2 NON FERROUS METALS,IS 204 (Part 2): 1992,TOWER BOLTS PART 2 NON FERROUS METALS,bolt,TOWER BOLTS PART 2 NON FERROUS METALS,natural_language,specific,title,IS 204 (Part 1): 1991;IS 2548 (Part 2): 1996;IS 3677: 1985;IS 205: 1992,generated_from_metadata,
fcq_is_204_part_2_1992_05,bolts for aluminium,IS 204 (Part 2): 1992,TOWER BOLTS PART 2 NON FERROUS METALS,bolts,aluminium,alias,general_but_sufficient,product_aliases;material,IS 204 (Part 1): 1991;IS 2548 (Part 2): 1996;IS 3677: 1985;IS 205: 1992,generated_from_metadata,
fcq_is_204_part_2_1992_06,hexagon head bolt for aluminium,IS 204 (Part 2): 1992,TOWER BOLTS PART 2 NON FERROUS METALS,hexagon head bolt,aluminium,alias,general_but_sufficient,product_aliases;material,IS 204 (Part 1): 1991;IS 2548 (Part 2): 1996;IS 3677: 1985;IS 205: 1992,generated_from_metadata,
fcq_is_204_part_2_1992_07,structural bolt for aluminium,IS 204 (Part 2): 1992,TOWER BOLTS PART 2 NON FERROUS METALS,structural bolt,aluminium,alias,general_but_sufficient,product_aliases;material,IS 204 (Part 1): 1991;IS 2548 (Part 2): 1996;IS 3677: 1985;IS 205: 1992,generated_from_metadata,
fcq_is_205_1992_01,NON FERROUS METAL BUTT HINGES standard,IS 205: 1992,NON FERROUS METAL BUTT HINGES,hinge,NON FERROUS METAL BUTT HINGES,product_only,specific,primary_subject,IS 3818: 1992;IS 1341: 1992;IS 2209: 1976;IS 204 (Part 2): 1992,generated_from_metadata,
fcq_is_205_1992_02,Need the Indian Standard covering NON FERROUS METAL BUTT HINGES,IS 205: 1992,NON FERROUS METAL BUTT HINGES,hinge,NON FERROUS METAL BUTT HINGES,natural_language,specific,title,IS 3818: 1992;IS 1341: 1992;IS 2209: 1976;IS 204 (Part 2): 1992,generated_from_metadata,
fcq_is_207_1964_01,GATE AND SHUTTER HOOKS AND EYES standard,IS 207: 1964,GATE AND SHUTTER HOOKS AND EYES,door,GATE AND SHUTTER HOOKS AND EYES,product_only,specific,primary_subject,IS 3828: 1966;IS 364: 1993;IS 10019: 1981;IS 2116: 1980,generated_from_metadata,
fcq_is_207_1964_02,Need the Indian Standard covering GATE AND SHUTTER HOOKS AND EYES,IS 207: 1964,GATE AND SHUTTER HOOKS AND EYES,door,GATE AND SHUTTER HOOKS AND EYES,natural_language,specific,title,IS 3828: 1966;IS 364: 1993;IS 10019: 1981;IS 2116: 1980,generated_from_metadata,
fcq_is_208_1996_01,DOOR HANDLES standard,IS 208: 1996,DOOR HANDLES,door,DOOR HANDLES,product_only,specific,primary_subject,IS 9131: 1979;IS 452: 1973;IS 10019: 1981;IS 7534: 1985,generated_from_metadata,
fcq_is_208_1996_02,Need the Indian Standard covering DOOR HANDLES,IS 208: 1996,DOOR HANDLES,door,DOOR HANDLES,natural_language,specific,title,IS 9131: 1979;IS 452: 1973;IS 10019: 1981;IS 7534: 1985,generated_from_metadata,
fcq_is_2095_part_1_1996_01,GYPSUM PLASTER BOARDS PART 1 PLAIN GYPSUM PLASTER BOARDS standard,IS 2095 (Part 1): 1996,GYPSUM PLASTER BOARDS PART 1 PLAIN GYPSUM PLASTER BOARDS,board,GYPSUM PLASTER BOARDS PART 1 PLAIN GYPSUM PLASTER BOARDS,product_only,specific,primary_subject,IS 2547 (Part 1): 1976;IS 2095 (Part 3): 1996;IS 2547 (Part 2): 1976;IS 3037: 1986,generated_from_metadata,
fcq_is_2095_part_1_1996_02,concrete board,IS 2095 (Part 1): 1996,GYPSUM PLASTER BOARDS PART 1 PLAIN GYPSUM PLASTER BOARDS,board,concrete construction or composition,product_material,specific,canonical_product;material,IS 2547 (Part 1): 1976;IS 2095 (Part 3): 1996;IS 2547 (Part 2): 1976;IS 3037: 1986,generated_from_metadata,
fcq_is_2095_part_1_1996_03,Supply board meeting Indian Standard requirements for concrete,IS 2095 (Part 1): 1996,GYPSUM PLASTER BOARDS PART 1 PLAIN GYPSUM PLASTER BOARDS,board,concrete,tender_sentence,specific,canonical_product;material,IS 2547 (Part 1): 1976;IS 2095 (Part 3): 1996;IS 2547 (Part 2): 1976;IS 3037: 1986,generated_from_metadata,
fcq_is_2095_part_1_1996_04,Need the Indian Standard covering GYPSUM PLASTER BOARDS PART 1 PLAIN GYPSUM PLASTER BOARDS,IS 2095 (Part 1): 1996,GYPSUM PLASTER BOARDS PART 1 PLAIN GYPSUM PLASTER BOARDS,board,GYPSUM PLASTER BOARDS PART 1 PLAIN GYPSUM PLASTER BOARDS,natural_language,specific,title,IS 2547 (Part 1): 1976;IS 2095 (Part 3): 1996;IS 2547 (Part 2): 1976;IS 3037: 1986,generated_from_metadata,
fcq_is_2095_part_1_1996_05,bamboo mat board for concrete,IS 2095 (Part 1): 1996,GYPSUM PLASTER BOARDS PART 1 PLAIN GYPSUM PLASTER BOARDS,bamboo mat board,concrete,alias,general_but_sufficient,product_aliases;material,IS 2547 (Part 1): 1976;IS 2095 (Part 3): 1996;IS 2547 (Part 2): 1976;IS 3037: 1986,generated_from_metadata,
fcq_is_2095_part_1_1996_06,boards for concrete,IS 2095 (Part 1): 1996,GYPSUM PLASTER BOARDS PART 1 PLAIN GYPSUM PLASTER BOARDS,boards,concrete,alias,general_but_sufficient,product_aliases;material,IS 2547 (Part 1): 1976;IS 2095 (Part 3): 1996;IS 2547 (Part 2): 1976;IS 3037: 1986,generated_from_metadata,
fcq_is_2095_part_1_1996_07,coir board for concrete,IS 2095 (Part 1): 1996,GYPSUM PLASTER BOARDS PART 1 PLAIN GYPSUM PLASTER BOARDS,coir board,concrete,alias,general_but_sufficient,product_aliases;material,IS 2547 (Part 1): 1976;IS 2095 (Part 3): 1996;IS 2547 (Part 2): 1976;IS 3037: 1986,generated_from_metadata,
fcq_is_2096_1992_01,ASBESTOS CEMENT FLAT SHEETS standard,IS 2096: 1992,ASBESTOS CEMENT FLAT SHEETS,cement,ASBESTOS CEMENT FLAT SHEETS,product_only,specific,primary_subject,IS 1237: 1980;IS 6909: 1990;IS 2098: 1997;IS 6452: 1989,generated_from_metadata,
fcq_is_2096_1992_02,Need the Indian Standard covering ASBESTOS CEMENT FLAT SHEETS,IS 2096: 1992,ASBESTOS CEMENT FLAT SHEETS,cement,ASBESTOS CEMENT FLAT SHEETS,natural_language,specific,title,IS 1237: 1980;IS 6909: 1990;IS 2098: 1997;IS 6452: 1989,generated_from_metadata,
fcq_is_2096_1992_03,lime pozzolana mixture for ASBESTOS CEMENT FLAT SHEETS,IS 2096: 1992,ASBESTOS CEMENT FLAT SHEETS,lime pozzolana mixture,ASBESTOS CEMENT FLAT SHEETS,alias,general_but_sufficient,product_aliases;primary_subject,IS 1237: 1980;IS 6909: 1990;IS 2098: 1997;IS 6452: 1989,generated_from_metadata,
fcq_is_2096_1992_04,lime-pozzolana concrete for ASBESTOS CEMENT FLAT SHEETS,IS 2096: 1992,ASBESTOS CEMENT FLAT SHEETS,lime-pozzolana concrete,ASBESTOS CEMENT FLAT SHEETS,alias,general_but_sufficient,product_aliases;primary_subject,IS 1237: 1980;IS 6909: 1990;IS 2098: 1997;IS 6452: 1989,generated_from_metadata,
fcq_is_2096_1992_05,masonry cement for ASBESTOS CEMENT FLAT SHEETS,IS 2096: 1992,ASBESTOS CEMENT FLAT SHEETS,masonry cement,ASBESTOS CEMENT FLAT SHEETS,alias,general_but_sufficient,product_aliases;primary_subject,IS 1237: 1980;IS 6909: 1990;IS 2098: 1997;IS 6452: 1989,generated_from_metadata,
fcq_is_2155_1982_01,COLD FORGED SOLID STEEL RIVETS FOR HOT CLOSING (6 TO 16 mm DIAMETER) standard,IS 2155: 1982,COLD FORGED SOLID STEEL RIVETS FOR HOT CLOSING (6 TO 16 mm DIAMETER),rivet,COLD FORGED SOLID STEEL RIVETS FOR HOT CLOSING (6 TO 16 mm DIAMETER),product_only,specific,primary_subject,IS 2998: 1982;IS 1929: 1982;IS 1079: 1994;IS 2501: 1995,generated_from_metadata,
fcq_is_2155_1982_02,Need the Indian Standard covering COLD FORGED SOLID STEEL RIVETS FOR HOT CLOSING (6 TO 16 mm DIAMETER),IS 2155: 1982,COLD FORGED SOLID STEEL RIVETS FOR HOT CLOSING (6 TO 16 mm DIAMETER),rivet,COLD FORGED SOLID STEEL RIVETS FOR HOT CLOSING (6 TO 16 mm DIAMETER),natural_language,specific,title,IS 2998: 1982;IS 1929: 1982;IS 1079: 1994;IS 2501: 1995,generated_from_metadata,
fcq_is_2180_1988_01,HEAVY DUTY BURNT CLAY BUILDING BRICKS standard,IS 2180: 1988,HEAVY DUTY BURNT CLAY BUILDING BRICKS,brick,HEAVY DUTY BURNT CLAY BUILDING BRICKS,product_only,specific,primary_subject,IS 5779: 1986;IS 2222: 1991;IS 10360: 1982;IS 1478: 1992,generated_from_metadata,
fcq_is_2180_1988_02,Need the Indian Standard covering HEAVY DUTY BURNT CLAY BUILDING BRICKS,IS 2180: 1988,HEAVY DUTY BURNT CLAY BUILDING BRICKS,brick,HEAVY DUTY BURNT CLAY BUILDING BRICKS,natural_language,specific,title,IS 5779: 1986;IS 2222: 1991;IS 10360: 1982;IS 1478: 1992,generated_from_metadata,
fcq_is_2185_part_1_1979_01,CONCRETE MASONRY UNITS PART 1 HOLLOW AND SOLID CONCRETE BLOCKS standard,IS 2185 (Part 1): 1979,CONCRETE MASONRY UNITS PART 1 HOLLOW AND SOLID CONCRETE BLOCKS,block,CONCRETE MASONRY UNITS PART 1 HOLLOW AND SOLID CONCRETE BLOCKS,product_only,specific,primary_subject,IS 2185 (Part 2): 1983;IS 2849: 1983;IS 9197: 1979;IS 6006: 1983,generated_from_metadata,
fcq_is_2185_part_1_1979_02,block for flooring,IS 2185 (Part 1): 1979,CONCRETE MASONRY UNITS PART 1 HOLLOW AND SOLID CONCRETE BLOCKS,block,for flooring,product_application,specific,canonical_product;application,IS 2185 (Part 2): 1983;IS 2849: 1983;IS 9197: 1979;IS 6006: 1983,generated_from_metadata,
fcq_is_2185_part_1_1979_03,concrete block for flooring,IS 2185 (Part 1): 1979,CONCRETE MASONRY UNITS PART 1 HOLLOW AND SOLID CONCRETE BLOCKS,block,concrete product for flooring,material_application,specific,canonical_product;material;application,IS 2185 (Part 2): 1983;IS 2849: 1983;IS 9197: 1979;IS 6006: 1983,generated_from_metadata,
fcq_is_2185_part_1_1979_04,Supply block meeting Indian Standard requirements for flooring; concrete,IS 2185 (Part 1): 1979,CONCRETE MASONRY UNITS PART 1 HOLLOW AND SOLID CONCRETE BLOCKS,block,flooring; concrete,tender_sentence,specific,canonical_product;application;material,IS 2185 (Part 2): 1983;IS 2849: 1983;IS 9197: 1979;IS 6006: 1983,generated_from_metadata,
fcq_is_2185_part_1_1979_05,Need the Indian Standard covering CONCRETE MASONRY UNITS PART 1 HOLLOW AND SOLID CONCRETE BLOCKS,IS 2185 (Part 1): 1979,CONCRETE MASONRY UNITS PART 1 HOLLOW AND SOLID CONCRETE BLOCKS,block,CONCRETE MASONRY UNITS PART 1 HOLLOW AND SOLID CONCRETE BLOCKS,natural_language,specific,title,IS 2185 (Part 2): 1983;IS 2849: 1983;IS 9197: 1979;IS 6006: 1983,generated_from_metadata,
fcq_is_2185_part_1_1979_06,"block, flooring",IS 2185 (Part 1): 1979,CONCRETE MASONRY UNITS PART 1 HOLLOW AND SOLID CONCRETE BLOCKS,block,flooring,boq_short,general_but_sufficient,canonical_product;application,IS 2185 (Part 2): 1983;IS 2849: 1983;IS 9197: 1979;IS 6006: 1983,generated_from_metadata,
fcq_is_2185_part_1_1979_07,blocks for flooring,IS 2185 (Part 1): 1979,CONCRETE MASONRY UNITS PART 1 HOLLOW AND SOLID CONCRETE BLOCKS,blocks,flooring,alias,general_but_sufficient,product_aliases;application,IS 2185 (Part 2): 1983;IS 2849: 1983;IS 9197: 1979;IS 6006: 1983,generated_from_metadata,
fcq_is_2185_part_1_1979_08,masonry block for flooring,IS 2185 (Part 1): 1979,CONCRETE MASONRY UNITS PART 1 HOLLOW AND SOLID CONCRETE BLOCKS,masonry block,flooring,alias,general_but_sufficient,product_aliases;application,IS 2185 (Part 2): 1983;IS 2849: 1983;IS 9197: 1979;IS 6006: 1983,generated_from_metadata,
fcq_is_2185_part_2_1983_01,CONCRETE MASONRY UNITS PART 2 HOLLOW AND SOLID LIGHTWEIGHT CONCRETE BLOCKS standard,IS 2185 (Part 2): 1983,CONCRETE MASONRY UNITS PART 2 HOLLOW AND SOLID LIGHTWEIGHT CONCRETE BLOCKS,block,CONCRETE MASONRY UNITS PART 2 HOLLOW AND SOLID LIGHTWEIGHT CONCRETE BLOCKS,product_only,specific,primary_subject,IS 2185 (Part 1): 1979;IS 2849: 1983;IS 6006: 1983;IS 2547 (Part 1): 1976,generated_from_metadata,
fcq_is_2185_part_2_1983_02,steel block,IS 2185 (Part 2): 1983,CONCRETE MASONRY UNITS PART 2 HOLLOW AND SOLID LIGHTWEIGHT CONCRETE BLOCKS,block,steel construction or composition,product_material,specific,canonical_product;material,IS 2185 (Part 1): 1979;IS 2849: 1983;IS 6006: 1983;IS 2547 (Part 1): 1976,generated_from_metadata,
fcq_is_2185_part_2_1983_03,Supply block meeting Indian Standard requirements for steel,IS 2185 (Part 2): 1983,CONCRETE MASONRY UNITS PART 2 HOLLOW AND SOLID LIGHTWEIGHT CONCRETE BLOCKS,block,steel,tender_sentence,specific,canonical_product;material,IS 2185 (Part 1): 1979;IS 2849: 1983;IS 6006: 1983;IS 2547 (Part 1): 1976,generated_from_metadata,
fcq_is_2185_part_2_1983_04,Need the Indian Standard covering CONCRETE MASONRY UNITS PART 2 HOLLOW AND SOLID LIGHTWEIGHT CONCRETE BLOCKS,IS 2185 (Part 2): 1983,CONCRETE MASONRY UNITS PART 2 HOLLOW AND SOLID LIGHTWEIGHT CONCRETE BLOCKS,block,CONCRETE MASONRY UNITS PART 2 HOLLOW AND SOLID LIGHTWEIGHT CONCRETE BLOCKS,natural_language,specific,title,IS 2185 (Part 1): 1979;IS 2849: 1983;IS 6006: 1983;IS 2547 (Part 1): 1976,generated_from_metadata,
fcq_is_2185_part_2_1983_05,blocks for steel,IS 2185 (Part 2): 1983,CONCRETE MASONRY UNITS PART 2 HOLLOW AND SOLID LIGHTWEIGHT CONCRETE BLOCKS,blocks,steel,alias,general_but_sufficient,product_aliases;material,IS 2185 (Part 1): 1979;IS 2849: 1983;IS 6006: 1983;IS 2547 (Part 1): 1976,generated_from_metadata,
fcq_is_2185_part_2_1983_06,concrete block for steel,IS 2185 (Part 2): 1983,CONCRETE MASONRY UNITS PART 2 HOLLOW AND SOLID LIGHTWEIGHT CONCRETE BLOCKS,concrete block,steel,alias,general_but_sufficient,product_aliases;material,IS 2185 (Part 1): 1979;IS 2849: 1983;IS 6006: 1983;IS 2547 (Part 1): 1976,generated_from_metadata,
fcq_is_2185_part_2_1983_07,masonry block for steel,IS 2185 (Part 2): 1983,CONCRETE MASONRY UNITS PART 2 HOLLOW AND SOLID LIGHTWEIGHT CONCRETE BLOCKS,masonry block,steel,alias,general_but_sufficient,product_aliases;material,IS 2185 (Part 1): 1979;IS 2849: 1983;IS 6006: 1983;IS 2547 (Part 1): 1976,generated_from_metadata,
fcq_is_2185_part_3_1984_01,CONCRETE MASONRY UNITS PART 3 AUTOCLAVED CELLULAR (AERATED) CONCRETE BLOCKS standard,IS 2185 (Part 3): 1984,CONCRETE MASONRY UNITS PART 3 AUTOCLAVED CELLULAR (AERATED) CONCRETE BLOCKS,block,CONCRETE MASONRY UNITS PART 3 AUTOCLAVED CELLULAR (AERATED) CONCRETE BLOCKS,product_only,specific,primary_subject,IS 9893: 1981;IS 2185 (Part 2): 1983;IS 2547 (Part 1): 1976;IS 6072: 1971,generated_from_metadata,
fcq_is_2185_part_3_1984_02,Need the Indian Standard covering CONCRETE MASONRY UNITS PART 3 AUTOCLAVED CELLULAR (AERATED) CONCRETE BLOCKS,IS 2185 (Part 3): 1984,CONCRETE MASONRY UNITS PART 3 AUTOCLAVED CELLULAR (AERATED) CONCRETE BLOCKS,block,CONCRETE MASONRY UNITS PART 3 AUTOCLAVED CELLULAR (AERATED) CONCRETE BLOCKS,natural_language,specific,title,IS 9893: 1981;IS 2185 (Part 2): 1983;IS 2547 (Part 1): 1976;IS 6072: 1971,generated_from_metadata,
fcq_is_2191_part_1_1983_01,WOODEN FLUSH DOOR SHUTTERS standard,IS 2191 (Part 1): 1983,WOODEN FLUSH DOOR SHUTTERS,door,WOODEN FLUSH DOOR SHUTTERS,product_only,specific,primary_subject,IS 2202 (Part 1): 1999;IS 2191 (Part 2): 1983;IS 14856: 2000;IS 1019: 1974,generated_from_metadata,
fcq_is_2191_part_1_1983_02,Need the Indian Standard covering WOODEN FLUSH DOOR SHUTTERS,IS 2191 (Part 1): 1983,WOODEN FLUSH DOOR SHUTTERS,door,WOODEN FLUSH DOOR SHUTTERS,natural_language,specific,title,IS 2202 (Part 1): 1999;IS 2191 (Part 2): 1983;IS 14856: 2000;IS 1019: 1974,generated_from_metadata,
fcq_is_2222_1991_01,BURNT CLAY PERFORATED BUILDING BRICKS standard,IS 2222: 1991,BURNT CLAY PERFORATED BUILDING BRICKS,brick,BURNT CLAY PERFORATED BUILDING BRICKS,product_only,specific,primary_subject,IS 5779: 1986;IS 2180: 1988;IS 10360: 1982;IS 702: 1988,generated_from_metadata,
fcq_is_2222_1991_02,Need the Indian Standard covering BURNT CLAY PERFORATED BUILDING BRICKS,IS 2222: 1991,BURNT CLAY PERFORATED BUILDING BRICKS,brick,BURNT CLAY PERFORATED BUILDING BRICKS,natural_language,specific,title,IS 5779: 1986;IS 2180: 1988;IS 10360: 1982;IS 702: 1988,generated_from_metadata,
fcq_is_2314_1986_01,STEEL SHEET PILLING SECTIONS standard,IS 2314: 1986,STEEL SHEET PILLING SECTIONS,steel sheet,STEEL SHEET PILLING SECTIONS,product_only,specific,primary_subject,IS 12778: 2004;IS 1079: 1994;IS 3954: 1991;IS 5384: 1985,generated_from_metadata,
fcq_is_2314_1986_02,Need the Indian Standard covering STEEL SHEET PILLING SECTIONS,IS 2314: 1986,STEEL SHEET PILLING SECTIONS,steel sheet,STEEL SHEET PILLING SECTIONS,natural_language,specific,title,IS 12778: 2004;IS 1079: 1994;IS 3954: 1991;IS 5384: 1985,generated_from_metadata,
fcq_is_2372_2004_01,TIMBER FOR COOLING TOWERS standard,IS 2372: 2004,TIMBER FOR COOLING TOWERS,timber,TIMBER FOR COOLING TOWERS,product_only,specific,primary_subject,IS 1326: 1992;IS 190: 1991;IS 13958: 1994;IS 702: 1988,generated_from_metadata,
fcq_is_2372_2004_02,Need the Indian Standard covering TIMBER FOR COOLING TOWERS,IS 2372: 2004,TIMBER FOR COOLING TOWERS,timber,TIMBER FOR COOLING TOWERS,natural_language,specific,title,IS 1326: 1992;IS 190: 1991;IS 13958: 1994;IS 702: 1988,generated_from_metadata,
fcq_is_2501_1995_01,SOLID DRAWN COPPER TUBES FOR GENERAL ENGINEERING PURPOSES standard,IS 2501: 1995,SOLID DRAWN COPPER TUBES FOR GENERAL ENGINEERING PURPOSES,pipe,SOLID DRAWN COPPER TUBES FOR GENERAL ENGINEERING PURPOSES,product_only,specific,primary_subject,IS 738: 1994;IS 737: 1986;IS 739: 1992;IS 4762: 1984,generated_from_metadata,
fcq_is_2501_1995_02,Need the Indian Standard covering SOLID DRAWN COPPER TUBES FOR GENERAL ENGINEERING PURPOSES,IS 2501: 1995,SOLID DRAWN COPPER TUBES FOR GENERAL ENGINEERING PURPOSES,pipe,SOLID DRAWN COPPER TUBES FOR GENERAL ENGINEERING PURPOSES,natural_language,specific,title,IS 738: 1994;IS 737: 1986;IS 739: 1992;IS 4762: 1984,generated_from_metadata,
fcq_is_2501_1995_03,casing pipe for SOLID DRAWN COPPER TUBES FOR GENERAL ENGINEERING PURPOSES,IS 2501: 1995,SOLID DRAWN COPPER TUBES FOR GENERAL ENGINEERING PURPOSES,casing pipe,SOLID DRAWN COPPER TUBES FOR GENERAL ENGINEERING PURPOSES,alias,general_but_sufficient,product_aliases;primary_subject,IS 738: 1994;IS 737: 1986;IS 739: 1992;IS 4762: 1984,generated_from_metadata,
fcq_is_2501_1995_04,grp pipe for SOLID DRAWN COPPER TUBES FOR GENERAL ENGINEERING PURPOSES,IS 2501: 1995,SOLID DRAWN COPPER TUBES FOR GENERAL ENGINEERING PURPOSES,grp pipe,SOLID DRAWN COPPER TUBES FOR GENERAL ENGINEERING PURPOSES,alias,general_but_sufficient,product_aliases;primary_subject,IS 738: 1994;IS 737: 1986;IS 739: 1992;IS 4762: 1984,generated_from_metadata,
fcq_is_2501_1995_05,hdpe pipe for SOLID DRAWN COPPER TUBES FOR GENERAL ENGINEERING PURPOSES,IS 2501: 1995,SOLID DRAWN COPPER TUBES FOR GENERAL ENGINEERING PURPOSES,hdpe pipe,SOLID DRAWN COPPER TUBES FOR GENERAL ENGINEERING PURPOSES,alias,general_but_sufficient,product_aliases;primary_subject,IS 738: 1994;IS 737: 1986;IS 739: 1992;IS 4762: 1984,generated_from_metadata,
fcq_is_2547_part_2_1976_01,GYPSUM BUILDING PLASTER PART 2 PREMIXED LIGHTWEIGHT PLASTERS standard,IS 2547 (Part 2): 1976,GYPSUM BUILDING PLASTER PART 2 PREMIXED LIGHTWEIGHT PLASTERS,aggregate,GYPSUM BUILDING PLASTER PART 2 PREMIXED LIGHTWEIGHT PLASTERS,product_only,specific,primary_subject,IS 2686: 1977;IS 383: 1970;IS 2547 (Part 1): 1976;IS 432 (Part II): 1982,generated_from_metadata,
fcq_is_2547_part_2_1976_02,concrete aggregate,IS 2547 (Part 2): 1976,GYPSUM BUILDING PLASTER PART 2 PREMIXED LIGHTWEIGHT PLASTERS,aggregate,concrete construction or composition,product_material,specific,canonical_product;material,IS 2686: 1977;IS 383: 1970;IS 2547 (Part 1): 1976;IS 432 (Part II): 1982,generated_from_metadata,
fcq_is_2547_part_2_1976_03,Supply aggregate meeting Indian Standard requirements for concrete,IS 2547 (Part 2): 1976,GYPSUM BUILDING PLASTER PART 2 PREMIXED LIGHTWEIGHT PLASTERS,aggregate,concrete,tender_sentence,specific,canonical_product;material,IS 2686: 1977;IS 383: 1970;IS 2547 (Part 1): 1976;IS 432 (Part II): 1982,generated_from_metadata,
fcq_is_2547_part_2_1976_04,Need the Indian Standard covering GYPSUM BUILDING PLASTER PART 2 PREMIXED LIGHTWEIGHT PLASTERS,IS 2547 (Part 2): 1976,GYPSUM BUILDING PLASTER PART 2 PREMIXED LIGHTWEIGHT PLASTERS,aggregate,GYPSUM BUILDING PLASTER PART 2 PREMIXED LIGHTWEIGHT PLASTERS,natural_language,specific,title,IS 2686: 1977;IS 383: 1970;IS 2547 (Part 1): 1976;IS 432 (Part II): 1982,generated_from_metadata,
fcq_is_2547_part_2_1976_05,aggregates for concrete,IS 2547 (Part 2): 1976,GYPSUM BUILDING PLASTER PART 2 PREMIXED LIGHTWEIGHT PLASTERS,aggregates,concrete,alias,general_but_sufficient,product_aliases;material,IS 2686: 1977;IS 383: 1970;IS 2547 (Part 1): 1976;IS 432 (Part II): 1982,generated_from_metadata,
fcq_is_2678_1987_01,DIMENSIONS AND TOLERANCE FOR WROUGHT ALUMINIUM AND ALUMINIUM ALLOYS DRAWN ROUND TUBES standard,IS 2678: 1987,DIMENSIONS AND TOLERANCE FOR WROUGHT ALUMINIUM AND ALUMINIUM ALLOYS DRAWN ROUND TUBES,pipe,DIMENSIONS AND TOLERANCE FOR WROUGHT ALUMINIUM AND ALUMINIUM ALLOYS DRAWN ROUND TUBES,product_only,specific,primary_subject,IS 738: 1994;IS 1285: 2002;IS 2676: 1981;IS 740: 1977,generated_from_metadata,
fcq_is_2678_1987_02,Need the Indian Standard covering DIMENSIONS AND TOLERANCE FOR WROUGHT ALUMINIUM AND ALUMINIUM ALLOYS DRAWN ROUND TUBES,IS 2678: 1987,DIMENSIONS AND TOLERANCE FOR WROUGHT ALUMINIUM AND ALUMINIUM ALLOYS DRAWN ROUND TUBES,pipe,DIMENSIONS AND TOLERANCE FOR WROUGHT ALUMINIUM AND ALUMINIUM ALLOYS DRAWN ROUND TUBES,natural_language,specific,title,IS 738: 1994;IS 1285: 2002;IS 2676: 1981;IS 740: 1977,generated_from_metadata,
fcq_is_2681_1993_01,NON-FERROUS METAL SLIDING DOOR BOLTS standard,IS 2681: 1993,NON-FERROUS METAL SLIDING DOOR BOLTS,door,NON-FERROUS METAL SLIDING DOOR BOLTS,product_only,specific,primary_subject,IS 281: 1991;IS 452: 1973;IS 15491: 2004;IS 7534: 1985,generated_from_metadata,
fcq_is_2681_1993_02,aluminium door,IS 2681: 1993,NON-FERROUS METAL SLIDING DOOR BOLTS,door,aluminium construction or composition,product_material,specific,canonical_product;material,IS 281: 1991;IS 452: 1973;IS 15491: 2004;IS 7534: 1985,generated_from_metadata,
fcq_is_2681_1993_03,aluminium door for door and window construction,IS 2681: 1993,NON-FERROUS METAL SLIDING DOOR BOLTS,door,aluminium product for door and window construction,material_application,specific,canonical_product;material;application,IS 281: 1991;IS 452: 1973;IS 15491: 2004;IS 7534: 1985,generated_from_metadata,
fcq_is_2681_1993_04,Supply door meeting Indian Standard requirements for door and window construction; aluminium,IS 2681: 1993,NON-FERROUS METAL SLIDING DOOR BOLTS,door,door and window construction; aluminium,tender_sentence,specific,canonical_product;application;material,IS 281: 1991;IS 452: 1973;IS 15491: 2004;IS 7534: 1985,generated_from_metadata,
fcq_is_2681_1993_05,Need the Indian Standard covering NON-FERROUS METAL SLIDING DOOR BOLTS,IS 2681: 1993,NON-FERROUS METAL SLIDING DOOR BOLTS,door,NON-FERROUS METAL SLIDING DOOR BOLTS,natural_language,specific,title,IS 281: 1991;IS 452: 1973;IS 15491: 2004;IS 7534: 1985,generated_from_metadata,
fcq_is_2686_1977_01,CINDER AS FINE AGGREGATES FOR USE IN LIME CONCRETE standard,IS 2686: 1977,CINDER AS FINE AGGREGATES FOR USE IN LIME CONCRETE,aggregate,CINDER AS FINE AGGREGATES FOR USE IN LIME CONCRETE,product_only,specific,primary_subject,IS 383: 1970;IS 9142: 1979;IS 4990: 1993;IS 3182: 1986,generated_from_metadata,
fcq_is_2686_1977_02,timber aggregate,IS 2686: 1977,CINDER AS FINE AGGREGATES FOR USE IN LIME CONCRETE,aggregate,timber construction or composition,product_material,specific,canonical_product;material,IS 383: 1970;IS 9142: 1979;IS 4990: 1993;IS 3182: 1986,generated_from_metadata,
fcq_is_2686_1977_03,Supply aggregate meeting Indian Standard requirements for timber,IS 2686: 1977,CINDER AS FINE AGGREGATES FOR USE IN LIME CONCRETE,aggregate,timber,tender_sentence,specific,canonical_product;material,IS 383: 1970;IS 9142: 1979;IS 4990: 1993;IS 3182: 1986,generated_from_metadata,
fcq_is_2686_1977_04,Need the Indian Standard covering CINDER AS FINE AGGREGATES FOR USE IN LIME CONCRETE,IS 2686: 1977,CINDER AS FINE AGGREGATES FOR USE IN LIME CONCRETE,aggregate,CINDER AS FINE AGGREGATES FOR USE IN LIME CONCRETE,natural_language,specific,title,IS 383: 1970;IS 9142: 1979;IS 4990: 1993;IS 3182: 1986,generated_from_metadata,
fcq_is_2686_1977_05,aggregates for timber,IS 2686: 1977,CINDER AS FINE AGGREGATES FOR USE IN LIME CONCRETE,aggregates,timber,alias,general_but_sufficient,product_aliases;material,IS 383: 1970;IS 9142: 1979;IS 4990: 1993;IS 3182: 1986,generated_from_metadata,
fcq_is_2687_1991_01,CAP NUTS standard,IS 2687: 1991,CAP NUTS,nut,CAP NUTS,product_only,specific,primary_subject,IS 3063: 1994;IS 6649: 1985;IS 10342: 1982;IS 383: 1970,generated_from_metadata,
fcq_is_2687_1991_02,nut required to structural fastening,IS 2687: 1991,CAP NUTS,nut,required to structural fastening,product_function,specific,canonical_product;function,IS 3063: 1994;IS 6649: 1985;IS 10342: 1982;IS 383: 1970,generated_from_metadata,
fcq_is_2687_1991_03,Supply nut meeting Indian Standard requirements for structural fastening; steel,IS 2687: 1991,CAP NUTS,nut,structural fastening; steel,tender_sentence,specific,canonical_product;function;material,IS 3063: 1994;IS 6649: 1985;IS 10342: 1982;IS 383: 1970,generated_from_metadata,
fcq_is_2687_1991_04,Need the Indian Standard covering CAP NUTS,IS 2687: 1991,CAP NUTS,nut,CAP NUTS,natural_language,specific,title,IS 3063: 1994;IS 6649: 1985;IS 10342: 1982;IS 383: 1970,generated_from_metadata,
fcq_is_2690_part_1_1993_01,BURNT CLAY–FLAT TERRACING TILES PART 1 MACHINE-MADE standard,IS 2690 (Part 1): 1993,BURNT CLAY–FLAT TERRACING TILES PART 1 MACHINE-MADE,tile,BURNT CLAY–FLAT TERRACING TILES PART 1 MACHINE-MADE,product_only,specific,primary_subject,IS 2690 (Part 2): 1992;IS 1478: 1992;IS 3182: 1986;IS 204 (Part 1): 1991,generated_from_metadata,
fcq_is_2690_part_1_1993_02,Need the Indian Standard covering BURNT CLAY–FLAT TERRACING TILES PART 1 MACHINE-MADE,IS 2690 (Part 1): 1993,BURNT CLAY–FLAT TERRACING TILES PART 1 MACHINE-MADE,tile,BURNT CLAY–FLAT TERRACING TILES PART 1 MACHINE-MADE,natural_language,specific,title,IS 2690 (Part 2): 1992;IS 1478: 1992;IS 3182: 1986;IS 204 (Part 1): 1991,generated_from_metadata,
fcq_is_2690_part_2_1992_01,BURNT CLAY FLAT TERRACING TILES PART 2 HAND – MADE standard,IS 2690 (Part 2): 1992,BURNT CLAY FLAT TERRACING TILES PART 2 HAND – MADE,tile,BURNT CLAY FLAT TERRACING TILES PART 2 HAND – MADE,product_only,specific,primary_subject,IS 2690 (Part 1): 1993;IS 1478: 1992;IS 3182: 1986;IS 204 (Part 2): 1992,generated_from_metadata,
fcq_is_2690_part_2_1992_02,Need the Indian Standard covering BURNT CLAY FLAT TERRACING TILES PART 2 HAND – MADE,IS 2690 (Part 2): 1992,BURNT CLAY FLAT TERRACING TILES PART 2 HAND – MADE,tile,BURNT CLAY FLAT TERRACING TILES PART 2 HAND – MADE,natural_language,specific,title,IS 2690 (Part 1): 1993;IS 1478: 1992;IS 3182: 1986;IS 204 (Part 2): 1992,generated_from_metadata,
fcq_is_2691_1988_01,BURNT CLAY FACING BRICKS standard,IS 2691: 1988,BURNT CLAY FACING BRICKS,brick,BURNT CLAY FACING BRICKS,product_only,specific,primary_subject,IS 4885: 1988;IS 2222: 1991;IS 6579: 1981;IS 1127: 1970,generated_from_metadata,
fcq_is_2691_1988_02,Need the Indian Standard covering BURNT CLAY FACING BRICKS,IS 2691: 1988,BURNT CLAY FACING BRICKS,brick,BURNT CLAY FACING BRICKS,natural_language,specific,title,IS 4885: 1988;IS 2222: 1991;IS 6579: 1981;IS 1127: 1970,generated_from_metadata,
fcq_is_2692_1989_01,FERRULES FOR WATER SERVICES standard,IS 2692: 1989,FERRULES FOR WATER SERVICES,screw,FERRULES FOR WATER SERVICES,product_only,specific,primary_subject,IS 4346: 1982;IS 724: 1964;IS 1703: 2000;IS 1701: 1960,generated_from_metadata,
fcq_is_2692_1989_02,rubber screw,IS 2692: 1989,FERRULES FOR WATER SERVICES,screw,rubber construction or composition,product_material,specific,canonical_product;material,IS 4346: 1982;IS 724: 1964;IS 1703: 2000;IS 1701: 1960,generated_from_metadata,
fcq_is_2692_1989_03,screw for water supply,IS 2692: 1989,FERRULES FOR WATER SERVICES,screw,for water supply,product_application,specific,canonical_product;application,IS 4346: 1982;IS 724: 1964;IS 1703: 2000;IS 1701: 1960,generated_from_metadata,
fcq_is_2692_1989_04,rubber screw for water supply,IS 2692: 1989,FERRULES FOR WATER SERVICES,screw,rubber product for water supply,material_application,specific,canonical_product;material;application,IS 4346: 1982;IS 724: 1964;IS 1703: 2000;IS 1701: 1960,generated_from_metadata,
fcq_is_2692_1989_05,Supply screw meeting Indian Standard requirements for water supply; structural fastening; rubber,IS 2692: 1989,FERRULES FOR WATER SERVICES,screw,water supply; structural fastening; rubber,tender_sentence,specific,canonical_product;application;function;material,IS 4346: 1982;IS 724: 1964;IS 1703: 2000;IS 1701: 1960,generated_from_metadata,
fcq_is_2692_1989_06,Need the Indian Standard covering FERRULES FOR WATER SERVICES,IS 2692: 1989,FERRULES FOR WATER SERVICES,screw,FERRULES FOR WATER SERVICES,natural_language,specific,title,IS 4346: 1982;IS 724: 1964;IS 1703: 2000;IS 1701: 1960,generated_from_metadata,
fcq_is_2692_1989_07,"screw, water supply",IS 2692: 1989,FERRULES FOR WATER SERVICES,screw,water supply,boq_short,general_but_sufficient,canonical_product;application,IS 4346: 1982;IS 724: 1964;IS 1703: 2000;IS 1701: 1960,generated_from_metadata,
fcq_is_2692_1989_08,countersunk screw for water supply,IS 2692: 1989,FERRULES FOR WATER SERVICES,countersunk screw,water supply,alias,general_but_sufficient,product_aliases;application,IS 4346: 1982;IS 724: 1964;IS 1703: 2000;IS 1701: 1960,generated_from_metadata,
fcq_is_2692_1989_09,hexagon head screw for water supply,IS 2692: 1989,FERRULES FOR WATER SERVICES,hexagon head screw,water supply,alias,general_but_sufficient,product_aliases;application,IS 4346: 1982;IS 724: 1964;IS 1703: 2000;IS 1701: 1960,generated_from_metadata,
fcq_is_2692_1989_10,screws for water supply,IS 2692: 1989,FERRULES FOR WATER SERVICES,screws,water supply,alias,general_but_sufficient,product_aliases;application,IS 4346: 1982;IS 724: 1964;IS 1703: 2000;IS 1701: 1960,generated_from_metadata,
fcq_is_269_1989_01,ordinary portland 33 grade standard,IS 269: 1989,"ORDINARY PORTLAND CEMENT, 33 GRADE",cement,ordinary portland 33 grade,product_only,specific,product_subtype,IS 455: 1989;IS 1489 (Part 1): 1991;IS 190: 1991;IS 8112: 1989,generated_from_metadata,
fcq_is_269_1989_02,"Need the Indian Standard covering ORDINARY PORTLAND CEMENT, 33 GRADE",IS 269: 1989,"ORDINARY PORTLAND CEMENT, 33 GRADE",cement,"ORDINARY PORTLAND CEMENT, 33 GRADE",natural_language,specific,title,IS 455: 1989;IS 1489 (Part 1): 1991;IS 190: 1991;IS 8112: 1989,generated_from_metadata,
fcq_is_269_1989_03,lime pozzolana mixture for ordinary portland 33 grade,IS 269: 1989,"ORDINARY PORTLAND CEMENT, 33 GRADE",lime pozzolana mixture,ordinary portland 33 grade,alias,general_but_sufficient,product_aliases;primary_subject,IS 455: 1989;IS 1489 (Part 1): 1991;IS 190: 1991;IS 8112: 1989,generated_from_metadata,
fcq_is_269_1989_04,lime-pozzolana concrete for ordinary portland 33 grade,IS 269: 1989,"ORDINARY PORTLAND CEMENT, 33 GRADE",lime-pozzolana concrete,ordinary portland 33 grade,alias,general_but_sufficient,product_aliases;primary_subject,IS 455: 1989;IS 1489 (Part 1): 1991;IS 190: 1991;IS 8112: 1989,generated_from_metadata,
fcq_is_269_1989_05,masonry cement for ordinary portland 33 grade,IS 269: 1989,"ORDINARY PORTLAND CEMENT, 33 GRADE",masonry cement,ordinary portland 33 grade,alias,general_but_sufficient,product_aliases;primary_subject,IS 455: 1989;IS 1489 (Part 1): 1991;IS 190: 1991;IS 8112: 1989,generated_from_metadata,
fcq_is_2721_1979_01,GALVANIZED STEEL CHAIN LINK FENCE FABRIC standard,IS 2721: 1979,GALVANIZED STEEL CHAIN LINK FENCE FABRIC,pipe fitting,GALVANIZED STEEL CHAIN LINK FENCE FABRIC,product_only,specific,primary_subject,IS 280: 1978;IS 736: 1986;IS 4948: 2002;IS 4895: 1985,generated_from_metadata,
fcq_is_2721_1979_02,steel pipe fitting,IS 2721: 1979,GALVANIZED STEEL CHAIN LINK FENCE FABRIC,pipe fitting,steel construction or composition,product_material,specific,canonical_product;material,IS 280: 1978;IS 736: 1986;IS 4948: 2002;IS 4895: 1985,generated_from_metadata,
fcq_is_2721_1979_03,Supply pipe fitting meeting Indian Standard requirements for steel,IS 2721: 1979,GALVANIZED STEEL CHAIN LINK FENCE FABRIC,pipe fitting,steel,tender_sentence,specific,canonical_product;material,IS 280: 1978;IS 736: 1986;IS 4948: 2002;IS 4895: 1985,generated_from_metadata,
fcq_is_2721_1979_04,Need the Indian Standard covering GALVANIZED STEEL CHAIN LINK FENCE FABRIC,IS 2721: 1979,GALVANIZED STEEL CHAIN LINK FENCE FABRIC,pipe fitting,GALVANIZED STEEL CHAIN LINK FENCE FABRIC,natural_language,specific,title,IS 280: 1978;IS 736: 1986;IS 4948: 2002;IS 4895: 1985,generated_from_metadata,
fcq_is_2721_1979_05,bend for steel,IS 2721: 1979,GALVANIZED STEEL CHAIN LINK FENCE FABRIC,bend,steel,alias,general_but_sufficient,product_aliases;material,IS 280: 1978;IS 736: 1986;IS 4948: 2002;IS 4895: 1985,generated_from_metadata,
fcq_is_2721_1979_06,bends for steel,IS 2721: 1979,GALVANIZED STEEL CHAIN LINK FENCE FABRIC,bends,steel,alias,general_but_sufficient,product_aliases;material,IS 280: 1978;IS 736: 1986;IS 4948: 2002;IS 4895: 1985,generated_from_metadata,
fcq_is_2721_1979_07,coupler for steel,IS 2721: 1979,GALVANIZED STEEL CHAIN LINK FENCE FABRIC,coupler,steel,alias,general_but_sufficient,product_aliases;material,IS 280: 1978;IS 736: 1986;IS 4948: 2002;IS 4895: 1985,generated_from_metadata,
fcq_is_277_2003_01,GALVANIZED STEEL SHEETS standard,IS 277: 2003,GALVANIZED STEEL SHEETS,steel sheet,GALVANIZED STEEL SHEETS,product_only,specific,primary_subject,IS 1079: 1994;IS 412: 1975;IS 12583: 1988;IS 1254: 1991,generated_from_metadata,
fcq_is_277_2003_02,Supply steel sheet meeting Indian Standard requirements for roofing; steel,IS 277: 2003,GALVANIZED STEEL SHEETS,steel sheet,roofing; steel,tender_sentence,specific,canonical_product;application;material,IS 1079: 1994;IS 412: 1975;IS 12583: 1988;IS 1254: 1991,generated_from_metadata,
fcq_is_277_2003_03,Need the Indian Standard covering GALVANIZED STEEL SHEETS,IS 277: 2003,GALVANIZED STEEL SHEETS,steel sheet,GALVANIZED STEEL SHEETS,natural_language,specific,title,IS 1079: 1994;IS 412: 1975;IS 12583: 1988;IS 1254: 1991,generated_from_metadata,
fcq_is_281_1991_01,MILD STEEL SLIDING DOOR BOLTS FOR USE WITH PADLOCKS standard,IS 281: 1991,MILD STEEL SLIDING DOOR BOLTS FOR USE WITH PADLOCKS,door,MILD STEEL SLIDING DOOR BOLTS FOR USE WITH PADLOCKS,product_only,specific,primary_subject,IS 452: 1973;IS 2681: 1993;IS 7534: 1985;IS 10090: 1982,generated_from_metadata,
fcq_is_281_1991_02,steel door for door and window construction,IS 281: 1991,MILD STEEL SLIDING DOOR BOLTS FOR USE WITH PADLOCKS,door,steel product for door and window construction,material_application,specific,canonical_product;material;application,IS 452: 1973;IS 2681: 1993;IS 7534: 1985;IS 10090: 1982,generated_from_metadata,
fcq_is_281_1991_03,Supply door meeting Indian Standard requirements for door and window construction; steel,IS 281: 1991,MILD STEEL SLIDING DOOR BOLTS FOR USE WITH PADLOCKS,door,door and window construction; steel,tender_sentence,specific,canonical_product;application;material,IS 452: 1973;IS 2681: 1993;IS 7534: 1985;IS 10090: 1982,generated_from_metadata,
fcq_is_281_1991_04,Need the Indian Standard covering MILD STEEL SLIDING DOOR BOLTS FOR USE WITH PADLOCKS,IS 281: 1991,MILD STEEL SLIDING DOOR BOLTS FOR USE WITH PADLOCKS,door,MILD STEEL SLIDING DOOR BOLTS FOR USE WITH PADLOCKS,natural_language,specific,title,IS 452: 1973;IS 2681: 1993;IS 7534: 1985;IS 10090: 1982,generated_from_metadata,
fcq_is_2835_1987_01,FLAT TRANSPARENT SHEET GLASS standard,IS 2835: 1987,FLAT TRANSPARENT SHEET GLASS,glass,FLAT TRANSPARENT SHEET GLASS,product_only,specific,primary_subject,IS 3438: 1994;IS 5437: 1994;IS 1128: 1974;IS 8183: 1993,generated_from_metadata,
fcq_is_2835_1987_02,Supply glass meeting Indian Standard requirements for flooring,IS 2835: 1987,FLAT TRANSPARENT SHEET GLASS,glass,flooring,tender_sentence,specific,canonical_product;application,IS 3438: 1994;IS 5437: 1994;IS 1128: 1974;IS 8183: 1993,generated_from_metadata,
fcq_is_2835_1987_03,Need the Indian Standard covering FLAT TRANSPARENT SHEET GLASS,IS 2835: 1987,FLAT TRANSPARENT SHEET GLASS,glass,FLAT TRANSPARENT SHEET GLASS,natural_language,specific,title,IS 3438: 1994;IS 5437: 1994;IS 1128: 1974;IS 8183: 1993,generated_from_metadata,
fcq_is_2849_1983_01,NON-LOAD BEARING GYPSUM PARTITION BLOCKS (SOLID AND HOLLOW TYPES) standard,IS 2849: 1983,NON-LOAD BEARING GYPSUM PARTITION BLOCKS (SOLID AND HOLLOW TYPES),block,NON-LOAD BEARING GYPSUM PARTITION BLOCKS (SOLID AND HOLLOW TYPES),product_only,specific,primary_subject,IS 2185 (Part 2): 1983;IS 2185 (Part 1): 1979;IS 383: 1970;IS 702: 1988,generated_from_metadata,
fcq_is_2849_1983_02,Need the Indian Standard covering NON-LOAD BEARING GYPSUM PARTITION BLOCKS (SOLID AND HOLLOW TYPES),IS 2849: 1983,NON-LOAD BEARING GYPSUM PARTITION BLOCKS (SOLID AND HOLLOW TYPES),block,NON-LOAD BEARING GYPSUM PARTITION BLOCKS (SOLID AND HOLLOW TYPES),natural_language,specific,title,IS 2185 (Part 2): 1983;IS 2185 (Part 1): 1979;IS 383: 1970;IS 702: 1988,generated_from_metadata,
fcq_is_2907_1998_01,NON-FERROUS RIVETS (1.6 TO 10 mm) standard,IS 2907: 1998,NON-FERROUS RIVETS (1.6 TO 10 mm),rivet,NON-FERROUS RIVETS (1.6 TO 10 mm),product_only,specific,primary_subject,IS 2998: 1982;IS 2155: 1982;IS 733: 1983;IS 2501: 1995,generated_from_metadata,
fcq_is_2907_1998_02,aluminium rivet,IS 2907: 1998,NON-FERROUS RIVETS (1.6 TO 10 mm),rivet,aluminium construction or composition,product_material,specific,canonical_product;material,IS 2998: 1982;IS 2155: 1982;IS 733: 1983;IS 2501: 1995,generated_from_metadata,
fcq_is_2907_1998_03,Supply rivet meeting Indian Standard requirements for aluminium,IS 2907: 1998,NON-FERROUS RIVETS (1.6 TO 10 mm),rivet,aluminium,tender_sentence,specific,canonical_product;material,IS 2998: 1982;IS 2155: 1982;IS 733: 1983;IS 2501: 1995,generated_from_metadata,
fcq_is_2907_1998_04,Need the Indian Standard covering NON-FERROUS RIVETS (1.6 TO 10 mm),IS 2907: 1998,NON-FERROUS RIVETS (1.6 TO 10 mm),rivet,NON-FERROUS RIVETS (1.6 TO 10 mm),natural_language,specific,title,IS 2998: 1982;IS 2155: 1982;IS 733: 1983;IS 2501: 1995,generated_from_metadata,
fcq_is_2907_1998_05,rivet bar for aluminium,IS 2907: 1998,NON-FERROUS RIVETS (1.6 TO 10 mm),rivet bar,aluminium,alias,general_but_sufficient,product_aliases;material,IS 2998: 1982;IS 2155: 1982;IS 733: 1983;IS 2501: 1995,generated_from_metadata,
fcq_is_2907_1998_06,rivet bars for aluminium,IS 2907: 1998,NON-FERROUS RIVETS (1.6 TO 10 mm),rivet bars,aluminium,alias,general_but_sufficient,product_aliases;material,IS 2998: 1982;IS 2155: 1982;IS 733: 1983;IS 2501: 1995,generated_from_metadata,
fcq_is_2907_1998_07,rivets for aluminium,IS 2907: 1998,NON-FERROUS RIVETS (1.6 TO 10 mm),rivets,aluminium,alias,general_but_sufficient,product_aliases;material,IS 2998: 1982;IS 2155: 1982;IS 733: 1983;IS 2501: 1995,generated_from_metadata,
fcq_is_2998_1982_01,COLD FORGED STEEL RIVETS FOR COLD CLOSING (1 TO 16 MM DIAMETER) standard,IS 2998: 1982,COLD FORGED STEEL RIVETS FOR COLD CLOSING (1 TO 16 MM DIAMETER),rivet,COLD FORGED STEEL RIVETS FOR COLD CLOSING (1 TO 16 MM DIAMETER),product_only,specific,primary_subject,IS 2155: 1982;IS 1929: 1982;IS 1079: 1994;IS 2501: 1995,generated_from_metadata,
fcq_is_2998_1982_02,Need the Indian Standard covering COLD FORGED STEEL RIVETS FOR COLD CLOSING (1 TO 16 MM DIAMETER),IS 2998: 1982,COLD FORGED STEEL RIVETS FOR COLD CLOSING (1 TO 16 MM DIAMETER),rivet,COLD FORGED STEEL RIVETS FOR COLD CLOSING (1 TO 16 MM DIAMETER),natural_language,specific,title,IS 2155: 1982;IS 1929: 1982;IS 1079: 1994;IS 2501: 1995,generated_from_metadata,
fcq_is_3004_1979_01,PLUG COCKS FOR WATER SUPPLY PURPOSES standard,IS 3004: 1979,PLUG COCKS FOR WATER SUPPLY PURPOSES,plug socket,PLUG COCKS FOR WATER SUPPLY PURPOSES,product_only,specific,primary_subject,IS 4615: 1968;IS 4160: 1967;IS 13114: 1991;IS 9762: 1994,generated_from_metadata,
fcq_is_3004_1979_02,plug socket for water supply,IS 3004: 1979,PLUG COCKS FOR WATER SUPPLY PURPOSES,plug socket,for water supply,product_application,specific,canonical_product;application,IS 4615: 1968;IS 4160: 1967;IS 13114: 1991;IS 9762: 1994,generated_from_metadata,
fcq_is_3004_1979_03,Supply plug socket meeting Indian Standard requirements for water supply,IS 3004: 1979,PLUG COCKS FOR WATER SUPPLY PURPOSES,plug socket,water supply,tender_sentence,specific,canonical_product;application,IS 4615: 1968;IS 4160: 1967;IS 13114: 1991;IS 9762: 1994,generated_from_metadata,
fcq_is_3004_1979_04,Need the Indian Standard covering PLUG COCKS FOR WATER SUPPLY PURPOSES,IS 3004: 1979,PLUG COCKS FOR WATER SUPPLY PURPOSES,plug socket,PLUG COCKS FOR WATER SUPPLY PURPOSES,natural_language,specific,title,IS 4615: 1968;IS 4160: 1967;IS 13114: 1991;IS 9762: 1994,generated_from_metadata,
fcq_is_3004_1979_05,"plug socket, water supply",IS 3004: 1979,PLUG COCKS FOR WATER SUPPLY PURPOSES,plug socket,water supply,boq_short,general_but_sufficient,canonical_product;application,IS 4615: 1968;IS 4160: 1967;IS 13114: 1991;IS 9762: 1994,generated_from_metadata,
fcq_is_3004_1979_06,plug for water supply,IS 3004: 1979,PLUG COCKS FOR WATER SUPPLY PURPOSES,plug,water supply,alias,general_but_sufficient,product_aliases;application,IS 4615: 1968;IS 4160: 1967;IS 13114: 1991;IS 9762: 1994,generated_from_metadata,
fcq_is_3004_1979_07,plugs for water supply,IS 3004: 1979,PLUG COCKS FOR WATER SUPPLY PURPOSES,plugs,water supply,alias,general_but_sufficient,product_aliases;application,IS 4615: 1968;IS 4160: 1967;IS 13114: 1991;IS 9762: 1994,generated_from_metadata,
fcq_is_3004_1979_08,socket for water supply,IS 3004: 1979,PLUG COCKS FOR WATER SUPPLY PURPOSES,socket,water supply,alias,general_but_sufficient,product_aliases;application,IS 4615: 1968;IS 4160: 1967;IS 13114: 1991;IS 9762: 1994,generated_from_metadata,
fcq_is_3037_1986_01,BITUMEN MASTIC FOR USE IN WATER—PROOFING OF ROOFS standard,IS 3037: 1986,BITUMEN MASTIC FOR USE IN WATER—PROOFING OF ROOFS,waterproofing membrane,BITUMEN MASTIC FOR USE IN WATER—PROOFING OF ROOFS,product_only,specific,primary_subject,IS 3384: 1986;IS 1322: 1993;IS 7193: 1974;IS 3466: 1988,generated_from_metadata,
fcq_is_3037_1986_02,Need the Indian Standard covering BITUMEN MASTIC FOR USE IN WATER—PROOFING OF ROOFS,IS 3037: 1986,BITUMEN MASTIC FOR USE IN WATER—PROOFING OF ROOFS,waterproofing membrane,BITUMEN MASTIC FOR USE IN WATER—PROOFING OF ROOFS,natural_language,specific,title,IS 3384: 1986;IS 1322: 1993;IS 7193: 1974;IS 3466: 1988,generated_from_metadata,
fcq_is_3076_1985_01,LOW DENSITY POLYETHYLENE PIPES FOR POTABLE WATER SUPPLIES standard,IS 3076: 1985,LOW DENSITY POLYETHYLENE PIPES FOR POTABLE WATER SUPPLIES,pipe,LOW DENSITY POLYETHYLENE PIPES FOR POTABLE WATER SUPPLIES,product_only,specific,primary_subject,IS 8360 (Part 1): 1977;IS 404 (Part 1): 1993;IS 3004: 1979;IS 5372: 1975,generated_from_metadata,
fcq_is_3076_1985_02,Supply pipe meeting Indian Standard requirements for potable water supply; carry potable water,IS 3076: 1985,LOW DENSITY POLYETHYLENE PIPES FOR POTABLE WATER SUPPLIES,pipe,potable water supply; carry potable water,tender_sentence,specific,canonical_product;application;function,IS 8360 (Part 1): 1977;IS 404 (Part 1): 1993;IS 3004: 1979;IS 5372: 1975,generated_from_metadata,
fcq_is_3076_1985_03,Need the Indian Standard covering LOW DENSITY POLYETHYLENE PIPES FOR POTABLE WATER SUPPLIES,IS 3076: 1985,LOW DENSITY POLYETHYLENE PIPES FOR POTABLE WATER SUPPLIES,pipe,LOW DENSITY POLYETHYLENE PIPES FOR POTABLE WATER SUPPLIES,natural_language,specific,title,IS 8360 (Part 1): 1977;IS 404 (Part 1): 1993;IS 3004: 1979;IS 5372: 1975,generated_from_metadata,
fcq_is_3087_1985_01,WOOD PARTICLE BOARDS (MEDIUM DENSITY) FOR GENERAL PURPOSES standard,IS 3087: 1985,WOOD PARTICLE BOARDS (MEDIUM DENSITY) FOR GENERAL PURPOSES,board,WOOD PARTICLE BOARDS (MEDIUM DENSITY) FOR GENERAL PURPOSES,product_only,specific,primary_subject,IS 12406: 2003;IS 15491: 2004;IS 3478: 1966;IS 6307: 1985,generated_from_metadata,
fcq_is_3087_1985_02,Need the Indian Standard covering WOOD PARTICLE BOARDS (MEDIUM DENSITY) FOR GENERAL PURPOSES,IS 3087: 1985,WOOD PARTICLE BOARDS (MEDIUM DENSITY) FOR GENERAL PURPOSES,board,WOOD PARTICLE BOARDS (MEDIUM DENSITY) FOR GENERAL PURPOSES,natural_language,specific,title,IS 12406: 2003;IS 15491: 2004;IS 3478: 1966;IS 6307: 1985,generated_from_metadata,
fcq_is_3097_1980_01,VENEERED PARTICLE BOARDS standard,IS 3097: 1980,VENEERED PARTICLE BOARDS,board,VENEERED PARTICLE BOARDS,product_only,specific,primary_subject,IS 12049: 1987;IS 1658: 1977;IS 2191 (Part 2): 1983;IS 12817: 1997,generated_from_metadata,
fcq_is_3097_1980_02,Need the Indian Standard covering VENEERED PARTICLE BOARDS,IS 3097: 1980,VENEERED PARTICLE BOARDS,board,VENEERED PARTICLE BOARDS,natural_language,specific,title,IS 12049: 1987;IS 1658: 1977;IS 2191 (Part 2): 1983;IS 12817: 1997,generated_from_metadata,
fcq_is_3115_1992_01,LIME BASED BLOCKS standard,IS 3115: 1992,LIME BASED BLOCKS,block,LIME BASED BLOCKS,product_only,specific,primary_subject,IS 3620: 1979;IS 1130: 1969;IS 2547 (Part 2): 1976;IS 10360: 1982,generated_from_metadata,
fcq_is_3115_1992_02,Need the Indian Standard covering LIME BASED BLOCKS,IS 3115: 1992,LIME BASED BLOCKS,block,LIME BASED BLOCKS,natural_language,specific,title,IS 3620: 1979;IS 1130: 1969;IS 2547 (Part 2): 1976;IS 10360: 1982,generated_from_metadata,
fcq_is_3121_1981_01,RIGGING SCREWS AND STRETCHING SCREWS standard,IS 3121: 1981,RIGGING SCREWS AND STRETCHING SCREWS,screw,RIGGING SCREWS AND STRETCHING SCREWS,product_only,specific,primary_subject,IS 10090: 1982;IS 1366: 2002;IS 9131: 1979;IS 2104: 1981,generated_from_metadata,
fcq_is_3121_1981_02,Need the Indian Standard covering RIGGING SCREWS AND STRETCHING SCREWS,IS 3121: 1981,RIGGING SCREWS AND STRETCHING SCREWS,screw,RIGGING SCREWS AND STRETCHING SCREWS,natural_language,specific,title,IS 10090: 1982;IS 1366: 2002;IS 9131: 1979;IS 2104: 1981,generated_from_metadata,
fcq_is_3129_1985_01,LOW DENSITY PARTICLE BOARDS standard,IS 3129: 1985,LOW DENSITY PARTICLE BOARDS,board,LOW DENSITY PARTICLE BOARDS,product_only,specific,primary_subject,IS 3087: 1985;IS 1658: 1977;IS 3478: 1966;IS 14276: 1995,generated_from_metadata,
fcq_is_3129_1985_02,Need the Indian Standard covering LOW DENSITY PARTICLE BOARDS,IS 3129: 1985,LOW DENSITY PARTICLE BOARDS,board,LOW DENSITY PARTICLE BOARDS,natural_language,specific,title,IS 3087: 1985;IS 1658: 1977;IS 3478: 1966;IS 14276: 1995,generated_from_metadata,
fcq_is_3316_1974_01,STRUCTURAL GRANITE standard,IS 3316: 1974,STRUCTURAL GRANITE,stone,STRUCTURAL GRANITE,product_only,specific,primary_subject,IS 14223 (Part 1): 1995;IS 2116: 1980;IS 3629: 1986;IS 1127: 1970,generated_from_metadata,
fcq_is_3316_1974_02,Need the Indian Standard covering STRUCTURAL GRANITE,IS 3316: 1974,STRUCTURAL GRANITE,stone,STRUCTURAL GRANITE,natural_language,specific,title,IS 14223 (Part 1): 1995;IS 2116: 1980;IS 3629: 1986;IS 1127: 1970,generated_from_metadata,
fcq_is_3316_1974_03,building stone for STRUCTURAL GRANITE,IS 3316: 1974,STRUCTURAL GRANITE,building stone,STRUCTURAL GRANITE,alias,general_but_sufficient,product_aliases;primary_subject,IS 14223 (Part 1): 1995;IS 2116: 1980;IS 3629: 1986;IS 1127: 1970,generated_from_metadata,
fcq_is_3316_1974_04,polished stone for STRUCTURAL GRANITE,IS 3316: 1974,STRUCTURAL GRANITE,polished stone,STRUCTURAL GRANITE,alias,general_but_sufficient,product_aliases;primary_subject,IS 14223 (Part 1): 1995;IS 2116: 1980;IS 3629: 1986;IS 1127: 1970,generated_from_metadata,
fcq_is_3316_1974_05,stones for STRUCTURAL GRANITE,IS 3316: 1974,STRUCTURAL GRANITE,stones,STRUCTURAL GRANITE,alias,general_but_sufficient,product_aliases;primary_subject,IS 14223 (Part 1): 1995;IS 2116: 1980;IS 3629: 1986;IS 1127: 1970,generated_from_metadata,
fcq_is_3348_1965_01,"FIBRE INSULATION BOARD 2. Dimensions and Tolerances: a) Bitumen – Bonded fibre insulating board,and b) Flame – Retardant treated fibre insulating board standard",IS 3348: 1965,"FIBRE INSULATION BOARD 2. Dimensions and Tolerances: a) Bitumen – Bonded fibre insulating board,and b) Flame – Retardant treated fibre insulating board.",board,"FIBRE INSULATION BOARD 2. Dimensions and Tolerances: a) Bitumen – Bonded fibre insulating board,and b) Flame – Retardant treated fibre insulating board",product_only,specific,primary_subject,IS 13958: 1994;IS 12406: 2003;IS 9968 (Part 1): 1998;IS 2036: 1995,generated_from_metadata,
fcq_is_3348_1965_02,board required to thermal insulation,IS 3348: 1965,"FIBRE INSULATION BOARD 2. Dimensions and Tolerances: a) Bitumen – Bonded fibre insulating board,and b) Flame – Retardant treated fibre insulating board.",board,required to thermal insulation,product_function,specific,canonical_product;function,IS 13958: 1994;IS 12406: 2003;IS 9968 (Part 1): 1998;IS 2036: 1995,generated_from_metadata,
fcq_is_3348_1965_03,Supply board meeting Indian Standard requirements for thermal insulation; thermal insulation; timber,IS 3348: 1965,"FIBRE INSULATION BOARD 2. Dimensions and Tolerances: a) Bitumen – Bonded fibre insulating board,and b) Flame – Retardant treated fibre insulating board.",board,thermal insulation; thermal insulation; timber,tender_sentence,specific,canonical_product;application;function;material,IS 13958: 1994;IS 12406: 2003;IS 9968 (Part 1): 1998;IS 2036: 1995,generated_from_metadata,
fcq_is_3348_1965_04,"Need the Indian Standard covering FIBRE INSULATION BOARD 2. Dimensions and Tolerances: a) Bitumen – Bonded fibre insulating board,and b) Flame – Retardant treated fibre insulating board.",IS 3348: 1965,"FIBRE INSULATION BOARD 2. Dimensions and Tolerances: a) Bitumen – Bonded fibre insulating board,and b) Flame – Retardant treated fibre insulating board.",board,"FIBRE INSULATION BOARD 2. Dimensions and Tolerances: a) Bitumen – Bonded fibre insulating board,and b) Flame – Retardant treated fibre insulating board.",natural_language,specific,title,IS 13958: 1994;IS 12406: 2003;IS 9968 (Part 1): 1998;IS 2036: 1995,generated_from_metadata,
fcq_is_3367_1993_01,BURNT CLAY TILES FOR USE IN LINING IRRIGATION AND DRAINAGE WORKS standard,IS 3367: 1993,BURNT CLAY TILES FOR USE IN LINING IRRIGATION AND DRAINAGE WORKS,tile,BURNT CLAY TILES FOR USE IN LINING IRRIGATION AND DRAINAGE WORKS,product_only,specific,primary_subject,IS 2690 (Part 1): 1993;IS 2690 (Part 2): 1992;IS 12592: 2002;IS 1726: 1991,generated_from_metadata,
fcq_is_3367_1993_02,tile required to carry sewage,IS 3367: 1993,BURNT CLAY TILES FOR USE IN LINING IRRIGATION AND DRAINAGE WORKS,tile,required to carry sewage,product_function,specific,canonical_product;function,IS 2690 (Part 1): 1993;IS 2690 (Part 2): 1992;IS 12592: 2002;IS 1726: 1991,generated_from_metadata,
fcq_is_3367_1993_03,tile for sewerage,IS 3367: 1993,BURNT CLAY TILES FOR USE IN LINING IRRIGATION AND DRAINAGE WORKS,tile,for sewerage,product_application,specific,canonical_product;application,IS 2690 (Part 1): 1993;IS 2690 (Part 2): 1992;IS 12592: 2002;IS 1726: 1991,generated_from_metadata,
fcq_is_3367_1993_04,clay tile for sewerage,IS 3367: 1993,BURNT CLAY TILES FOR USE IN LINING IRRIGATION AND DRAINAGE WORKS,tile,clay product for sewerage,material_application,specific,canonical_product;material;application,IS 2690 (Part 1): 1993;IS 2690 (Part 2): 1992;IS 12592: 2002;IS 1726: 1991,generated_from_metadata,
fcq_is_3367_1993_05,Supply tile meeting Indian Standard requirements for sewerage; carry sewage; clay,IS 3367: 1993,BURNT CLAY TILES FOR USE IN LINING IRRIGATION AND DRAINAGE WORKS,tile,sewerage; carry sewage; clay,tender_sentence,specific,canonical_product;application;function;material,IS 2690 (Part 1): 1993;IS 2690 (Part 2): 1992;IS 12592: 2002;IS 1726: 1991,generated_from_metadata,
fcq_is_3367_1993_06,Need the Indian Standard covering BURNT CLAY TILES FOR USE IN LINING IRRIGATION AND DRAINAGE WORKS,IS 3367: 1993,BURNT CLAY TILES FOR USE IN LINING IRRIGATION AND DRAINAGE WORKS,tile,BURNT CLAY TILES FOR USE IN LINING IRRIGATION AND DRAINAGE WORKS,natural_language,specific,title,IS 2690 (Part 1): 1993;IS 2690 (Part 2): 1992;IS 12592: 2002;IS 1726: 1991,generated_from_metadata,
fcq_is_3367_1993_07,"tile, sewerage",IS 3367: 1993,BURNT CLAY TILES FOR USE IN LINING IRRIGATION AND DRAINAGE WORKS,tile,sewerage,boq_short,general_but_sufficient,canonical_product;application,IS 2690 (Part 1): 1993;IS 2690 (Part 2): 1992;IS 12592: 2002;IS 1726: 1991,generated_from_metadata,
fcq_is_3367_1993_08,clay roofing country tile for sewerage,IS 3367: 1993,BURNT CLAY TILES FOR USE IN LINING IRRIGATION AND DRAINAGE WORKS,clay roofing country tile,sewerage,alias,general_but_sufficient,product_aliases;application,IS 2690 (Part 1): 1993;IS 2690 (Part 2): 1992;IS 12592: 2002;IS 1726: 1991,generated_from_metadata,
fcq_is_3367_1993_09,flooring tile for sewerage,IS 3367: 1993,BURNT CLAY TILES FOR USE IN LINING IRRIGATION AND DRAINAGE WORKS,flooring tile,sewerage,alias,general_but_sufficient,product_aliases;application,IS 2690 (Part 1): 1993;IS 2690 (Part 2): 1992;IS 12592: 2002;IS 1726: 1991,generated_from_metadata,
fcq_is_3367_1993_10,hollow clay tile for sewerage,IS 3367: 1993,BURNT CLAY TILES FOR USE IN LINING IRRIGATION AND DRAINAGE WORKS,hollow clay tile,sewerage,alias,general_but_sufficient,product_aliases;application,IS 2690 (Part 1): 1993;IS 2690 (Part 2): 1992;IS 12592: 2002;IS 1726: 1991,generated_from_metadata,
fcq_is_3384_1986_01,BITUMEN PRIMER FOR USE IN WATER–PROOFING AND DAMP–PROOFING standard,IS 3384: 1986,BITUMEN PRIMER FOR USE IN WATER–PROOFING AND DAMP–PROOFING,waterproofing membrane,BITUMEN PRIMER FOR USE IN WATER–PROOFING AND DAMP–PROOFING,product_only,specific,primary_subject,IS 1322: 1993;IS 3037: 1986;IS 7193: 1974;IS 12820: 2004,generated_from_metadata,
fcq_is_3384_1986_02,Need the Indian Standard covering BITUMEN PRIMER FOR USE IN WATER–PROOFING AND DAMP–PROOFING,IS 3384: 1986,BITUMEN PRIMER FOR USE IN WATER–PROOFING AND DAMP–PROOFING,waterproofing membrane,BITUMEN PRIMER FOR USE IN WATER–PROOFING AND DAMP–PROOFING,natural_language,specific,title,IS 1322: 1993;IS 3037: 1986;IS 7193: 1974;IS 12820: 2004,generated_from_metadata,
fcq_is_3438_1994_01,SILVERED GLASS MIRRORS FOR GENERAL PURPOSES standard,IS 3438: 1994,SILVERED GLASS MIRRORS FOR GENERAL PURPOSES,glass,SILVERED GLASS MIRRORS FOR GENERAL PURPOSES,product_only,specific,primary_subject,IS 5437: 1994;IS 2835: 1987;IS 3337: 1978;IS 8183: 1993,generated_from_metadata,
fcq_is_3438_1994_02,Need the Indian Standard covering SILVERED GLASS MIRRORS FOR GENERAL PURPOSES,IS 3438: 1994,SILVERED GLASS MIRRORS FOR GENERAL PURPOSES,glass,SILVERED GLASS MIRRORS FOR GENERAL PURPOSES,natural_language,specific,title,IS 5437: 1994;IS 2835: 1987;IS 3337: 1978;IS 8183: 1993,generated_from_metadata,
fcq_is_3438_1994_03,glass fiber for SILVERED GLASS MIRRORS FOR GENERAL PURPOSES,IS 3438: 1994,SILVERED GLASS MIRRORS FOR GENERAL PURPOSES,glass fiber,SILVERED GLASS MIRRORS FOR GENERAL PURPOSES,alias,general_but_sufficient,product_aliases;primary_subject,IS 5437: 1994;IS 2835: 1987;IS 3337: 1978;IS 8183: 1993,generated_from_metadata,
fcq_is_3438_1994_04,glass fibre for SILVERED GLASS MIRRORS FOR GENERAL PURPOSES,IS 3438: 1994,SILVERED GLASS MIRRORS FOR GENERAL PURPOSES,glass fibre,SILVERED GLASS MIRRORS FOR GENERAL PURPOSES,alias,general_but_sufficient,product_aliases;primary_subject,IS 5437: 1994;IS 2835: 1987;IS 3337: 1978;IS 8183: 1993,generated_from_metadata,
fcq_is_3438_1994_05,glass fibre reinforced for SILVERED GLASS MIRRORS FOR GENERAL PURPOSES,IS 3438: 1994,SILVERED GLASS MIRRORS FOR GENERAL PURPOSES,glass fibre reinforced,SILVERED GLASS MIRRORS FOR GENERAL PURPOSES,alias,general_but_sufficient,product_aliases;primary_subject,IS 5437: 1994;IS 2835: 1987;IS 3337: 1978;IS 8183: 1993,generated_from_metadata,
fcq_is_3461_1980_01,PVC ASBESTOS FLOOR TILES standard,IS 3461: 1980,PVC ASBESTOS FLOOR TILES,tile,PVC ASBESTOS FLOOR TILES,product_only,specific,primary_subject,IS 3462: 1986;IS 1478: 1992;IS 1237: 1980;IS 404 (Part 1): 1993,generated_from_metadata,
fcq_is_3461_1980_02,PVC tile,IS 3461: 1980,PVC ASBESTOS FLOOR TILES,tile,PVC construction or composition,product_material,specific,canonical_product;material,IS 3462: 1986;IS 1478: 1992;IS 1237: 1980;IS 404 (Part 1): 1993,generated_from_metadata,
fcq_is_3461_1980_03,PVC tile for flooring,IS 3461: 1980,PVC ASBESTOS FLOOR TILES,tile,PVC product for flooring,material_application,specific,canonical_product;material;application,IS 3462: 1986;IS 1478: 1992;IS 1237: 1980;IS 404 (Part 1): 1993,generated_from_metadata,
fcq_is_3461_1980_04,Supply tile meeting Indian Standard requirements for flooring; PVC,IS 3461: 1980,PVC ASBESTOS FLOOR TILES,tile,flooring; PVC,tender_sentence,specific,canonical_product;application;material,IS 3462: 1986;IS 1478: 1992;IS 1237: 1980;IS 404 (Part 1): 1993,generated_from_metadata,
fcq_is_3461_1980_05,Need the Indian Standard covering PVC ASBESTOS FLOOR TILES,IS 3461: 1980,PVC ASBESTOS FLOOR TILES,tile,PVC ASBESTOS FLOOR TILES,natural_language,specific,title,IS 3462: 1986;IS 1478: 1992;IS 1237: 1980;IS 404 (Part 1): 1993,generated_from_metadata,
fcq_is_3466_1988_01,MASONRY CEMENT standard,IS 3466: 1988,MASONRY CEMENT,cement,MASONRY CEMENT,product_only,specific,primary_subject,IS 1237: 1980;IS 12592: 2002;IS 7319: 1974;IS 3037: 1986,generated_from_metadata,
fcq_is_3466_1988_02,cement required to flooring,IS 3466: 1988,MASONRY CEMENT,cement,required to flooring,product_function,specific,canonical_product;function,IS 1237: 1980;IS 12592: 2002;IS 7319: 1974;IS 3037: 1986,generated_from_metadata,
fcq_is_3466_1988_03,cement for flooring,IS 3466: 1988,MASONRY CEMENT,cement,for flooring,product_application,specific,canonical_product;application,IS 1237: 1980;IS 12592: 2002;IS 7319: 1974;IS 3037: 1986,generated_from_metadata,
fcq_is_3466_1988_04,concrete cement for flooring,IS 3466: 1988,MASONRY CEMENT,cement,concrete product for flooring,material_application,specific,canonical_product;material;application,IS 1237: 1980;IS 12592: 2002;IS 7319: 1974;IS 3037: 1986,generated_from_metadata,
fcq_is_3466_1988_05,Supply cement meeting Indian Standard requirements for flooring; flooring; concrete,IS 3466: 1988,MASONRY CEMENT,cement,flooring; flooring; concrete,tender_sentence,specific,canonical_product;application;function;material,IS 1237: 1980;IS 12592: 2002;IS 7319: 1974;IS 3037: 1986,generated_from_metadata,
fcq_is_3466_1988_06,Need the Indian Standard covering MASONRY CEMENT,IS 3466: 1988,MASONRY CEMENT,cement,MASONRY CEMENT,natural_language,specific,title,IS 1237: 1980;IS 12592: 2002;IS 7319: 1974;IS 3037: 1986,generated_from_metadata,
fcq_is_3466_1988_07,"cement, flooring",IS 3466: 1988,MASONRY CEMENT,cement,flooring,boq_short,general_but_sufficient,canonical_product;application,IS 1237: 1980;IS 12592: 2002;IS 7319: 1974;IS 3037: 1986,generated_from_metadata,
fcq_is_3466_1988_08,lime pozzolana mixture for flooring,IS 3466: 1988,MASONRY CEMENT,lime pozzolana mixture,flooring,alias,general_but_sufficient,product_aliases;application,IS 1237: 1980;IS 12592: 2002;IS 7319: 1974;IS 3037: 1986,generated_from_metadata,
fcq_is_3466_1988_09,lime-pozzolana concrete for flooring,IS 3466: 1988,MASONRY CEMENT,lime-pozzolana concrete,flooring,alias,general_but_sufficient,product_aliases;application,IS 1237: 1980;IS 12592: 2002;IS 7319: 1974;IS 3037: 1986,generated_from_metadata,
fcq_is_3466_1988_10,masonry cement for flooring,IS 3466: 1988,MASONRY CEMENT,masonry cement,flooring,alias,general_but_sufficient,product_aliases;application,IS 1237: 1980;IS 12592: 2002;IS 7319: 1974;IS 3037: 1986,generated_from_metadata,
fcq_is_3564_1995_01,HYDRAULICALLY REGULATED DOOR CLOSER standard,IS 3564: 1995,HYDRAULICALLY REGULATED DOOR CLOSER,door,HYDRAULICALLY REGULATED DOOR CLOSER,product_only,specific,primary_subject,IS 14912: 2001;IS 7197: 1974;IS 15491: 2004;IS 3087: 1985,generated_from_metadata,
fcq_is_3564_1995_02,Need the Indian Standard covering HYDRAULICALLY REGULATED DOOR CLOSER,IS 3564: 1995,HYDRAULICALLY REGULATED DOOR CLOSER,door,HYDRAULICALLY REGULATED DOOR CLOSER,natural_language,specific,title,IS 14912: 2001;IS 7197: 1974;IS 15491: 2004;IS 3087: 1985,generated_from_metadata,
fcq_is_3583_1988_01,BURNT CLAY PAVING BRICKS standard,IS 3583: 1988,BURNT CLAY PAVING BRICKS,brick,BURNT CLAY PAVING BRICKS,product_only,specific,primary_subject,IS 2222: 1991;IS 5779: 1986;IS 10360: 1982;IS 5437: 1994,generated_from_metadata,
fcq_is_3583_1988_02,Need the Indian Standard covering BURNT CLAY PAVING BRICKS,IS 3583: 1988,BURNT CLAY PAVING BRICKS,brick,BURNT CLAY PAVING BRICKS,natural_language,specific,title,IS 2222: 1991;IS 5779: 1986;IS 10360: 1982;IS 5437: 1994,generated_from_metadata,
fcq_is_3589_2001_01,"SEAMLESS OR ELECTRICALLY WELDED STEEL PIPES FOR WATER, GAS AND SEWAGE standard",IS 3589: 2001,"SEAMLESS OR ELECTRICALLY WELDED STEEL PIPES FOR WATER, GAS AND SEWAGE",pipe,"SEAMLESS OR ELECTRICALLY WELDED STEEL PIPES FOR WATER, GAS AND SEWAGE",product_only,specific,primary_subject,IS 4270: 2001;IS 5531: 1988;IS 14402: 1996;IS 12709: 1994,generated_from_metadata,
fcq_is_3589_2001_02,steel pipe for sewerage,IS 3589: 2001,"SEAMLESS OR ELECTRICALLY WELDED STEEL PIPES FOR WATER, GAS AND SEWAGE",pipe,steel product for sewerage,material_application,specific,canonical_product;material;application,IS 4270: 2001;IS 5531: 1988;IS 14402: 1996;IS 12709: 1994,generated_from_metadata,
fcq_is_3589_2001_03,Supply pipe meeting Indian Standard requirements for sewerage; carry sewage; steel,IS 3589: 2001,"SEAMLESS OR ELECTRICALLY WELDED STEEL PIPES FOR WATER, GAS AND SEWAGE",pipe,sewerage; carry sewage; steel,tender_sentence,specific,canonical_product;application;function;material,IS 4270: 2001;IS 5531: 1988;IS 14402: 1996;IS 12709: 1994,generated_from_metadata,
fcq_is_3589_2001_04,"Need the Indian Standard covering SEAMLESS OR ELECTRICALLY WELDED STEEL PIPES FOR WATER, GAS AND SEWAGE",IS 3589: 2001,"SEAMLESS OR ELECTRICALLY WELDED STEEL PIPES FOR WATER, GAS AND SEWAGE",pipe,"SEAMLESS OR ELECTRICALLY WELDED STEEL PIPES FOR WATER, GAS AND SEWAGE",natural_language,specific,title,IS 4270: 2001;IS 5531: 1988;IS 14402: 1996;IS 12709: 1994,generated_from_metadata,
fcq_is_3622_1977_01,SANDSTONE (SLABS AND TILES) standard,IS 3622: 1977,SANDSTONE (SLABS AND TILES),tile,SANDSTONE (SLABS AND TILES),product_only,specific,primary_subject,IS 1128: 1974;IS 1478: 1992;IS 1130: 1969;IS 5779: 1986,generated_from_metadata,
fcq_is_3622_1977_02,tile required to roofing,IS 3622: 1977,SANDSTONE (SLABS AND TILES),tile,required to roofing,product_function,specific,canonical_product;function,IS 1128: 1974;IS 1478: 1992;IS 1130: 1969;IS 5779: 1986,generated_from_metadata,
fcq_is_3622_1977_03,tile for roofing,IS 3622: 1977,SANDSTONE (SLABS AND TILES),tile,for roofing,product_application,specific,canonical_product;application,IS 1128: 1974;IS 1478: 1992;IS 1130: 1969;IS 5779: 1986,generated_from_metadata,
fcq_is_3622_1977_04,Supply tile meeting Indian Standard requirements for roofing; roofing,IS 3622: 1977,SANDSTONE (SLABS AND TILES),tile,roofing; roofing,tender_sentence,specific,canonical_product;application;function,IS 1128: 1974;IS 1478: 1992;IS 1130: 1969;IS 5779: 1986,generated_from_metadata,
fcq_is_3622_1977_05,Need the Indian Standard covering SANDSTONE (SLABS AND TILES),IS 3622: 1977,SANDSTONE (SLABS AND TILES),tile,SANDSTONE (SLABS AND TILES),natural_language,specific,title,IS 1128: 1974;IS 1478: 1992;IS 1130: 1969;IS 5779: 1986,generated_from_metadata,
fcq_is_3622_1977_06,"tile, roofing",IS 3622: 1977,SANDSTONE (SLABS AND TILES),tile,roofing,boq_short,general_but_sufficient,canonical_product;application,IS 1128: 1974;IS 1478: 1992;IS 1130: 1969;IS 5779: 1986,generated_from_metadata,
fcq_is_3622_1977_07,clay roofing country tile for roofing,IS 3622: 1977,SANDSTONE (SLABS AND TILES),clay roofing country tile,roofing,alias,general_but_sufficient,product_aliases;application,IS 1128: 1974;IS 1478: 1992;IS 1130: 1969;IS 5779: 1986,generated_from_metadata,
fcq_is_3622_1977_08,flooring tile for roofing,IS 3622: 1977,SANDSTONE (SLABS AND TILES),flooring tile,roofing,alias,general_but_sufficient,product_aliases;application,IS 1128: 1974;IS 1478: 1992;IS 1130: 1969;IS 5779: 1986,generated_from_metadata,
fcq_is_3622_1977_09,hollow clay tile for roofing,IS 3622: 1977,SANDSTONE (SLABS AND TILES),hollow clay tile,roofing,alias,general_but_sufficient,product_aliases;application,IS 1128: 1974;IS 1478: 1992;IS 1130: 1969;IS 5779: 1986,generated_from_metadata,
fcq_is_3629_1986_01,STRUCTURAL TIMBER IN BUILDINGS standard,IS 3629: 1986,STRUCTURAL TIMBER IN BUILDINGS,timber,STRUCTURAL TIMBER IN BUILDINGS,product_only,specific,primary_subject,IS 2372: 2004;IS 3731: 1985;IS 12896: 1990;IS 702: 1988,generated_from_metadata,
fcq_is_3629_1986_02,Need the Indian Standard covering STRUCTURAL TIMBER IN BUILDINGS,IS 3629: 1986,STRUCTURAL TIMBER IN BUILDINGS,timber,STRUCTURAL TIMBER IN BUILDINGS,natural_language,specific,title,IS 2372: 2004;IS 3731: 1985;IS 12896: 1990;IS 702: 1988,generated_from_metadata,
fcq_is_362_1991_01,PARLIAMENT HINGES standard,IS 362: 1991,PARLIAMENT HINGES,hinge,PARLIAMENT HINGES,product_only,specific,primary_subject,IS 12817: 1997;IS 1341: 1992;IS 363: 1993;IS 10090: 1982,generated_from_metadata,
fcq_is_362_1991_02,Need the Indian Standard covering PARLIAMENT HINGES,IS 362: 1991,PARLIAMENT HINGES,hinge,PARLIAMENT HINGES,natural_language,specific,title,IS 12817: 1997;IS 1341: 1992;IS 363: 1993;IS 10090: 1982,generated_from_metadata,
fcq_is_3677_1985_01,UNBONDED ROCK AND SLAG WOOL FOR THERMAL INSULATION standard,IS 3677: 1985,UNBONDED ROCK AND SLAG WOOL FOR THERMAL INSULATION,thermal insulation,UNBONDED ROCK AND SLAG WOOL FOR THERMAL INSULATION,product_only,specific,primary_subject,IS 8183: 1993;IS 9742: 1993;IS 9537 (Part 4): 1983;IS 3438: 1994,generated_from_metadata,
fcq_is_3677_1985_02,aluminium thermal insulation,IS 3677: 1985,UNBONDED ROCK AND SLAG WOOL FOR THERMAL INSULATION,thermal insulation,aluminium construction or composition,product_material,specific,canonical_product;material,IS 8183: 1993;IS 9742: 1993;IS 9537 (Part 4): 1983;IS 3438: 1994,generated_from_metadata,
fcq_is_3677_1985_03,aluminium thermal insulation for thermal insulation,IS 3677: 1985,UNBONDED ROCK AND SLAG WOOL FOR THERMAL INSULATION,thermal insulation,aluminium product for thermal insulation,material_application,specific,canonical_product;material;application,IS 8183: 1993;IS 9742: 1993;IS 9537 (Part 4): 1983;IS 3438: 1994,generated_from_metadata,
fcq_is_3677_1985_04,Supply thermal insulation meeting Indian Standard requirements for thermal insulation; thermal insulation; aluminium,IS 3677: 1985,UNBONDED ROCK AND SLAG WOOL FOR THERMAL INSULATION,thermal insulation,thermal insulation; thermal insulation; aluminium,tender_sentence,specific,canonical_product;application;function;material,IS 8183: 1993;IS 9742: 1993;IS 9537 (Part 4): 1983;IS 3438: 1994,generated_from_metadata,
fcq_is_3677_1985_05,Need the Indian Standard covering UNBONDED ROCK AND SLAG WOOL FOR THERMAL INSULATION,IS 3677: 1985,UNBONDED ROCK AND SLAG WOOL FOR THERMAL INSULATION,thermal insulation,UNBONDED ROCK AND SLAG WOOL FOR THERMAL INSULATION,natural_language,specific,title,IS 8183: 1993;IS 9742: 1993;IS 9537 (Part 4): 1983;IS 3438: 1994,generated_from_metadata,
fcq_is_3709_1966_01,MASTIC CEMENT FOR BEDDING OF METAL WINDOW 1. Scope – Requirements and methods of sampling and test for mastic cement for bedding of metal windows standard,IS 3709: 1966,MASTIC CEMENT FOR BEDDING OF METAL WINDOW 1. Scope – Requirements and methods of sampling and test for mastic cement for bedding of metal windows.,window,MASTIC CEMENT FOR BEDDING OF METAL WINDOW 1. Scope – Requirements and methods of sampling and test for mastic cement for bedding of metal windows,product_only,specific,primary_subject,IS 7196: 1974;IS 6523: 1983;IS 6598: 1972;IS 14182: 1994,generated_from_metadata,
fcq_is_3709_1966_02,window for thermal insulation,IS 3709: 1966,MASTIC CEMENT FOR BEDDING OF METAL WINDOW 1. Scope – Requirements and methods of sampling and test for mastic cement for bedding of metal windows.,window,for thermal insulation,product_application,specific,canonical_product;application,IS 7196: 1974;IS 6523: 1983;IS 6598: 1972;IS 14182: 1994,generated_from_metadata,
fcq_is_3709_1966_03,steel window for thermal insulation,IS 3709: 1966,MASTIC CEMENT FOR BEDDING OF METAL WINDOW 1. Scope – Requirements and methods of sampling and test for mastic cement for bedding of metal windows.,window,steel product for thermal insulation,material_application,specific,canonical_product;material;application,IS 7196: 1974;IS 6523: 1983;IS 6598: 1972;IS 14182: 1994,generated_from_metadata,
fcq_is_3709_1966_04,Supply window meeting Indian Standard requirements for thermal insulation; steel,IS 3709: 1966,MASTIC CEMENT FOR BEDDING OF METAL WINDOW 1. Scope – Requirements and methods of sampling and test for mastic cement for bedding of metal windows.,window,thermal insulation; steel,tender_sentence,specific,canonical_product;application;material,IS 7196: 1974;IS 6523: 1983;IS 6598: 1972;IS 14182: 1994,generated_from_metadata,
fcq_is_3709_1966_05,Need the Indian Standard covering MASTIC CEMENT FOR BEDDING OF METAL WINDOW 1. Scope – Requirements and methods of sampling and test for mastic cement for bedding of metal windows.,IS 3709: 1966,MASTIC CEMENT FOR BEDDING OF METAL WINDOW 1. Scope – Requirements and methods of sampling and test for mastic cement for bedding of metal windows.,window,MASTIC CEMENT FOR BEDDING OF METAL WINDOW 1. Scope – Requirements and methods of sampling and test for mastic cement for bedding of metal windows.,natural_language,specific,title,IS 7196: 1974;IS 6523: 1983;IS 6598: 1972;IS 14182: 1994,generated_from_metadata,
fcq_is_3709_1966_06,"window, thermal insulation",IS 3709: 1966,MASTIC CEMENT FOR BEDDING OF METAL WINDOW 1. Scope – Requirements and methods of sampling and test for mastic cement for bedding of metal windows.,window,thermal insulation,boq_short,general_but_sufficient,canonical_product;application,IS 7196: 1974;IS 6523: 1983;IS 6598: 1972;IS 14182: 1994,generated_from_metadata,
fcq_is_3709_1966_07,ventilator for thermal insulation,IS 3709: 1966,MASTIC CEMENT FOR BEDDING OF METAL WINDOW 1. Scope – Requirements and methods of sampling and test for mastic cement for bedding of metal windows.,ventilator,thermal insulation,alias,general_but_sufficient,product_aliases;application,IS 7196: 1974;IS 6523: 1983;IS 6598: 1972;IS 14182: 1994,generated_from_metadata,
fcq_is_3709_1966_08,ventilators for thermal insulation,IS 3709: 1966,MASTIC CEMENT FOR BEDDING OF METAL WINDOW 1. Scope – Requirements and methods of sampling and test for mastic cement for bedding of metal windows.,ventilators,thermal insulation,alias,general_but_sufficient,product_aliases;application,IS 7196: 1974;IS 6523: 1983;IS 6598: 1972;IS 14182: 1994,generated_from_metadata,
fcq_is_3709_1966_09,windows for thermal insulation,IS 3709: 1966,MASTIC CEMENT FOR BEDDING OF METAL WINDOW 1. Scope – Requirements and methods of sampling and test for mastic cement for bedding of metal windows.,windows,thermal insulation,alias,general_but_sufficient,product_aliases;application,IS 7196: 1974;IS 6523: 1983;IS 6598: 1972;IS 14182: 1994,generated_from_metadata,
fcq_is_3757_1985_01,HIGH STRENGTH STRUCTURAL BOLTS standard,IS 3757: 1985,HIGH STRENGTH STRUCTURAL BOLTS,bolt,HIGH STRENGTH STRUCTURAL BOLTS,product_only,specific,primary_subject,IS 6623: 2004;IS 6649: 1985;IS 1361: 1978;IS 10388: 1982,generated_from_metadata,
fcq_is_3757_1985_02,Need the Indian Standard covering HIGH STRENGTH STRUCTURAL BOLTS,IS 3757: 1985,HIGH STRENGTH STRUCTURAL BOLTS,bolt,HIGH STRENGTH STRUCTURAL BOLTS,natural_language,specific,title,IS 6623: 2004;IS 6649: 1985;IS 1361: 1978;IS 10388: 1982,generated_from_metadata,
fcq_is_3818_1992_01,CONTINUOUS (PIANO) HINGES standard,IS 3818: 1992,CONTINUOUS (PIANO) HINGES,hinge,CONTINUOUS (PIANO) HINGES,product_only,specific,primary_subject,IS 205: 1992;IS 1341: 1992;IS 2209: 1976;IS 5455: 1969,generated_from_metadata,
fcq_is_3818_1992_02,Need the Indian Standard covering CONTINUOUS (PIANO) HINGES,IS 3818: 1992,CONTINUOUS (PIANO) HINGES,hinge,CONTINUOUS (PIANO) HINGES,natural_language,specific,title,IS 205: 1992;IS 1341: 1992;IS 2209: 1976;IS 5455: 1969,generated_from_metadata,
fcq_is_3828_1966_01,VENTILATOR CHAINS standard,IS 3828: 1966,VENTILATOR CHAINS,window,VENTILATOR CHAINS,product_only,specific,primary_subject,IS 8760: 1978;IS 4351: 2003;IS 3847: 1992;IS 712: 1984,generated_from_metadata,
fcq_is_3828_1966_02,Need the Indian Standard covering VENTILATOR CHAINS,IS 3828: 1966,VENTILATOR CHAINS,window,VENTILATOR CHAINS,natural_language,specific,title,IS 8760: 1978;IS 4351: 2003;IS 3847: 1992;IS 712: 1984,generated_from_metadata,
fcq_is_383_1970_01,COARSE AND FINE AGGREGATES FROM NATURAL SOURCES FOR CONCRETE standard,IS 383: 1970,COARSE AND FINE AGGREGATES FROM NATURAL SOURCES FOR CONCRETE,aggregate,COARSE AND FINE AGGREGATES FROM NATURAL SOURCES FOR CONCRETE,product_only,specific,primary_subject,IS 2686: 1977;IS 6579: 1981;IS 3466: 1988;IS 3068: 1986,generated_from_metadata,
fcq_is_383_1970_02,Need the Indian Standard covering COARSE AND FINE AGGREGATES FROM NATURAL SOURCES FOR CONCRETE,IS 383: 1970,COARSE AND FINE AGGREGATES FROM NATURAL SOURCES FOR CONCRETE,aggregate,COARSE AND FINE AGGREGATES FROM NATURAL SOURCES FOR CONCRETE,natural_language,specific,title,IS 2686: 1977;IS 6579: 1981;IS 3466: 1988;IS 3068: 1986,generated_from_metadata,
fcq_is_3843_1995_01,STEEL BACK FLAP HINGES standard,IS 3843: 1995,STEEL BACK FLAP HINGES,hinge,STEEL BACK FLAP HINGES,product_only,specific,primary_subject,IS 12817: 1997;IS 1341: 1992;IS 363: 1993;IS 10090: 1982,generated_from_metadata,
fcq_is_3843_1995_02,Need the Indian Standard covering STEEL BACK FLAP HINGES,IS 3843: 1995,STEEL BACK FLAP HINGES,hinge,STEEL BACK FLAP HINGES,natural_language,specific,title,IS 12817: 1997;IS 1341: 1992;IS 363: 1993;IS 10090: 1982,generated_from_metadata,
fcq_is_3847_1992_01,MORTICE NIGHT LATCHES standard,IS 3847: 1992,MORTICE NIGHT LATCHES,latch,MORTICE NIGHT LATCHES,product_only,specific,primary_subject,IS 1019: 1974;IS 5930: 1970;IS 3828: 1966;IS 4098: 1983,generated_from_metadata,
fcq_is_3847_1992_02,Need the Indian Standard covering MORTICE NIGHT LATCHES,IS 3847: 1992,MORTICE NIGHT LATCHES,latch,MORTICE NIGHT LATCHES,natural_language,specific,title,IS 1019: 1974;IS 5930: 1970;IS 3828: 1966;IS 4098: 1983,generated_from_metadata,
fcq_is_3921_1985_01,ALUMINIUM CHANNELS standard,IS 3921: 1985,ALUMINIUM CHANNELS,channel,ALUMINIUM CHANNELS,product_only,specific,primary_subject,IS 3954: 1991;IS 808: 1989;IS 3908: 1986;IS 6579: 1981,generated_from_metadata,
fcq_is_3921_1985_02,aluminium channel,IS 3921: 1985,ALUMINIUM CHANNELS,channel,aluminium construction or composition,product_material,specific,canonical_product;material,IS 3954: 1991;IS 808: 1989;IS 3908: 1986;IS 6579: 1981,generated_from_metadata,
fcq_is_3921_1985_03,Supply channel meeting Indian Standard requirements for aluminium,IS 3921: 1985,ALUMINIUM CHANNELS,channel,aluminium,tender_sentence,specific,canonical_product;material,IS 3954: 1991;IS 808: 1989;IS 3908: 1986;IS 6579: 1981,generated_from_metadata,
fcq_is_3921_1985_04,Need the Indian Standard covering ALUMINIUM CHANNELS,IS 3921: 1985,ALUMINIUM CHANNELS,channel,ALUMINIUM CHANNELS,natural_language,specific,title,IS 3954: 1991;IS 808: 1989;IS 3908: 1986;IS 6579: 1981,generated_from_metadata,
fcq_is_3921_1985_05,channels for aluminium,IS 3921: 1985,ALUMINIUM CHANNELS,channels,aluminium,alias,general_but_sufficient,product_aliases;material,IS 3954: 1991;IS 808: 1989;IS 3908: 1986;IS 6579: 1981,generated_from_metadata,
fcq_is_3921_1985_06,l-panel for aluminium,IS 3921: 1985,ALUMINIUM CHANNELS,l-panel,aluminium,alias,general_but_sufficient,product_aliases;material,IS 3954: 1991;IS 808: 1989;IS 3908: 1986;IS 6579: 1981,generated_from_metadata,
fcq_is_3951_part_2_1975_01,HOLLOW CLAY TILES FOR FLOORS AND ROOFS PART 2 STRUCTURAL TYPE standard,IS 3951 (Part 2): 1975,HOLLOW CLAY TILES FOR FLOORS AND ROOFS PART 2 STRUCTURAL TYPE,tile,HOLLOW CLAY TILES FOR FLOORS AND ROOFS PART 2 STRUCTURAL TYPE,product_only,specific,primary_subject,IS 3951 (Part 1): 1975;IS 1478: 1992;IS 10360: 1982;IS 2548 (Part 2): 1996,generated_from_metadata,
fcq_is_3951_part_2_1975_02,clay tile for roofing,IS 3951 (Part 2): 1975,HOLLOW CLAY TILES FOR FLOORS AND ROOFS PART 2 STRUCTURAL TYPE,tile,clay product for roofing,material_application,specific,canonical_product;material;application,IS 3951 (Part 1): 1975;IS 1478: 1992;IS 10360: 1982;IS 2548 (Part 2): 1996,generated_from_metadata,
fcq_is_3951_part_2_1975_03,Supply tile meeting Indian Standard requirements for roofing; clay,IS 3951 (Part 2): 1975,HOLLOW CLAY TILES FOR FLOORS AND ROOFS PART 2 STRUCTURAL TYPE,tile,roofing; clay,tender_sentence,specific,canonical_product;application;material,IS 3951 (Part 1): 1975;IS 1478: 1992;IS 10360: 1982;IS 2548 (Part 2): 1996,generated_from_metadata,
fcq_is_3951_part_2_1975_04,Need the Indian Standard covering HOLLOW CLAY TILES FOR FLOORS AND ROOFS PART 2 STRUCTURAL TYPE,IS 3951 (Part 2): 1975,HOLLOW CLAY TILES FOR FLOORS AND ROOFS PART 2 STRUCTURAL TYPE,tile,HOLLOW CLAY TILES FOR FLOORS AND ROOFS PART 2 STRUCTURAL TYPE,natural_language,specific,title,IS 3951 (Part 1): 1975;IS 1478: 1992;IS 10360: 1982;IS 2548 (Part 2): 1996,generated_from_metadata,
fcq_is_3952_1988_01,BURNT CLAY HOLLOW BRICKS FOR WALLS AND PARTITIONS standard,IS 3952: 1988,BURNT CLAY HOLLOW BRICKS FOR WALLS AND PARTITIONS,brick,BURNT CLAY HOLLOW BRICKS FOR WALLS AND PARTITIONS,product_only,specific,primary_subject,IS 2222: 1991;IS 3583: 1988;IS 3951 (Part 1): 1975;IS 1478: 1992,generated_from_metadata,
fcq_is_3952_1988_02,Need the Indian Standard covering BURNT CLAY HOLLOW BRICKS FOR WALLS AND PARTITIONS,IS 3952: 1988,BURNT CLAY HOLLOW BRICKS FOR WALLS AND PARTITIONS,brick,BURNT CLAY HOLLOW BRICKS FOR WALLS AND PARTITIONS,natural_language,specific,title,IS 2222: 1991;IS 3583: 1988;IS 3951 (Part 1): 1975;IS 1478: 1992,generated_from_metadata,
fcq_is_3954_1991_01,HOT ROLLED CHANNEL SECTIONS FOR GENERAL ENGINEERING PURPOSES – DIMENSIONS standard,IS 3954: 1991,HOT ROLLED CHANNEL SECTIONS FOR GENERAL ENGINEERING PURPOSES – DIMENSIONS,channel,HOT ROLLED CHANNEL SECTIONS FOR GENERAL ENGINEERING PURPOSES – DIMENSIONS,product_only,specific,primary_subject,IS 808: 1989;IS 3921: 1985;IS 1730: 1989;IS 12778: 2004,generated_from_metadata,
fcq_is_3954_1991_02,Need the Indian Standard covering HOT ROLLED CHANNEL SECTIONS FOR GENERAL ENGINEERING PURPOSES – DIMENSIONS,IS 3954: 1991,HOT ROLLED CHANNEL SECTIONS FOR GENERAL ENGINEERING PURPOSES – DIMENSIONS,channel,HOT ROLLED CHANNEL SECTIONS FOR GENERAL ENGINEERING PURPOSES – DIMENSIONS,natural_language,specific,title,IS 808: 1989;IS 3921: 1985;IS 1730: 1989;IS 12778: 2004,generated_from_metadata,
fcq_is_3989_1984_01,pipe fitting for flooring,IS 3989: 1984,CENTRIFUGALLY CAST (SPUN) IRON SPIGOT AND SOCKET SOIL WASTE AND VENTILATING PIPES FITTINGS AND ACCESSORIES,pipe fitting,for flooring,product_application,specific,canonical_product;application,IS 2002: 1979;IS 1230: 1979;IS 1726: 1991;IS 3384: 1986,generated_from_metadata,
fcq_is_3989_1984_02,cast iron pipe fitting for flooring,IS 3989: 1984,CENTRIFUGALLY CAST (SPUN) IRON SPIGOT AND SOCKET SOIL WASTE AND VENTILATING PIPES FITTINGS AND ACCESSORIES,pipe fitting,cast iron product for flooring,material_application,specific,canonical_product;material;application,IS 2002: 1979;IS 1230: 1979;IS 1726: 1991;IS 3384: 1986,generated_from_metadata,
fcq_is_3989_1984_03,socket for flooring,IS 3989: 1984,CENTRIFUGALLY CAST (SPUN) IRON SPIGOT AND SOCKET SOIL WASTE AND VENTILATING PIPES FITTINGS AND ACCESSORIES,pipe fitting,socket used for flooring,subtype_application,specific,product_subtype;application,IS 2002: 1979;IS 1230: 1979;IS 1726: 1991;IS 3384: 1986,generated_from_metadata,
fcq_is_3989_1984_04,Supply pipe fitting meeting Indian Standard requirements for flooring; cast iron,IS 3989: 1984,CENTRIFUGALLY CAST (SPUN) IRON SPIGOT AND SOCKET SOIL WASTE AND VENTILATING PIPES FITTINGS AND ACCESSORIES,pipe fitting,flooring; cast iron,tender_sentence,specific,canonical_product;application;material,IS 2002: 1979;IS 1230: 1979;IS 1726: 1991;IS 3384: 1986,generated_from_metadata,
fcq_is_3989_1984_05,Need the Indian Standard covering CENTRIFUGALLY CAST (SPUN) IRON SPIGOT AND SOCKET SOIL WASTE AND VENTILATING PIPES FITTINGS AND ACCESSORIES,IS 3989: 1984,CENTRIFUGALLY CAST (SPUN) IRON SPIGOT AND SOCKET SOIL WASTE AND VENTILATING PIPES FITTINGS AND ACCESSORIES,pipe fitting,CENTRIFUGALLY CAST (SPUN) IRON SPIGOT AND SOCKET SOIL WASTE AND VENTILATING PIPES FITTINGS AND ACCESSORIES,natural_language,specific,title,IS 2002: 1979;IS 1230: 1979;IS 1726: 1991;IS 3384: 1986,generated_from_metadata,
fcq_is_3989_1984_06,"pipe fitting, flooring",IS 3989: 1984,CENTRIFUGALLY CAST (SPUN) IRON SPIGOT AND SOCKET SOIL WASTE AND VENTILATING PIPES FITTINGS AND ACCESSORIES,pipe fitting,flooring,boq_short,general_but_sufficient,canonical_product;application,IS 2002: 1979;IS 1230: 1979;IS 1726: 1991;IS 3384: 1986,generated_from_metadata,
fcq_is_3989_1984_07,bend for flooring,IS 3989: 1984,CENTRIFUGALLY CAST (SPUN) IRON SPIGOT AND SOCKET SOIL WASTE AND VENTILATING PIPES FITTINGS AND ACCESSORIES,bend,flooring,alias,general_but_sufficient,product_aliases;application,IS 2002: 1979;IS 1230: 1979;IS 1726: 1991;IS 3384: 1986,generated_from_metadata,
fcq_is_3989_1984_08,bends for flooring,IS 3989: 1984,CENTRIFUGALLY CAST (SPUN) IRON SPIGOT AND SOCKET SOIL WASTE AND VENTILATING PIPES FITTINGS AND ACCESSORIES,bends,flooring,alias,general_but_sufficient,product_aliases;application,IS 2002: 1979;IS 1230: 1979;IS 1726: 1991;IS 3384: 1986,generated_from_metadata,
fcq_is_3989_1984_09,coupler for flooring,IS 3989: 1984,CENTRIFUGALLY CAST (SPUN) IRON SPIGOT AND SOCKET SOIL WASTE AND VENTILATING PIPES FITTINGS AND ACCESSORIES,coupler,flooring,alias,general_but_sufficient,product_aliases;application,IS 2002: 1979;IS 1230: 1979;IS 1726: 1991;IS 3384: 1986,generated_from_metadata,
fcq_is_399_1963_01,CLASSIFICATION OF COMMERCIAL TIMBERS AND THEIR ZONAL DISTRIBUTION standard,IS 399: 1963,CLASSIFICATION OF COMMERCIAL TIMBERS AND THEIR ZONAL DISTRIBUTION,timber,CLASSIFICATION OF COMMERCIAL TIMBERS AND THEIR ZONAL DISTRIBUTION,product_only,specific,primary_subject,IS 3629: 1986;IS 190: 1991;IS 9893: 1981;IS 3921: 1985,generated_from_metadata,
fcq_is_399_1963_02,Need the Indian Standard covering CLASSIFICATION OF COMMERCIAL TIMBERS AND THEIR ZONAL DISTRIBUTION,IS 399: 1963,CLASSIFICATION OF COMMERCIAL TIMBERS AND THEIR ZONAL DISTRIBUTION,timber,CLASSIFICATION OF COMMERCIAL TIMBERS AND THEIR ZONAL DISTRIBUTION,natural_language,specific,title,IS 3629: 1986;IS 190: 1991;IS 9893: 1981;IS 3921: 1985,generated_from_metadata,
fcq_is_4021_1995_01,"TIMBER DOOR, WINDOW AND VENTILATOR FRAMES standard",IS 4021: 1995,"TIMBER DOOR, WINDOW AND VENTILATOR FRAMES",window,"TIMBER DOOR, WINDOW AND VENTILATOR FRAMES",product_only,specific,primary_subject,IS 1003 (Part 1): 2003;IS 1003 (Part 2): 1994;IS 4948: 2002;IS 14856: 2000,generated_from_metadata,
fcq_is_4021_1995_02,"Need the Indian Standard covering TIMBER DOOR, WINDOW AND VENTILATOR FRAMES",IS 4021: 1995,"TIMBER DOOR, WINDOW AND VENTILATOR FRAMES",window,"TIMBER DOOR, WINDOW AND VENTILATOR FRAMES",natural_language,specific,title,IS 1003 (Part 1): 2003;IS 1003 (Part 2): 1994;IS 4948: 2002;IS 14856: 2000,generated_from_metadata,
fcq_is_404_part_1_1993_01,LEAD PIPES – FOR OTHER THAN CHEMICAL PURPOSES standard,IS 404 (Part 1): 1993,LEAD PIPES – FOR OTHER THAN CHEMICAL PURPOSES,pipe,LEAD PIPES – FOR OTHER THAN CHEMICAL PURPOSES,product_only,specific,primary_subject,IS 4985: 2000;IS 3076: 1985;IS 782: 1978;IS 702: 1988,generated_from_metadata,
fcq_is_404_part_1_1993_02,Need the Indian Standard covering LEAD PIPES – FOR OTHER THAN CHEMICAL PURPOSES,IS 404 (Part 1): 1993,LEAD PIPES – FOR OTHER THAN CHEMICAL PURPOSES,pipe,LEAD PIPES – FOR OTHER THAN CHEMICAL PURPOSES,natural_language,specific,title,IS 4985: 2000;IS 3076: 1985;IS 782: 1978;IS 702: 1988,generated_from_metadata,
fcq_is_407_1981_01,BRASS TUBES FORGENERAL PURPOSES standard,IS 407: 1981,BRASS TUBES FORGENERAL PURPOSES,pipe,BRASS TUBES FORGENERAL PURPOSES,product_only,specific,primary_subject,IS 2501: 1995;IS 2678: 1987;IS 2525: 1982;IS 738: 1994,generated_from_metadata,
fcq_is_407_1981_02,Need the Indian Standard covering BRASS TUBES FORGENERAL PURPOSES,IS 407: 1981,BRASS TUBES FORGENERAL PURPOSES,pipe,BRASS TUBES FORGENERAL PURPOSES,natural_language,specific,title,IS 2501: 1995;IS 2678: 1987;IS 2525: 1982;IS 738: 1994,generated_from_metadata,
fcq_is_407_1981_03,casing pipe for BRASS TUBES FORGENERAL PURPOSES,IS 407: 1981,BRASS TUBES FORGENERAL PURPOSES,casing pipe,BRASS TUBES FORGENERAL PURPOSES,alias,general_but_sufficient,product_aliases;primary_subject,IS 2501: 1995;IS 2678: 1987;IS 2525: 1982;IS 738: 1994,generated_from_metadata,
fcq_is_407_1981_04,grp pipe for BRASS TUBES FORGENERAL PURPOSES,IS 407: 1981,BRASS TUBES FORGENERAL PURPOSES,grp pipe,BRASS TUBES FORGENERAL PURPOSES,alias,general_but_sufficient,product_aliases;primary_subject,IS 2501: 1995;IS 2678: 1987;IS 2525: 1982;IS 738: 1994,generated_from_metadata,
fcq_is_407_1981_05,hdpe pipe for BRASS TUBES FORGENERAL PURPOSES,IS 407: 1981,BRASS TUBES FORGENERAL PURPOSES,hdpe pipe,BRASS TUBES FORGENERAL PURPOSES,alias,general_but_sufficient,product_aliases;primary_subject,IS 2501: 1995;IS 2678: 1987;IS 2525: 1982;IS 738: 1994,generated_from_metadata,
fcq_is_4098_1983_01,LIME POZZOLANA MIXTURE standard,IS 4098: 1983,LIME POZZOLANA MIXTURE,cement,LIME POZZOLANA MIXTURE,product_only,specific,primary_subject,IS 10360: 1982;IS 8887: 2004;IS 10772: 1983;IS 2686: 1977,generated_from_metadata,
fcq_is_4098_1983_02,HDPE cement,IS 4098: 1983,LIME POZZOLANA MIXTURE,cement,HDPE construction or composition,product_material,specific,canonical_product;material,IS 10360: 1982;IS 8887: 2004;IS 10772: 1983;IS 2686: 1977,generated_from_metadata,
fcq_is_4098_1983_03,Supply cement meeting Indian Standard requirements for HDPE,IS 4098: 1983,LIME POZZOLANA MIXTURE,cement,HDPE,tender_sentence,specific,canonical_product;material,IS 10360: 1982;IS 8887: 2004;IS 10772: 1983;IS 2686: 1977,generated_from_metadata,
fcq_is_4098_1983_04,Need the Indian Standard covering LIME POZZOLANA MIXTURE,IS 4098: 1983,LIME POZZOLANA MIXTURE,cement,LIME POZZOLANA MIXTURE,natural_language,specific,title,IS 10360: 1982;IS 8887: 2004;IS 10772: 1983;IS 2686: 1977,generated_from_metadata,
fcq_is_4098_1983_05,lime pozzolana mixture for HDPE,IS 4098: 1983,LIME POZZOLANA MIXTURE,lime pozzolana mixture,HDPE,alias,general_but_sufficient,product_aliases;material,IS 10360: 1982;IS 8887: 2004;IS 10772: 1983;IS 2686: 1977,generated_from_metadata,
fcq_is_4098_1983_06,lime-pozzolana concrete for HDPE,IS 4098: 1983,LIME POZZOLANA MIXTURE,lime-pozzolana concrete,HDPE,alias,general_but_sufficient,product_aliases;material,IS 10360: 1982;IS 8887: 2004;IS 10772: 1983;IS 2686: 1977,generated_from_metadata,
fcq_is_4098_1983_07,masonry cement for HDPE,IS 4098: 1983,LIME POZZOLANA MIXTURE,masonry cement,HDPE,alias,general_but_sufficient,product_aliases;material,IS 10360: 1982;IS 8887: 2004;IS 10772: 1983;IS 2686: 1977,generated_from_metadata,
fcq_is_412_1975_01,EXPANDED METAL STEEL SHEETS FOR GENERAL PURPOSES standard,IS 412: 1975,EXPANDED METAL STEEL SHEETS FOR GENERAL PURPOSES,steel sheet,EXPANDED METAL STEEL SHEETS FOR GENERAL PURPOSES,product_only,specific,primary_subject,IS 1079: 1994;IS 277: 2003;IS 2090: 1983;IS 12583: 1988,generated_from_metadata,
fcq_is_412_1975_02,Need the Indian Standard covering EXPANDED METAL STEEL SHEETS FOR GENERAL PURPOSES,IS 412: 1975,EXPANDED METAL STEEL SHEETS FOR GENERAL PURPOSES,steel sheet,EXPANDED METAL STEEL SHEETS FOR GENERAL PURPOSES,natural_language,specific,title,IS 1079: 1994;IS 277: 2003;IS 2090: 1983;IS 12583: 1988,generated_from_metadata,
fcq_is_4139_1989_01,CALCIUM SILICATE BRICKS standard,IS 4139: 1989,CALCIUM SILICATE BRICKS,brick,CALCIUM SILICATE BRICKS,product_only,specific,primary_subject,IS 2180: 1988;IS 1077: 1992;IS 10360: 1982;IS 1478: 1992,generated_from_metadata,
fcq_is_4139_1989_02,Need the Indian Standard covering CALCIUM SILICATE BRICKS,IS 4139: 1989,CALCIUM SILICATE BRICKS,brick,CALCIUM SILICATE BRICKS,natural_language,specific,title,IS 2180: 1988;IS 1077: 1992;IS 10360: 1982;IS 1478: 1992,generated_from_metadata,
fcq_is_4160_1967_01,INTERLOCKING SWITCH SOCKET OUTLET standard,IS 4160: 1967,INTERLOCKING SWITCH SOCKET OUTLET,plug socket,INTERLOCKING SWITCH SOCKET OUTLET,product_only,specific,primary_subject,IS 4615: 1968;IS 6538: 1971;IS 7509: 1993;IS 2086: 1993,generated_from_metadata,
fcq_is_4160_1967_02,Need the Indian Standard covering INTERLOCKING SWITCH SOCKET OUTLET,IS 4160: 1967,INTERLOCKING SWITCH SOCKET OUTLET,plug socket,INTERLOCKING SWITCH SOCKET OUTLET,natural_language,specific,title,IS 4615: 1968;IS 6538: 1971;IS 7509: 1993;IS 2086: 1993,generated_from_metadata,
fcq_is_4270_2001_01,STEEL TUBES USED FOR WATER WELLS standard,IS 4270: 2001,STEEL TUBES USED FOR WATER WELLS,pipe,STEEL TUBES USED FOR WATER WELLS,product_only,specific,primary_subject,IS 3589: 2001;IS 1239 (Part 1): 2004;IS 12234: 1988;IS 2372: 2004,generated_from_metadata,
fcq_is_4270_2001_02,Need the Indian Standard covering STEEL TUBES USED FOR WATER WELLS,IS 4270: 2001,STEEL TUBES USED FOR WATER WELLS,pipe,STEEL TUBES USED FOR WATER WELLS,natural_language,specific,title,IS 3589: 2001;IS 1239 (Part 1): 2004;IS 12234: 1988;IS 2372: 2004,generated_from_metadata,
fcq_is_4346_1982_01,WASHERS FOR USE WITH FITTINGS FOR WATER SERVICES standard,IS 4346: 1982,WASHERS FOR USE WITH FITTINGS FOR WATER SERVICES,washer,WASHERS FOR USE WITH FITTINGS FOR WATER SERVICES,product_only,specific,primary_subject,IS 1711: 1984;IS 5372: 1975;IS 404 (Part 1): 1993;IS 9763: 2000,generated_from_metadata,
fcq_is_4346_1982_02,rubber washer,IS 4346: 1982,WASHERS FOR USE WITH FITTINGS FOR WATER SERVICES,washer,rubber construction or composition,product_material,specific,canonical_product;material,IS 1711: 1984;IS 5372: 1975;IS 404 (Part 1): 1993;IS 9763: 2000,generated_from_metadata,
fcq_is_4346_1982_03,washer for potable water supply,IS 4346: 1982,WASHERS FOR USE WITH FITTINGS FOR WATER SERVICES,washer,for potable water supply,product_application,specific,canonical_product;application,IS 1711: 1984;IS 5372: 1975;IS 404 (Part 1): 1993;IS 9763: 2000,generated_from_metadata,
fcq_is_4346_1982_04,rubber washer for potable water supply,IS 4346: 1982,WASHERS FOR USE WITH FITTINGS FOR WATER SERVICES,washer,rubber product for potable water supply,material_application,specific,canonical_product;material;application,IS 1711: 1984;IS 5372: 1975;IS 404 (Part 1): 1993;IS 9763: 2000,generated_from_metadata,
fcq_is_4346_1982_05,Supply washer meeting Indian Standard requirements for potable water supply; rubber,IS 4346: 1982,WASHERS FOR USE WITH FITTINGS FOR WATER SERVICES,washer,potable water supply; rubber,tender_sentence,specific,canonical_product;application;material,IS 1711: 1984;IS 5372: 1975;IS 404 (Part 1): 1993;IS 9763: 2000,generated_from_metadata,
fcq_is_4346_1982_06,Need the Indian Standard covering WASHERS FOR USE WITH FITTINGS FOR WATER SERVICES,IS 4346: 1982,WASHERS FOR USE WITH FITTINGS FOR WATER SERVICES,washer,WASHERS FOR USE WITH FITTINGS FOR WATER SERVICES,natural_language,specific,title,IS 1711: 1984;IS 5372: 1975;IS 404 (Part 1): 1993;IS 9763: 2000,generated_from_metadata,
fcq_is_4346_1982_07,"washer, potable water supply",IS 4346: 1982,WASHERS FOR USE WITH FITTINGS FOR WATER SERVICES,washer,potable water supply,boq_short,general_but_sufficient,canonical_product;application,IS 1711: 1984;IS 5372: 1975;IS 404 (Part 1): 1993;IS 9763: 2000,generated_from_metadata,
fcq_is_4346_1982_08,plain washer for potable water supply,IS 4346: 1982,WASHERS FOR USE WITH FITTINGS FOR WATER SERVICES,plain washer,potable water supply,alias,general_but_sufficient,product_aliases;application,IS 1711: 1984;IS 5372: 1975;IS 404 (Part 1): 1993;IS 9763: 2000,generated_from_metadata,
fcq_is_4346_1982_09,washers for potable water supply,IS 4346: 1982,WASHERS FOR USE WITH FITTINGS FOR WATER SERVICES,washers,potable water supply,alias,general_but_sufficient,product_aliases;application,IS 1711: 1984;IS 5372: 1975;IS 404 (Part 1): 1993;IS 9763: 2000,generated_from_metadata,
fcq_is_4350_1967_01,CONCRETE POROUS PIPES FOR UNDER DRAINAGE 2.4.1 Deviation from straightness — Not to exceed 3 mm per metre run standard,IS 4350: 1967,CONCRETE POROUS PIPES FOR UNDER DRAINAGE 2.4.1 Deviation from straightness — Not to exceed 3 mm per metre run.,pipe,CONCRETE POROUS PIPES FOR UNDER DRAINAGE 2.4.1 Deviation from straightness — Not to exceed 3 mm per metre run,product_only,specific,primary_subject,IS 784: 2001;IS 12820: 2004;IS 5961: 1970;IS 12709: 1994,generated_from_metadata,
fcq_is_4350_1967_02,concrete pipe,IS 4350: 1967,CONCRETE POROUS PIPES FOR UNDER DRAINAGE 2.4.1 Deviation from straightness — Not to exceed 3 mm per metre run.,pipe,concrete construction or composition,product_material,specific,canonical_product;material,IS 784: 2001;IS 12820: 2004;IS 5961: 1970;IS 12709: 1994,generated_from_metadata,
fcq_is_4350_1967_03,concrete pipe for sewerage,IS 4350: 1967,CONCRETE POROUS PIPES FOR UNDER DRAINAGE 2.4.1 Deviation from straightness — Not to exceed 3 mm per metre run.,pipe,concrete product for sewerage,material_application,specific,canonical_product;material;application,IS 784: 2001;IS 12820: 2004;IS 5961: 1970;IS 12709: 1994,generated_from_metadata,
fcq_is_4350_1967_04,Supply pipe meeting Indian Standard requirements for sewerage; concrete,IS 4350: 1967,CONCRETE POROUS PIPES FOR UNDER DRAINAGE 2.4.1 Deviation from straightness — Not to exceed 3 mm per metre run.,pipe,sewerage; concrete,tender_sentence,specific,canonical_product;application;material,IS 784: 2001;IS 12820: 2004;IS 5961: 1970;IS 12709: 1994,generated_from_metadata,
fcq_is_4350_1967_05,Need the Indian Standard covering CONCRETE POROUS PIPES FOR UNDER DRAINAGE 2.4.1 Deviation from straightness — Not to exceed 3 mm per metre run.,IS 4350: 1967,CONCRETE POROUS PIPES FOR UNDER DRAINAGE 2.4.1 Deviation from straightness — Not to exceed 3 mm per metre run.,pipe,CONCRETE POROUS PIPES FOR UNDER DRAINAGE 2.4.1 Deviation from straightness — Not to exceed 3 mm per metre run.,natural_language,specific,title,IS 784: 2001;IS 12820: 2004;IS 5961: 1970;IS 12709: 1994,generated_from_metadata,
fcq_is_4351_2003_01,steel door standard,IS 4351: 2003,STEEL DOOR FRAMES,door,steel door,product_only,specific,product_subtype,IS 7196: 1974;IS 3828: 1966;IS 1019: 1974;IS 10090: 1982,generated_from_metadata,
fcq_is_4351_2003_02,Need the Indian Standard covering STEEL DOOR FRAMES,IS 4351: 2003,STEEL DOOR FRAMES,door,STEEL DOOR FRAMES,natural_language,specific,title,IS 7196: 1974;IS 3828: 1966;IS 1019: 1974;IS 10090: 1982,generated_from_metadata,
fcq_is_4457_1982_01,CERAMIC UNGLAZED VITREOUS ACID RESISTING TILES standard,IS 4457: 1982,CERAMIC UNGLAZED VITREOUS ACID RESISTING TILES,tile,CERAMIC UNGLAZED VITREOUS ACID RESISTING TILES,product_only,specific,primary_subject,IS 1478: 1992;IS 2690 (Part 1): 1993;IS 3818: 1992;IS 2690 (Part 2): 1992,generated_from_metadata,
fcq_is_4457_1982_02,Need the Indian Standard covering CERAMIC UNGLAZED VITREOUS ACID RESISTING TILES,IS 4457: 1982,CERAMIC UNGLAZED VITREOUS ACID RESISTING TILES,tile,CERAMIC UNGLAZED VITREOUS ACID RESISTING TILES,natural_language,specific,title,IS 1478: 1992;IS 2690 (Part 1): 1993;IS 3818: 1992;IS 2690 (Part 2): 1992,generated_from_metadata,
fcq_is_4457_1982_03,clay roofing country tile for CERAMIC UNGLAZED VITREOUS ACID RESISTING TILES,IS 4457: 1982,CERAMIC UNGLAZED VITREOUS ACID RESISTING TILES,clay roofing country tile,CERAMIC UNGLAZED VITREOUS ACID RESISTING TILES,alias,general_but_sufficient,product_aliases;primary_subject,IS 1478: 1992;IS 2690 (Part 1): 1993;IS 3818: 1992;IS 2690 (Part 2): 1992,generated_from_metadata,
fcq_is_4457_1982_04,flooring tile for CERAMIC UNGLAZED VITREOUS ACID RESISTING TILES,IS 4457: 1982,CERAMIC UNGLAZED VITREOUS ACID RESISTING TILES,flooring tile,CERAMIC UNGLAZED VITREOUS ACID RESISTING TILES,alias,general_but_sufficient,product_aliases;primary_subject,IS 1478: 1992;IS 2690 (Part 1): 1993;IS 3818: 1992;IS 2690 (Part 2): 1992,generated_from_metadata,
fcq_is_4457_1982_05,hollow clay tile for CERAMIC UNGLAZED VITREOUS ACID RESISTING TILES,IS 4457: 1982,CERAMIC UNGLAZED VITREOUS ACID RESISTING TILES,hollow clay tile,CERAMIC UNGLAZED VITREOUS ACID RESISTING TILES,alias,general_but_sufficient,product_aliases;primary_subject,IS 1478: 1992;IS 2690 (Part 1): 1993;IS 3818: 1992;IS 2690 (Part 2): 1992,generated_from_metadata,
fcq_is_452_1973_01,DOOR SPRING RAT- TAIL TYPE standard,IS 452: 1973,DOOR SPRING RAT- TAIL TYPE,door,DOOR SPRING RAT- TAIL TYPE,product_only,specific,primary_subject,IS 281: 1991;IS 208: 1996;IS 453: 1993;IS 773: 1988,generated_from_metadata,
fcq_is_452_1973_02,Need the Indian Standard covering DOOR SPRING RAT- TAIL TYPE,IS 452: 1973,DOOR SPRING RAT- TAIL TYPE,door,DOOR SPRING RAT- TAIL TYPE,natural_language,specific,title,IS 281: 1991;IS 208: 1996;IS 453: 1993;IS 773: 1988,generated_from_metadata,
fcq_is_453_1993_01,DOUBLE-ACTING SPRING HINGES standard,IS 453: 1993,DOUBLE-ACTING SPRING HINGES,hinge,DOUBLE-ACTING SPRING HINGES,product_only,specific,primary_subject,IS 1019: 1974;IS 1341: 1992;IS 452: 1973;IS 773: 1988,generated_from_metadata,
fcq_is_453_1993_02,hinge for door and window construction,IS 453: 1993,DOUBLE-ACTING SPRING HINGES,hinge,for door and window construction,product_application,specific,canonical_product;application,IS 1019: 1974;IS 1341: 1992;IS 452: 1973;IS 773: 1988,generated_from_metadata,
fcq_is_453_1993_03,steel hinge for door and window construction,IS 453: 1993,DOUBLE-ACTING SPRING HINGES,hinge,steel product for door and window construction,material_application,specific,canonical_product;material;application,IS 1019: 1974;IS 1341: 1992;IS 452: 1973;IS 773: 1988,generated_from_metadata,
fcq_is_453_1993_04,Supply hinge meeting Indian Standard requirements for door and window construction; steel,IS 453: 1993,DOUBLE-ACTING SPRING HINGES,hinge,door and window construction; steel,tender_sentence,specific,canonical_product;application;material,IS 1019: 1974;IS 1341: 1992;IS 452: 1973;IS 773: 1988,generated_from_metadata,
fcq_is_453_1993_05,Need the Indian Standard covering DOUBLE-ACTING SPRING HINGES,IS 453: 1993,DOUBLE-ACTING SPRING HINGES,hinge,DOUBLE-ACTING SPRING HINGES,natural_language,specific,title,IS 1019: 1974;IS 1341: 1992;IS 452: 1973;IS 773: 1988,generated_from_metadata,
fcq_is_453_1993_06,"hinge, door and window construction",IS 453: 1993,DOUBLE-ACTING SPRING HINGES,hinge,door and window construction,boq_short,general_but_sufficient,canonical_product;application,IS 1019: 1974;IS 1341: 1992;IS 452: 1973;IS 773: 1988,generated_from_metadata,
fcq_is_453_1993_07,butt hinge for door and window construction,IS 453: 1993,DOUBLE-ACTING SPRING HINGES,butt hinge,door and window construction,alias,general_but_sufficient,product_aliases;application,IS 1019: 1974;IS 1341: 1992;IS 452: 1973;IS 773: 1988,generated_from_metadata,
fcq_is_453_1993_08,butt hinges for door and window construction,IS 453: 1993,DOUBLE-ACTING SPRING HINGES,butt hinges,door and window construction,alias,general_but_sufficient,product_aliases;application,IS 1019: 1974;IS 1341: 1992;IS 452: 1973;IS 773: 1988,generated_from_metadata,
fcq_is_453_1993_09,hinges for door and window construction,IS 453: 1993,DOUBLE-ACTING SPRING HINGES,hinges,door and window construction,alias,general_but_sufficient,product_aliases;application,IS 1019: 1974;IS 1341: 1992;IS 452: 1973;IS 773: 1988,generated_from_metadata,
fcq_is_455_1989_01,PORTLAND SLAG CEMENT standard,IS 455: 1989,PORTLAND SLAG CEMENT,cement,PORTLAND SLAG CEMENT,product_only,specific,primary_subject,IS 269: 1989;IS 1489 (Part 1): 1991;IS 5820: 1970;IS 702: 1988,generated_from_metadata,
fcq_is_455_1989_02,Need the Indian Standard covering PORTLAND SLAG CEMENT,IS 455: 1989,PORTLAND SLAG CEMENT,cement,PORTLAND SLAG CEMENT,natural_language,specific,title,IS 269: 1989;IS 1489 (Part 1): 1991;IS 5820: 1970;IS 702: 1988,generated_from_metadata,
fcq_is_458_2003_01,PRECAST CONCRETE PIPES (WITH AND WITHOUT REINFORCEMENT) – SPECIFICATION standard,IS 458: 2003,PRECAST CONCRETE PIPES (WITH AND WITHOUT REINFORCEMENT) – SPECIFICATION,pipe,PRECAST CONCRETE PIPES (WITH AND WITHOUT REINFORCEMENT) – SPECIFICATION,product_only,specific,primary_subject,IS 7319: 1974;IS 14182: 1994;IS 2692: 1989;IS 8112: 1989,generated_from_metadata,
fcq_is_458_2003_02,rubber pipe,IS 458: 2003,PRECAST CONCRETE PIPES (WITH AND WITHOUT REINFORCEMENT) – SPECIFICATION,pipe,rubber construction or composition,product_material,specific,canonical_product;material,IS 7319: 1974;IS 14182: 1994;IS 2692: 1989;IS 8112: 1989,generated_from_metadata,
fcq_is_458_2003_03,Supply pipe meeting Indian Standard requirements for rubber,IS 458: 2003,PRECAST CONCRETE PIPES (WITH AND WITHOUT REINFORCEMENT) – SPECIFICATION,pipe,rubber,tender_sentence,specific,canonical_product;material,IS 7319: 1974;IS 14182: 1994;IS 2692: 1989;IS 8112: 1989,generated_from_metadata,
fcq_is_458_2003_04,Need the Indian Standard covering PRECAST CONCRETE PIPES (WITH AND WITHOUT REINFORCEMENT) – SPECIFICATION,IS 458: 2003,PRECAST CONCRETE PIPES (WITH AND WITHOUT REINFORCEMENT) – SPECIFICATION,pipe,PRECAST CONCRETE PIPES (WITH AND WITHOUT REINFORCEMENT) – SPECIFICATION,natural_language,specific,title,IS 7319: 1974;IS 14182: 1994;IS 2692: 1989;IS 8112: 1989,generated_from_metadata,
fcq_is_458_2003_05,casing pipe for rubber,IS 458: 2003,PRECAST CONCRETE PIPES (WITH AND WITHOUT REINFORCEMENT) – SPECIFICATION,casing pipe,rubber,alias,general_but_sufficient,product_aliases;material,IS 7319: 1974;IS 14182: 1994;IS 2692: 1989;IS 8112: 1989,generated_from_metadata,
fcq_is_458_2003_06,grp pipe for rubber,IS 458: 2003,PRECAST CONCRETE PIPES (WITH AND WITHOUT REINFORCEMENT) – SPECIFICATION,grp pipe,rubber,alias,general_but_sufficient,product_aliases;material,IS 7319: 1974;IS 14182: 1994;IS 2692: 1989;IS 8112: 1989,generated_from_metadata,
fcq_is_458_2003_07,hdpe pipe for rubber,IS 458: 2003,PRECAST CONCRETE PIPES (WITH AND WITHOUT REINFORCEMENT) – SPECIFICATION,hdpe pipe,rubber,alias,general_but_sufficient,product_aliases;material,IS 7319: 1974;IS 14182: 1994;IS 2692: 1989;IS 8112: 1989,generated_from_metadata,
fcq_is_459_1992_01,CORRUGATED AND SEMI-CORRUGATED ASBESTOS CEMENT SHEETS standard,IS 459: 1992,CORRUGATED AND SEMI-CORRUGATED ASBESTOS CEMENT SHEETS,cement,CORRUGATED AND SEMI-CORRUGATED ASBESTOS CEMENT SHEETS,product_only,specific,primary_subject,IS 13008: 1990;IS 1237: 1980;IS 15476: 2004;IS 8042: 1989,generated_from_metadata,
fcq_is_459_1992_02,Need the Indian Standard covering CORRUGATED AND SEMI-CORRUGATED ASBESTOS CEMENT SHEETS,IS 459: 1992,CORRUGATED AND SEMI-CORRUGATED ASBESTOS CEMENT SHEETS,cement,CORRUGATED AND SEMI-CORRUGATED ASBESTOS CEMENT SHEETS,natural_language,specific,title,IS 13008: 1990;IS 1237: 1980;IS 15476: 2004;IS 8042: 1989,generated_from_metadata,
fcq_is_459_1992_03,lime pozzolana mixture for CORRUGATED AND SEMI-CORRUGATED ASBESTOS CEMENT SHEETS,IS 459: 1992,CORRUGATED AND SEMI-CORRUGATED ASBESTOS CEMENT SHEETS,lime pozzolana mixture,CORRUGATED AND SEMI-CORRUGATED ASBESTOS CEMENT SHEETS,alias,general_but_sufficient,product_aliases;primary_subject,IS 13008: 1990;IS 1237: 1980;IS 15476: 2004;IS 8042: 1989,generated_from_metadata,
fcq_is_459_1992_04,lime-pozzolana concrete for CORRUGATED AND SEMI-CORRUGATED ASBESTOS CEMENT SHEETS,IS 459: 1992,CORRUGATED AND SEMI-CORRUGATED ASBESTOS CEMENT SHEETS,lime-pozzolana concrete,CORRUGATED AND SEMI-CORRUGATED ASBESTOS CEMENT SHEETS,alias,general_but_sufficient,product_aliases;primary_subject,IS 13008: 1990;IS 1237: 1980;IS 15476: 2004;IS 8042: 1989,generated_from_metadata,
fcq_is_459_1992_05,masonry cement for CORRUGATED AND SEMI-CORRUGATED ASBESTOS CEMENT SHEETS,IS 459: 1992,CORRUGATED AND SEMI-CORRUGATED ASBESTOS CEMENT SHEETS,masonry cement,CORRUGATED AND SEMI-CORRUGATED ASBESTOS CEMENT SHEETS,alias,general_but_sufficient,product_aliases;primary_subject,IS 13008: 1990;IS 1237: 1980;IS 15476: 2004;IS 8042: 1989,generated_from_metadata,
fcq_is_4621_1975_01,INDICATING BOLT FOR USE IN PUBLIC BATHS AND LAVATORIES standard,IS 4621: 1975,INDICATING BOLT FOR USE IN PUBLIC BATHS AND LAVATORIES,bolt,INDICATING BOLT FOR USE IN PUBLIC BATHS AND LAVATORIES,product_only,specific,primary_subject,IS 5187: 1972;IS 740: 1977;IS 3677: 1985;IS 702: 1988,generated_from_metadata,
fcq_is_4621_1975_02,Supply bolt meeting Indian Standard requirements for structural fastening; aluminium,IS 4621: 1975,INDICATING BOLT FOR USE IN PUBLIC BATHS AND LAVATORIES,bolt,structural fastening; aluminium,tender_sentence,specific,canonical_product;function;material,IS 5187: 1972;IS 740: 1977;IS 3677: 1985;IS 702: 1988,generated_from_metadata,
fcq_is_4621_1975_03,Need the Indian Standard covering INDICATING BOLT FOR USE IN PUBLIC BATHS AND LAVATORIES,IS 4621: 1975,INDICATING BOLT FOR USE IN PUBLIC BATHS AND LAVATORIES,bolt,INDICATING BOLT FOR USE IN PUBLIC BATHS AND LAVATORIES,natural_language,specific,title,IS 5187: 1972;IS 740: 1977;IS 3677: 1985;IS 702: 1988,generated_from_metadata,
fcq_is_4671_1984_01,EXPANDED POLYSTYRENE FOR THERMAL INSULATION PURPOSES standard,IS 4671: 1984,EXPANDED POLYSTYRENE FOR THERMAL INSULATION PURPOSES,thermal insulation,EXPANDED POLYSTYRENE FOR THERMAL INSULATION PURPOSES,product_only,specific,primary_subject,IS 9842: 1994;IS 8183: 1993;IS 9537 (Part 4): 1983;IS 3438: 1994,generated_from_metadata,
fcq_is_4671_1984_02,Need the Indian Standard covering EXPANDED POLYSTYRENE FOR THERMAL INSULATION PURPOSES,IS 4671: 1984,EXPANDED POLYSTYRENE FOR THERMAL INSULATION PURPOSES,thermal insulation,EXPANDED POLYSTYRENE FOR THERMAL INSULATION PURPOSES,natural_language,specific,title,IS 9842: 1994;IS 8183: 1993;IS 9537 (Part 4): 1983;IS 3438: 1994,generated_from_metadata,
fcq_is_4860_1968_01,ACID – RESISTANT BRICKS standard,IS 4860: 1968,ACID – RESISTANT BRICKS,brick,ACID – RESISTANT BRICKS,product_only,specific,primary_subject,IS 5779: 1986;IS 2222: 1991;IS 2116: 1980;IS 3037: 1986,generated_from_metadata,
fcq_is_4860_1968_02,brick required to flooring,IS 4860: 1968,ACID – RESISTANT BRICKS,brick,required to flooring,product_function,specific,canonical_product;function,IS 5779: 1986;IS 2222: 1991;IS 2116: 1980;IS 3037: 1986,generated_from_metadata,
fcq_is_4860_1968_03,brick for flooring,IS 4860: 1968,ACID – RESISTANT BRICKS,brick,for flooring,product_application,specific,canonical_product;application,IS 5779: 1986;IS 2222: 1991;IS 2116: 1980;IS 3037: 1986,generated_from_metadata,
fcq_is_4860_1968_04,clay brick for flooring,IS 4860: 1968,ACID – RESISTANT BRICKS,brick,clay product for flooring,material_application,specific,canonical_product;material;application,IS 5779: 1986;IS 2222: 1991;IS 2116: 1980;IS 3037: 1986,generated_from_metadata,
fcq_is_4860_1968_05,Supply brick meeting Indian Standard requirements for flooring; flooring; clay,IS 4860: 1968,ACID – RESISTANT BRICKS,brick,flooring; flooring; clay,tender_sentence,specific,canonical_product;application;function;material,IS 5779: 1986;IS 2222: 1991;IS 2116: 1980;IS 3037: 1986,generated_from_metadata,
fcq_is_4860_1968_06,Need the Indian Standard covering ACID – RESISTANT BRICKS,IS 4860: 1968,ACID – RESISTANT BRICKS,brick,ACID – RESISTANT BRICKS,natural_language,specific,title,IS 5779: 1986;IS 2222: 1991;IS 2116: 1980;IS 3037: 1986,generated_from_metadata,
fcq_is_4860_1968_07,"brick, flooring",IS 4860: 1968,ACID – RESISTANT BRICKS,brick,flooring,boq_short,general_but_sufficient,canonical_product;application,IS 5779: 1986;IS 2222: 1991;IS 2116: 1980;IS 3037: 1986,generated_from_metadata,
fcq_is_4860_1968_08,bricks for flooring,IS 4860: 1968,ACID – RESISTANT BRICKS,bricks,flooring,alias,general_but_sufficient,product_aliases;application,IS 5779: 1986;IS 2222: 1991;IS 2116: 1980;IS 3037: 1986,generated_from_metadata,
fcq_is_4860_1968_09,building brick for flooring,IS 4860: 1968,ACID – RESISTANT BRICKS,building brick,flooring,alias,general_but_sufficient,product_aliases;application,IS 5779: 1986;IS 2222: 1991;IS 2116: 1980;IS 3037: 1986,generated_from_metadata,
fcq_is_4860_1968_10,building bricks for flooring,IS 4860: 1968,ACID – RESISTANT BRICKS,building bricks,flooring,alias,general_but_sufficient,product_aliases;application,IS 5779: 1986;IS 2222: 1991;IS 2116: 1980;IS 3037: 1986,generated_from_metadata,
fcq_is_4885_1988_01,SEWER BRICKS standard,IS 4885: 1988,SEWER BRICKS,brick,SEWER BRICKS,product_only,specific,primary_subject,IS 2691: 1988;IS 3583: 1988;IS 771 (Part 1): 1979;IS 3438: 1994,generated_from_metadata,
fcq_is_4885_1988_02,brick required to carry sewage,IS 4885: 1988,SEWER BRICKS,brick,required to carry sewage,product_function,specific,canonical_product;function,IS 2691: 1988;IS 3583: 1988;IS 771 (Part 1): 1979;IS 3438: 1994,generated_from_metadata,
fcq_is_4885_1988_03,brick for sewerage,IS 4885: 1988,SEWER BRICKS,brick,for sewerage,product_application,specific,canonical_product;application,IS 2691: 1988;IS 3583: 1988;IS 771 (Part 1): 1979;IS 3438: 1994,generated_from_metadata,
fcq_is_4885_1988_04,clay brick for sewerage,IS 4885: 1988,SEWER BRICKS,brick,clay product for sewerage,material_application,specific,canonical_product;material;application,IS 2691: 1988;IS 3583: 1988;IS 771 (Part 1): 1979;IS 3438: 1994,generated_from_metadata,
fcq_is_4885_1988_05,Supply brick meeting Indian Standard requirements for sewerage; carry sewage; clay,IS 4885: 1988,SEWER BRICKS,brick,sewerage; carry sewage; clay,tender_sentence,specific,canonical_product;application;function;material,IS 2691: 1988;IS 3583: 1988;IS 771 (Part 1): 1979;IS 3438: 1994,generated_from_metadata,
fcq_is_4885_1988_06,Need the Indian Standard covering SEWER BRICKS,IS 4885: 1988,SEWER BRICKS,brick,SEWER BRICKS,natural_language,specific,title,IS 2691: 1988;IS 3583: 1988;IS 771 (Part 1): 1979;IS 3438: 1994,generated_from_metadata,
fcq_is_4885_1988_07,"brick, sewerage",IS 4885: 1988,SEWER BRICKS,brick,sewerage,boq_short,general_but_sufficient,canonical_product;application,IS 2691: 1988;IS 3583: 1988;IS 771 (Part 1): 1979;IS 3438: 1994,generated_from_metadata,
fcq_is_4885_1988_08,bricks for sewerage,IS 4885: 1988,SEWER BRICKS,bricks,sewerage,alias,general_but_sufficient,product_aliases;application,IS 2691: 1988;IS 3583: 1988;IS 771 (Part 1): 1979;IS 3438: 1994,generated_from_metadata,
fcq_is_4885_1988_09,building brick for sewerage,IS 4885: 1988,SEWER BRICKS,building brick,sewerage,alias,general_but_sufficient,product_aliases;application,IS 2691: 1988;IS 3583: 1988;IS 771 (Part 1): 1979;IS 3438: 1994,generated_from_metadata,
fcq_is_4885_1988_10,building bricks for sewerage,IS 4885: 1988,SEWER BRICKS,building bricks,sewerage,alias,general_but_sufficient,product_aliases;application,IS 2691: 1988;IS 3583: 1988;IS 771 (Part 1): 1979;IS 3438: 1994,generated_from_metadata,
fcq_is_4891_1988_01,PREFERRED CUT SIZES OF STRUCTURAL TIMBER standard,IS 4891: 1988,PREFERRED CUT SIZES OF STRUCTURAL TIMBER,timber,PREFERRED CUT SIZES OF STRUCTURAL TIMBER,product_only,specific,primary_subject,IS 2372: 2004;IS 1326: 1992;IS 6198: 1992;IS 1278: 1972,generated_from_metadata,
fcq_is_4891_1988_02,timber for roofing,IS 4891: 1988,PREFERRED CUT SIZES OF STRUCTURAL TIMBER,timber,for roofing,product_application,specific,canonical_product;application,IS 2372: 2004;IS 1326: 1992;IS 6198: 1992;IS 1278: 1972,generated_from_metadata,
fcq_is_4891_1988_03,timber timber for roofing,IS 4891: 1988,PREFERRED CUT SIZES OF STRUCTURAL TIMBER,timber,timber product for roofing,material_application,specific,canonical_product;material;application,IS 2372: 2004;IS 1326: 1992;IS 6198: 1992;IS 1278: 1972,generated_from_metadata,
fcq_is_4891_1988_04,Supply timber meeting Indian Standard requirements for roofing; timber,IS 4891: 1988,PREFERRED CUT SIZES OF STRUCTURAL TIMBER,timber,roofing; timber,tender_sentence,specific,canonical_product;application;material,IS 2372: 2004;IS 1326: 1992;IS 6198: 1992;IS 1278: 1972,generated_from_metadata,
fcq_is_4891_1988_05,Need the Indian Standard covering PREFERRED CUT SIZES OF STRUCTURAL TIMBER,IS 4891: 1988,PREFERRED CUT SIZES OF STRUCTURAL TIMBER,timber,PREFERRED CUT SIZES OF STRUCTURAL TIMBER,natural_language,specific,title,IS 2372: 2004;IS 1326: 1992;IS 6198: 1992;IS 1278: 1972,generated_from_metadata,
fcq_is_4891_1988_06,"timber, roofing",IS 4891: 1988,PREFERRED CUT SIZES OF STRUCTURAL TIMBER,timber,roofing,boq_short,general_but_sufficient,canonical_product;application,IS 2372: 2004;IS 1326: 1992;IS 6198: 1992;IS 1278: 1972,generated_from_metadata,
fcq_is_4891_1988_07,sawn timber for roofing,IS 4891: 1988,PREFERRED CUT SIZES OF STRUCTURAL TIMBER,sawn timber,roofing,alias,general_but_sufficient,product_aliases;application,IS 2372: 2004;IS 1326: 1992;IS 6198: 1992;IS 1278: 1972,generated_from_metadata,
fcq_is_4891_1988_08,timbers for roofing,IS 4891: 1988,PREFERRED CUT SIZES OF STRUCTURAL TIMBER,timbers,roofing,alias,general_but_sufficient,product_aliases;application,IS 2372: 2004;IS 1326: 1992;IS 6198: 1992;IS 1278: 1972,generated_from_metadata,
fcq_is_4891_1988_09,wooden sleeper for roofing,IS 4891: 1988,PREFERRED CUT SIZES OF STRUCTURAL TIMBER,wooden sleeper,roofing,alias,general_but_sufficient,product_aliases;application,IS 2372: 2004;IS 1326: 1992;IS 6198: 1992;IS 1278: 1972,generated_from_metadata,
fcq_is_4923_1997_01,HOLLOW STEEL SECTIONS FOR STRUCTURAL USE standard,IS 4923: 1997,HOLLOW STEEL SECTIONS FOR STRUCTURAL USE,steel section,HOLLOW STEEL SECTIONS FOR STRUCTURAL USE,product_only,specific,primary_subject,IS 811: 1987;IS 1079: 1994;IS 724: 1964;IS 5384: 1985,generated_from_metadata,
fcq_is_4923_1997_02,steel steel section,IS 4923: 1997,HOLLOW STEEL SECTIONS FOR STRUCTURAL USE,steel section,steel construction or composition,product_material,specific,canonical_product;material,IS 811: 1987;IS 1079: 1994;IS 724: 1964;IS 5384: 1985,generated_from_metadata,
fcq_is_4923_1997_03,Supply steel section meeting Indian Standard requirements for steel,IS 4923: 1997,HOLLOW STEEL SECTIONS FOR STRUCTURAL USE,steel section,steel,tender_sentence,specific,canonical_product;material,IS 811: 1987;IS 1079: 1994;IS 724: 1964;IS 5384: 1985,generated_from_metadata,
fcq_is_4923_1997_04,Need the Indian Standard covering HOLLOW STEEL SECTIONS FOR STRUCTURAL USE,IS 4923: 1997,HOLLOW STEEL SECTIONS FOR STRUCTURAL USE,steel section,HOLLOW STEEL SECTIONS FOR STRUCTURAL USE,natural_language,specific,title,IS 811: 1987;IS 1079: 1994;IS 724: 1964;IS 5384: 1985,generated_from_metadata,
fcq_is_4923_1997_05,flange steel section for steel,IS 4923: 1997,HOLLOW STEEL SECTIONS FOR STRUCTURAL USE,flange steel section,steel,alias,general_but_sufficient,product_aliases;material,IS 811: 1987;IS 1079: 1994;IS 724: 1964;IS 5384: 1985,generated_from_metadata,
fcq_is_4923_1997_06,steel sections for steel,IS 4923: 1997,HOLLOW STEEL SECTIONS FOR STRUCTURAL USE,steel sections,steel,alias,general_but_sufficient,product_aliases;material,IS 811: 1987;IS 1079: 1994;IS 724: 1964;IS 5384: 1985,generated_from_metadata,
fcq_is_4923_1997_07,tee bar for steel,IS 4923: 1997,HOLLOW STEEL SECTIONS FOR STRUCTURAL USE,tee bar,steel,alias,general_but_sufficient,product_aliases;material,IS 811: 1987;IS 1079: 1994;IS 724: 1964;IS 5384: 1985,generated_from_metadata,
fcq_is_4948_2002_01,WELDED STEEL WIRE FABRIC FOR GENERAL USE standard,IS 4948: 2002,WELDED STEEL WIRE FABRIC FOR GENERAL USE,wire fabric,WELDED STEEL WIRE FABRIC FOR GENERAL USE,product_only,specific,primary_subject,IS 1566: 1982;IS 1019: 1974;IS 3466: 1988;IS 3847: 1992,generated_from_metadata,
fcq_is_4948_2002_02,wire fabric for door and window construction,IS 4948: 2002,WELDED STEEL WIRE FABRIC FOR GENERAL USE,wire fabric,for door and window construction,product_application,specific,canonical_product;application,IS 1566: 1982;IS 1019: 1974;IS 3466: 1988;IS 3847: 1992,generated_from_metadata,
fcq_is_4948_2002_03,steel wire fabric for door and window construction,IS 4948: 2002,WELDED STEEL WIRE FABRIC FOR GENERAL USE,wire fabric,steel product for door and window construction,material_application,specific,canonical_product;material;application,IS 1566: 1982;IS 1019: 1974;IS 3466: 1988;IS 3847: 1992,generated_from_metadata,
fcq_is_4948_2002_04,Supply wire fabric meeting Indian Standard requirements for door and window construction; steel,IS 4948: 2002,WELDED STEEL WIRE FABRIC FOR GENERAL USE,wire fabric,door and window construction; steel,tender_sentence,specific,canonical_product;application;material,IS 1566: 1982;IS 1019: 1974;IS 3466: 1988;IS 3847: 1992,generated_from_metadata,
fcq_is_4948_2002_05,Need the Indian Standard covering WELDED STEEL WIRE FABRIC FOR GENERAL USE,IS 4948: 2002,WELDED STEEL WIRE FABRIC FOR GENERAL USE,wire fabric,WELDED STEEL WIRE FABRIC FOR GENERAL USE,natural_language,specific,title,IS 1566: 1982;IS 1019: 1974;IS 3466: 1988;IS 3847: 1992,generated_from_metadata,
fcq_is_4948_2002_06,"wire fabric, door and window construction",IS 4948: 2002,WELDED STEEL WIRE FABRIC FOR GENERAL USE,wire fabric,door and window construction,boq_short,general_but_sufficient,canonical_product;application,IS 1566: 1982;IS 1019: 1974;IS 3466: 1988;IS 3847: 1992,generated_from_metadata,
fcq_is_4962_1968_01,WOODEN SIDE SLIDING DOORS standard,IS 4962: 1968,WOODEN SIDE SLIDING DOORS,door,WOODEN SIDE SLIDING DOORS,product_only,specific,primary_subject,IS 10451: 1983;IS 208: 1996;IS 1019: 1974;IS 10521: 1983,generated_from_metadata,
fcq_is_4962_1968_02,Need the Indian Standard covering WOODEN SIDE SLIDING DOORS,IS 4962: 1968,WOODEN SIDE SLIDING DOORS,door,WOODEN SIDE SLIDING DOORS,natural_language,specific,title,IS 10451: 1983;IS 208: 1996;IS 1019: 1974;IS 10521: 1983,generated_from_metadata,
fcq_is_4972_1968_01,RESISTANCE SPOT – WELDING ELECTRODES standard,IS 4972: 1968,RESISTANCE SPOT – WELDING ELECTRODES,electrode,RESISTANCE SPOT – WELDING ELECTRODES,product_only,specific,primary_subject,IS 5511: 1991;IS 1395: 1982;IS 204 (Part 2): 1992;IS 702: 1988,generated_from_metadata,
fcq_is_4972_1968_02,aluminium electrode,IS 4972: 1968,RESISTANCE SPOT – WELDING ELECTRODES,electrode,aluminium construction or composition,product_material,specific,canonical_product;material,IS 5511: 1991;IS 1395: 1982;IS 204 (Part 2): 1992;IS 702: 1988,generated_from_metadata,
fcq_is_4972_1968_03,Supply electrode meeting Indian Standard requirements for aluminium,IS 4972: 1968,RESISTANCE SPOT – WELDING ELECTRODES,electrode,aluminium,tender_sentence,specific,canonical_product;material,IS 5511: 1991;IS 1395: 1982;IS 204 (Part 2): 1992;IS 702: 1988,generated_from_metadata,
fcq_is_4972_1968_04,Need the Indian Standard covering RESISTANCE SPOT – WELDING ELECTRODES,IS 4972: 1968,RESISTANCE SPOT – WELDING ELECTRODES,electrode,RESISTANCE SPOT – WELDING ELECTRODES,natural_language,specific,title,IS 5511: 1991;IS 1395: 1982;IS 204 (Part 2): 1992;IS 702: 1988,generated_from_metadata,
fcq_is_4972_1968_05,electrodes for aluminium,IS 4972: 1968,RESISTANCE SPOT – WELDING ELECTRODES,electrodes,aluminium,alias,general_but_sufficient,product_aliases;material,IS 5511: 1991;IS 1395: 1982;IS 204 (Part 2): 1992;IS 702: 1988,generated_from_metadata,
fcq_is_4984_1995_01,HIGH DENSITY POLYETHYLENE PIPES FOR WATER SUPPLY standard,IS 4984: 1995,HIGH DENSITY POLYETHYLENE PIPES FOR WATER SUPPLY,pipe,HIGH DENSITY POLYETHYLENE PIPES FOR WATER SUPPLY,product_only,specific,primary_subject,IS 14333: 1996;IS 3076: 1985;IS 3004: 1979;IS 2998: 1982,generated_from_metadata,
fcq_is_4984_1995_02,HDPE pipe for water supply,IS 4984: 1995,HIGH DENSITY POLYETHYLENE PIPES FOR WATER SUPPLY,pipe,HDPE product for water supply,material_application,specific,canonical_product;material;application,IS 14333: 1996;IS 3076: 1985;IS 3004: 1979;IS 2998: 1982,generated_from_metadata,
fcq_is_4984_1995_03,Supply pipe meeting Indian Standard requirements for water supply; HDPE,IS 4984: 1995,HIGH DENSITY POLYETHYLENE PIPES FOR WATER SUPPLY,pipe,water supply; HDPE,tender_sentence,specific,canonical_product;application;material,IS 14333: 1996;IS 3076: 1985;IS 3004: 1979;IS 2998: 1982,generated_from_metadata,
fcq_is_4984_1995_04,Need the Indian Standard covering HIGH DENSITY POLYETHYLENE PIPES FOR WATER SUPPLY,IS 4984: 1995,HIGH DENSITY POLYETHYLENE PIPES FOR WATER SUPPLY,pipe,HIGH DENSITY POLYETHYLENE PIPES FOR WATER SUPPLY,natural_language,specific,title,IS 14333: 1996;IS 3076: 1985;IS 3004: 1979;IS 2998: 1982,generated_from_metadata,
fcq_is_4984_1995_05,"pipe, water supply",IS 4984: 1995,HIGH DENSITY POLYETHYLENE PIPES FOR WATER SUPPLY,pipe,water supply,boq_short,general_but_sufficient,canonical_product;application,IS 14333: 1996;IS 3076: 1985;IS 3004: 1979;IS 2998: 1982,generated_from_metadata,
fcq_is_4984_1995_06,casing pipe for water supply,IS 4984: 1995,HIGH DENSITY POLYETHYLENE PIPES FOR WATER SUPPLY,casing pipe,water supply,alias,general_but_sufficient,product_aliases;application,IS 14333: 1996;IS 3076: 1985;IS 3004: 1979;IS 2998: 1982,generated_from_metadata,
fcq_is_4984_1995_07,grp pipe for water supply,IS 4984: 1995,HIGH DENSITY POLYETHYLENE PIPES FOR WATER SUPPLY,grp pipe,water supply,alias,general_but_sufficient,product_aliases;application,IS 14333: 1996;IS 3076: 1985;IS 3004: 1979;IS 2998: 1982,generated_from_metadata,
fcq_is_4985_2000_01,UNPLASTICIZED PVC PIPES FOR POTABLE WATER SUPPLIES standard,IS 4985: 2000,UNPLASTICIZED PVC PIPES FOR POTABLE WATER SUPPLIES,pipe,UNPLASTICIZED PVC PIPES FOR POTABLE WATER SUPPLIES,product_only,specific,primary_subject,IS 404 (Part 1): 1993;IS 14182: 1994;IS 4346: 1982;IS 5897: 1985,generated_from_metadata,
fcq_is_4985_2000_02,Need the Indian Standard covering UNPLASTICIZED PVC PIPES FOR POTABLE WATER SUPPLIES,IS 4985: 2000,UNPLASTICIZED PVC PIPES FOR POTABLE WATER SUPPLIES,pipe,UNPLASTICIZED PVC PIPES FOR POTABLE WATER SUPPLIES,natural_language,specific,title,IS 404 (Part 1): 1993;IS 14182: 1994;IS 4346: 1982;IS 5897: 1985,generated_from_metadata,
fcq_is_4990_1993_01,Need the Indian Standard covering PLYWOOD FOR CONCRETE SHUTTERING WORK,IS 4990: 1993,PLYWOOD FOR CONCRETE SHUTTERING WORK,board,PLYWOOD FOR CONCRETE SHUTTERING WORK,natural_language,specific,title,IS 852: 1994;IS 5509: 2000;IS 851: 1978;IS 10360: 1982,generated_from_metadata,
fcq_is_4992_1975_01,DOOR HANDLES FOR MORTICE LOCKS standard,IS 4992: 1975,DOOR HANDLES FOR MORTICE LOCKS,door,DOOR HANDLES FOR MORTICE LOCKS,product_only,specific,primary_subject,IS 8760: 1978;IS 3828: 1966;IS 2209: 1976;IS 2116: 1980,generated_from_metadata,
fcq_is_4992_1975_02,Need the Indian Standard covering DOOR HANDLES FOR MORTICE LOCKS,IS 4992: 1975,DOOR HANDLES FOR MORTICE LOCKS,door,DOOR HANDLES FOR MORTICE LOCKS,natural_language,specific,title,IS 8760: 1978;IS 3828: 1966;IS 2209: 1976;IS 2116: 1980,generated_from_metadata,
fcq_is_513_1994_01,COLD ROLLED LOW CARBON STEEL SHEETS AND STRIPS standard,IS 513: 1994,COLD ROLLED LOW CARBON STEEL SHEETS AND STRIPS,steel sheet,COLD ROLLED LOW CARBON STEEL SHEETS AND STRIPS,product_only,specific,primary_subject,IS 1079: 1994;IS 7226: 1974;IS 7887: 1992;IS 1326: 1992,generated_from_metadata,
fcq_is_513_1994_02,Need the Indian Standard covering COLD ROLLED LOW CARBON STEEL SHEETS AND STRIPS,IS 513: 1994,COLD ROLLED LOW CARBON STEEL SHEETS AND STRIPS,steel sheet,COLD ROLLED LOW CARBON STEEL SHEETS AND STRIPS,natural_language,specific,title,IS 1079: 1994;IS 7226: 1974;IS 7887: 1992;IS 1326: 1992,generated_from_metadata,
fcq_is_5187_1972_01,FLUSH BOLTS standard,IS 5187: 1972,FLUSH BOLTS,bolt,FLUSH BOLTS,product_only,specific,primary_subject,IS 4621: 1975;IS 730: 1978;IS 3828: 1966;IS 702: 1988,generated_from_metadata,
fcq_is_5187_1972_02,Need the Indian Standard covering FLUSH BOLTS,IS 5187: 1972,FLUSH BOLTS,bolt,FLUSH BOLTS,natural_language,specific,title,IS 4621: 1975;IS 730: 1978;IS 3828: 1966;IS 702: 1988,generated_from_metadata,
fcq_is_5246_2000_01,CONIFEROUS LOGS standard,IS 5246: 2000,CONIFEROUS LOGS,timber,CONIFEROUS LOGS,product_only,specific,primary_subject,IS 7308: 1999;IS 190: 1991;IS 9893: 1981;IS 269: 1989,generated_from_metadata,
fcq_is_5246_2000_02,Need the Indian Standard covering CONIFEROUS LOGS,IS 5246: 2000,CONIFEROUS LOGS,timber,CONIFEROUS LOGS,natural_language,specific,title,IS 7308: 1999;IS 190: 1991;IS 9893: 1981;IS 269: 1989,generated_from_metadata,
fcq_is_5369_1975_01,GENERAL REQUIREMENTS FOR PLAIN WASHERS AND LOCK WASHERS standard,IS 5369: 1975,GENERAL REQUIREMENTS FOR PLAIN WASHERS AND LOCK WASHERS,washer,GENERAL REQUIREMENTS FOR PLAIN WASHERS AND LOCK WASHERS,product_only,specific,primary_subject,IS 8869: 1978;IS 739: 1992;IS 3438: 1994;IS 740: 1977,generated_from_metadata,
fcq_is_5369_1975_02,Need the Indian Standard covering GENERAL REQUIREMENTS FOR PLAIN WASHERS AND LOCK WASHERS,IS 5369: 1975,GENERAL REQUIREMENTS FOR PLAIN WASHERS AND LOCK WASHERS,washer,GENERAL REQUIREMENTS FOR PLAIN WASHERS AND LOCK WASHERS,natural_language,specific,title,IS 8869: 1978;IS 739: 1992;IS 3438: 1994;IS 740: 1977,generated_from_metadata,
fcq_is_5369_1975_03,plain washer for GENERAL REQUIREMENTS FOR PLAIN WASHERS AND LOCK WASHERS,IS 5369: 1975,GENERAL REQUIREMENTS FOR PLAIN WASHERS AND LOCK WASHERS,plain washer,GENERAL REQUIREMENTS FOR PLAIN WASHERS AND LOCK WASHERS,alias,general_but_sufficient,product_aliases;primary_subject,IS 8869: 1978;IS 739: 1992;IS 3438: 1994;IS 740: 1977,generated_from_metadata,
fcq_is_5369_1975_04,washers for GENERAL REQUIREMENTS FOR PLAIN WASHERS AND LOCK WASHERS,IS 5369: 1975,GENERAL REQUIREMENTS FOR PLAIN WASHERS AND LOCK WASHERS,washers,GENERAL REQUIREMENTS FOR PLAIN WASHERS AND LOCK WASHERS,alias,general_but_sufficient,product_aliases;primary_subject,IS 8869: 1978;IS 739: 1992;IS 3438: 1994;IS 740: 1977,generated_from_metadata,
fcq_is_5374_1975_01,TAPER WASHERS FOR I-BEAMS (ISMB) standard,IS 5374: 1975,TAPER WASHERS FOR I-BEAMS (ISMB),washer,TAPER WASHERS FOR I-BEAMS (ISMB),product_only,specific,primary_subject,IS 5372: 1975;IS 5373: 1969;IS 1823: 1980;IS 2585: 1968,generated_from_metadata,
fcq_is_5374_1975_02,Need the Indian Standard covering TAPER WASHERS FOR I-BEAMS (ISMB),IS 5374: 1975,TAPER WASHERS FOR I-BEAMS (ISMB),washer,TAPER WASHERS FOR I-BEAMS (ISMB),natural_language,specific,title,IS 5372: 1975;IS 5373: 1969;IS 1823: 1980;IS 2585: 1968,generated_from_metadata,
fcq_is_5374_1975_03,plain washer for TAPER WASHERS FOR I-BEAMS (ISMB),IS 5374: 1975,TAPER WASHERS FOR I-BEAMS (ISMB),plain washer,TAPER WASHERS FOR I-BEAMS (ISMB),alias,general_but_sufficient,product_aliases;primary_subject,IS 5372: 1975;IS 5373: 1969;IS 1823: 1980;IS 2585: 1968,generated_from_metadata,
fcq_is_5374_1975_04,washers for TAPER WASHERS FOR I-BEAMS (ISMB),IS 5374: 1975,TAPER WASHERS FOR I-BEAMS (ISMB),washers,TAPER WASHERS FOR I-BEAMS (ISMB),alias,general_but_sufficient,product_aliases;primary_subject,IS 5372: 1975;IS 5373: 1969;IS 1823: 1980;IS 2585: 1968,generated_from_metadata,
fcq_is_5437_1994_01,"FIGURED, ROLLED AND WIRED GLASS standard",IS 5437: 1994,"FIGURED, ROLLED AND WIRED GLASS",glass,"FIGURED, ROLLED AND WIRED GLASS",product_only,specific,primary_subject,IS 3438: 1994;IS 2835: 1987;IS 3828: 1966;IS 8183: 1993,generated_from_metadata,
fcq_is_5437_1994_02,glass for door and window construction,IS 5437: 1994,"FIGURED, ROLLED AND WIRED GLASS",glass,for door and window construction,product_application,specific,canonical_product;application,IS 3438: 1994;IS 2835: 1987;IS 3828: 1966;IS 8183: 1993,generated_from_metadata,
fcq_is_5437_1994_03,steel glass for door and window construction,IS 5437: 1994,"FIGURED, ROLLED AND WIRED GLASS",glass,steel product for door and window construction,material_application,specific,canonical_product;material;application,IS 3438: 1994;IS 2835: 1987;IS 3828: 1966;IS 8183: 1993,generated_from_metadata,
fcq_is_5437_1994_04,Supply glass meeting Indian Standard requirements for door and window construction; steel,IS 5437: 1994,"FIGURED, ROLLED AND WIRED GLASS",glass,door and window construction; steel,tender_sentence,specific,canonical_product;application;material,IS 3438: 1994;IS 2835: 1987;IS 3828: 1966;IS 8183: 1993,generated_from_metadata,
fcq_is_5437_1994_05,"Need the Indian Standard covering FIGURED, ROLLED AND WIRED GLASS",IS 5437: 1994,"FIGURED, ROLLED AND WIRED GLASS",glass,"FIGURED, ROLLED AND WIRED GLASS",natural_language,specific,title,IS 3438: 1994;IS 2835: 1987;IS 3828: 1966;IS 8183: 1993,generated_from_metadata,
fcq_is_5437_1994_06,"glass, door and window construction",IS 5437: 1994,"FIGURED, ROLLED AND WIRED GLASS",glass,door and window construction,boq_short,general_but_sufficient,canonical_product;application,IS 3438: 1994;IS 2835: 1987;IS 3828: 1966;IS 8183: 1993,generated_from_metadata,
fcq_is_5437_1994_07,glass fiber for door and window construction,IS 5437: 1994,"FIGURED, ROLLED AND WIRED GLASS",glass fiber,door and window construction,alias,general_but_sufficient,product_aliases;application,IS 3438: 1994;IS 2835: 1987;IS 3828: 1966;IS 8183: 1993,generated_from_metadata,
fcq_is_5437_1994_08,glass fibre for door and window construction,IS 5437: 1994,"FIGURED, ROLLED AND WIRED GLASS",glass fibre,door and window construction,alias,general_but_sufficient,product_aliases;application,IS 3438: 1994;IS 2835: 1987;IS 3828: 1966;IS 8183: 1993,generated_from_metadata,
fcq_is_5437_1994_09,glass fibre reinforced for door and window construction,IS 5437: 1994,"FIGURED, ROLLED AND WIRED GLASS",glass fibre reinforced,door and window construction,alias,general_but_sufficient,product_aliases;application,IS 3438: 1994;IS 2835: 1987;IS 3828: 1966;IS 8183: 1993,generated_from_metadata,
fcq_is_5504_1997_01,SPIRAL WELDED PIPES standard,IS 5504: 1997,SPIRAL WELDED PIPES,pipe,SPIRAL WELDED PIPES,product_only,specific,primary_subject,IS 2062: 1999;IS 280: 1978;IS 1929: 1982;IS 3629: 1986,generated_from_metadata,
fcq_is_5504_1997_02,Need the Indian Standard covering SPIRAL WELDED PIPES,IS 5504: 1997,SPIRAL WELDED PIPES,pipe,SPIRAL WELDED PIPES,natural_language,specific,title,IS 2062: 1999;IS 280: 1978;IS 1929: 1982;IS 3629: 1986,generated_from_metadata,
fcq_is_5509_2000_01,Need the Indian Standard covering FIRE RETARDANT PLYWOOD,IS 5509: 2000,FIRE RETARDANT PLYWOOD,board,FIRE RETARDANT PLYWOOD,natural_language,specific,title,IS 13958: 1994;IS 4990: 1993;IS 190: 1991;IS 10394: 1982,generated_from_metadata,
fcq_is_5511_1991_01,COVERED ELECTRODES FOR MANUAL METAL ARC WELDING OF CAST IRON standard,IS 5511: 1991,COVERED ELECTRODES FOR MANUAL METAL ARC WELDING OF CAST IRON,electrode,COVERED ELECTRODES FOR MANUAL METAL ARC WELDING OF CAST IRON,product_only,specific,primary_subject,IS 1395: 1982;IS 4972: 1968;IS 1230: 1979;IS 8887: 2004,generated_from_metadata,
fcq_is_5511_1991_02,cast iron electrode,IS 5511: 1991,COVERED ELECTRODES FOR MANUAL METAL ARC WELDING OF CAST IRON,electrode,cast iron construction or composition,product_material,specific,canonical_product;material,IS 1395: 1982;IS 4972: 1968;IS 1230: 1979;IS 8887: 2004,generated_from_metadata,
fcq_is_5511_1991_03,Supply electrode meeting Indian Standard requirements for cast iron,IS 5511: 1991,COVERED ELECTRODES FOR MANUAL METAL ARC WELDING OF CAST IRON,electrode,cast iron,tender_sentence,specific,canonical_product;material,IS 1395: 1982;IS 4972: 1968;IS 1230: 1979;IS 8887: 2004,generated_from_metadata,
fcq_is_5511_1991_04,Need the Indian Standard covering COVERED ELECTRODES FOR MANUAL METAL ARC WELDING OF CAST IRON,IS 5511: 1991,COVERED ELECTRODES FOR MANUAL METAL ARC WELDING OF CAST IRON,electrode,COVERED ELECTRODES FOR MANUAL METAL ARC WELDING OF CAST IRON,natural_language,specific,title,IS 1395: 1982;IS 4972: 1968;IS 1230: 1979;IS 8887: 2004,generated_from_metadata,
fcq_is_5511_1991_05,electrodes for cast iron,IS 5511: 1991,COVERED ELECTRODES FOR MANUAL METAL ARC WELDING OF CAST IRON,electrodes,cast iron,alias,general_but_sufficient,product_aliases;material,IS 1395: 1982;IS 4972: 1968;IS 1230: 1979;IS 8887: 2004,generated_from_metadata,
fcq_is_5539_1969_01,board for roofing,IS 5539: 1969,"PRESERVATIVE TREATED PLYWOOD 1. Scope – Treatment of plywood for protection against fungi, termites and other insects and marine borers and requiremments of preservatives treated",board,for roofing,product_application,specific,canonical_product;application,IS 4990: 1993;IS 5509: 2000;IS 3308: 1981;IS 2525: 1982,generated_from_metadata,
fcq_is_5539_1969_02,timber board for roofing,IS 5539: 1969,"PRESERVATIVE TREATED PLYWOOD 1. Scope – Treatment of plywood for protection against fungi, termites and other insects and marine borers and requiremments of preservatives treated",board,timber product for roofing,material_application,specific,canonical_product;material;application,IS 4990: 1993;IS 5509: 2000;IS 3308: 1981;IS 2525: 1982,generated_from_metadata,
fcq_is_5539_1969_03,plywood for roofing,IS 5539: 1969,"PRESERVATIVE TREATED PLYWOOD 1. Scope – Treatment of plywood for protection against fungi, termites and other insects and marine borers and requiremments of preservatives treated",board,plywood used for roofing,subtype_application,specific,product_subtype;application,IS 4990: 1993;IS 5509: 2000;IS 3308: 1981;IS 2525: 1982,generated_from_metadata,
fcq_is_5539_1969_04,Supply board meeting Indian Standard requirements for roofing; timber,IS 5539: 1969,"PRESERVATIVE TREATED PLYWOOD 1. Scope – Treatment of plywood for protection against fungi, termites and other insects and marine borers and requiremments of preservatives treated",board,roofing; timber,tender_sentence,specific,canonical_product;application;material,IS 4990: 1993;IS 5509: 2000;IS 3308: 1981;IS 2525: 1982,generated_from_metadata,
fcq_is_5539_1969_05,"Need the Indian Standard covering PRESERVATIVE TREATED PLYWOOD 1. Scope – Treatment of plywood for protection against fungi, termites and other insects and marine borers and requiremments of preservatives treated",IS 5539: 1969,"PRESERVATIVE TREATED PLYWOOD 1. Scope – Treatment of plywood for protection against fungi, termites and other insects and marine borers and requiremments of preservatives treated",board,"PRESERVATIVE TREATED PLYWOOD 1. Scope – Treatment of plywood for protection against fungi, termites and other insects and marine borers and requiremments of preservatives treated",natural_language,specific,title,IS 4990: 1993;IS 5509: 2000;IS 3308: 1981;IS 2525: 1982,generated_from_metadata,
fcq_is_5539_1969_06,"board, roofing",IS 5539: 1969,"PRESERVATIVE TREATED PLYWOOD 1. Scope – Treatment of plywood for protection against fungi, termites and other insects and marine borers and requiremments of preservatives treated",board,roofing,boq_short,general_but_sufficient,canonical_product;application,IS 4990: 1993;IS 5509: 2000;IS 3308: 1981;IS 2525: 1982,generated_from_metadata,
fcq_is_5539_1969_07,bamboo mat board for roofing,IS 5539: 1969,"PRESERVATIVE TREATED PLYWOOD 1. Scope – Treatment of plywood for protection against fungi, termites and other insects and marine borers and requiremments of preservatives treated",bamboo mat board,roofing,alias,general_but_sufficient,product_aliases;application,IS 4990: 1993;IS 5509: 2000;IS 3308: 1981;IS 2525: 1982,generated_from_metadata,
fcq_is_5539_1969_08,boards for roofing,IS 5539: 1969,"PRESERVATIVE TREATED PLYWOOD 1. Scope – Treatment of plywood for protection against fungi, termites and other insects and marine borers and requiremments of preservatives treated",boards,roofing,alias,general_but_sufficient,product_aliases;application,IS 4990: 1993;IS 5509: 2000;IS 3308: 1981;IS 2525: 1982,generated_from_metadata,
fcq_is_5539_1969_09,coir board for roofing,IS 5539: 1969,"PRESERVATIVE TREATED PLYWOOD 1. Scope – Treatment of plywood for protection against fungi, termites and other insects and marine borers and requiremments of preservatives treated",coir board,roofing,alias,general_but_sufficient,product_aliases;application,IS 4990: 1993;IS 5509: 2000;IS 3308: 1981;IS 2525: 1982,generated_from_metadata,
fcq_is_5624_1993_01,FOUNDATION BOLTS standard,IS 5624: 1993,FOUNDATION BOLTS,bolt,FOUNDATION BOLTS,product_only,specific,primary_subject,IS 6639: 1972;IS 3468: 1991;IS 3818: 1992;IS 702: 1988,generated_from_metadata,
fcq_is_5624_1993_02,Need the Indian Standard covering FOUNDATION BOLTS,IS 5624: 1993,FOUNDATION BOLTS,bolt,FOUNDATION BOLTS,natural_language,specific,title,IS 6639: 1972;IS 3468: 1991;IS 3818: 1992;IS 702: 1988,generated_from_metadata,
fcq_is_5751_1984_01,PRECAST CONCRETE COPING BLOCKS standard,IS 5751: 1984,PRECAST CONCRETE COPING BLOCKS,block,PRECAST CONCRETE COPING BLOCKS,product_only,specific,primary_subject,IS 9893: 1981;IS 2185 (Part 1): 1979;IS 6452: 1989;IS 12234: 1988,generated_from_metadata,
fcq_is_5751_1984_02,Need the Indian Standard covering PRECAST CONCRETE COPING BLOCKS,IS 5751: 1984,PRECAST CONCRETE COPING BLOCKS,block,PRECAST CONCRETE COPING BLOCKS,natural_language,specific,title,IS 9893: 1981;IS 2185 (Part 1): 1979;IS 6452: 1989;IS 12234: 1988,generated_from_metadata,
fcq_is_5758_1984_01,PRECAST CONCRETE KERBS standard,IS 5758: 1984,PRECAST CONCRETE KERBS,channel,PRECAST CONCRETE KERBS,product_only,specific,primary_subject,IS 3921: 1985;IS 14201: 1994;IS 383: 1970;IS 10360: 1982,generated_from_metadata,
fcq_is_5758_1984_02,concrete channel,IS 5758: 1984,PRECAST CONCRETE KERBS,channel,concrete construction or composition,product_material,specific,canonical_product;material,IS 3921: 1985;IS 14201: 1994;IS 383: 1970;IS 10360: 1982,generated_from_metadata,
fcq_is_5758_1984_03,Supply channel meeting Indian Standard requirements for concrete,IS 5758: 1984,PRECAST CONCRETE KERBS,channel,concrete,tender_sentence,specific,canonical_product;material,IS 3921: 1985;IS 14201: 1994;IS 383: 1970;IS 10360: 1982,generated_from_metadata,
fcq_is_5758_1984_04,Need the Indian Standard covering PRECAST CONCRETE KERBS,IS 5758: 1984,PRECAST CONCRETE KERBS,channel,PRECAST CONCRETE KERBS,natural_language,specific,title,IS 3921: 1985;IS 14201: 1994;IS 383: 1970;IS 10360: 1982,generated_from_metadata,
fcq_is_5758_1984_05,channels for concrete,IS 5758: 1984,PRECAST CONCRETE KERBS,channels,concrete,alias,general_but_sufficient,product_aliases;material,IS 3921: 1985;IS 14201: 1994;IS 383: 1970;IS 10360: 1982,generated_from_metadata,
fcq_is_5758_1984_06,l-panel for concrete,IS 5758: 1984,PRECAST CONCRETE KERBS,l-panel,concrete,alias,general_but_sufficient,product_aliases;material,IS 3921: 1985;IS 14201: 1994;IS 383: 1970;IS 10360: 1982,generated_from_metadata,
fcq_is_5779_1986_01,BURNT CLAY SOLING BRICKS standard,IS 5779: 1986,BURNT CLAY SOLING BRICKS,brick,BURNT CLAY SOLING BRICKS,product_only,specific,primary_subject,IS 2222: 1991;IS 2180: 1988;IS 10360: 1982;IS 1128: 1974,generated_from_metadata,
fcq_is_5779_1986_02,Need the Indian Standard covering BURNT CLAY SOLING BRICKS,IS 5779: 1986,BURNT CLAY SOLING BRICKS,brick,BURNT CLAY SOLING BRICKS,natural_language,specific,title,IS 2222: 1991;IS 2180: 1988;IS 10360: 1982;IS 1128: 1974,generated_from_metadata,
fcq_is_5897_1985_01,ALUMINIUM AND ALUMINIUM ALLOY WELDING RODS AND WIRES AND MAGNESIUM ALLOY WELDING RODS standard,IS 5897: 1985,ALUMINIUM AND ALUMINIUM ALLOY WELDING RODS AND WIRES AND MAGNESIUM ALLOY WELDING RODS,rod,ALUMINIUM AND ALUMINIUM ALLOY WELDING RODS AND WIRES AND MAGNESIUM ALLOY WELDING RODS,product_only,specific,primary_subject,IS 5898: 1970;IS 6560: 1996;IS 739: 1992;IS 4985: 2000,generated_from_metadata,
fcq_is_5897_1985_02,aluminium rod,IS 5897: 1985,ALUMINIUM AND ALUMINIUM ALLOY WELDING RODS AND WIRES AND MAGNESIUM ALLOY WELDING RODS,rod,aluminium construction or composition,product_material,specific,canonical_product;material,IS 5898: 1970;IS 6560: 1996;IS 739: 1992;IS 4985: 2000,generated_from_metadata,
fcq_is_5897_1985_03,Supply rod meeting Indian Standard requirements for aluminium,IS 5897: 1985,ALUMINIUM AND ALUMINIUM ALLOY WELDING RODS AND WIRES AND MAGNESIUM ALLOY WELDING RODS,rod,aluminium,tender_sentence,specific,canonical_product;material,IS 5898: 1970;IS 6560: 1996;IS 739: 1992;IS 4985: 2000,generated_from_metadata,
fcq_is_5897_1985_04,Need the Indian Standard covering ALUMINIUM AND ALUMINIUM ALLOY WELDING RODS AND WIRES AND MAGNESIUM ALLOY WELDING RODS,IS 5897: 1985,ALUMINIUM AND ALUMINIUM ALLOY WELDING RODS AND WIRES AND MAGNESIUM ALLOY WELDING RODS,rod,ALUMINIUM AND ALUMINIUM ALLOY WELDING RODS AND WIRES AND MAGNESIUM ALLOY WELDING RODS,natural_language,specific,title,IS 5898: 1970;IS 6560: 1996;IS 739: 1992;IS 4985: 2000,generated_from_metadata,
fcq_is_5897_1985_05,filler rod for aluminium,IS 5897: 1985,ALUMINIUM AND ALUMINIUM ALLOY WELDING RODS AND WIRES AND MAGNESIUM ALLOY WELDING RODS,filler rod,aluminium,alias,general_but_sufficient,product_aliases;material,IS 5898: 1970;IS 6560: 1996;IS 739: 1992;IS 4985: 2000,generated_from_metadata,
fcq_is_5897_1985_06,filler rods for aluminium,IS 5897: 1985,ALUMINIUM AND ALUMINIUM ALLOY WELDING RODS AND WIRES AND MAGNESIUM ALLOY WELDING RODS,filler rods,aluminium,alias,general_but_sufficient,product_aliases;material,IS 5898: 1970;IS 6560: 1996;IS 739: 1992;IS 4985: 2000,generated_from_metadata,
fcq_is_5897_1985_07,rods for aluminium,IS 5897: 1985,ALUMINIUM AND ALUMINIUM ALLOY WELDING RODS AND WIRES AND MAGNESIUM ALLOY WELDING RODS,rods,aluminium,alias,general_but_sufficient,product_aliases;material,IS 5898: 1970;IS 6560: 1996;IS 739: 1992;IS 4985: 2000,generated_from_metadata,
fcq_is_5898_1970_01,COPPER AND COPPER ALLOY BARE SOLID WELDING RODS AND ELECTRODES standard,IS 5898: 1970,COPPER AND COPPER ALLOY BARE SOLID WELDING RODS AND ELECTRODES,rod,COPPER AND COPPER ALLOY BARE SOLID WELDING RODS AND ELECTRODES,product_only,specific,primary_subject,IS 5897: 1985;IS 6560: 1996;IS 12313: 1988;IS 8329: 2000,generated_from_metadata,
fcq_is_5898_1970_02,steel rod,IS 5898: 1970,COPPER AND COPPER ALLOY BARE SOLID WELDING RODS AND ELECTRODES,rod,steel construction or composition,product_material,specific,canonical_product;material,IS 5897: 1985;IS 6560: 1996;IS 12313: 1988;IS 8329: 2000,generated_from_metadata,
fcq_is_5898_1970_03,Supply rod meeting Indian Standard requirements for steel,IS 5898: 1970,COPPER AND COPPER ALLOY BARE SOLID WELDING RODS AND ELECTRODES,rod,steel,tender_sentence,specific,canonical_product;material,IS 5897: 1985;IS 6560: 1996;IS 12313: 1988;IS 8329: 2000,generated_from_metadata,
fcq_is_5898_1970_04,Need the Indian Standard covering COPPER AND COPPER ALLOY BARE SOLID WELDING RODS AND ELECTRODES,IS 5898: 1970,COPPER AND COPPER ALLOY BARE SOLID WELDING RODS AND ELECTRODES,rod,COPPER AND COPPER ALLOY BARE SOLID WELDING RODS AND ELECTRODES,natural_language,specific,title,IS 5897: 1985;IS 6560: 1996;IS 12313: 1988;IS 8329: 2000,generated_from_metadata,
fcq_is_5898_1970_05,filler rod for steel,IS 5898: 1970,COPPER AND COPPER ALLOY BARE SOLID WELDING RODS AND ELECTRODES,filler rod,steel,alias,general_but_sufficient,product_aliases;material,IS 5897: 1985;IS 6560: 1996;IS 12313: 1988;IS 8329: 2000,generated_from_metadata,
fcq_is_5898_1970_06,filler rods for steel,IS 5898: 1970,COPPER AND COPPER ALLOY BARE SOLID WELDING RODS AND ELECTRODES,filler rods,steel,alias,general_but_sufficient,product_aliases;material,IS 5897: 1985;IS 6560: 1996;IS 12313: 1988;IS 8329: 2000,generated_from_metadata,
fcq_is_5898_1970_07,rods for steel,IS 5898: 1970,COPPER AND COPPER ALLOY BARE SOLID WELDING RODS AND ELECTRODES,rods,steel,alias,general_but_sufficient,product_aliases;material,IS 5897: 1985;IS 6560: 1996;IS 12313: 1988;IS 8329: 2000,generated_from_metadata,
fcq_is_5899_1970_01,"BATH ROOM LATCHES 1. Scope – Requirements for material, size and finish of bathroom latches. 2 standard",IS 5899: 1970,"BATH ROOM LATCHES 1. Scope – Requirements for material, size and finish of bathroom latches. 2.",latch,"BATH ROOM LATCHES 1. Scope – Requirements for material, size and finish of bathroom latches. 2",product_only,specific,primary_subject,IS 1019: 1974;IS 9106: 1979;IS 775: 1970;IS 5246: 2000,generated_from_metadata,
fcq_is_5899_1970_02,cast iron latch,IS 5899: 1970,"BATH ROOM LATCHES 1. Scope – Requirements for material, size and finish of bathroom latches. 2.",latch,cast iron construction or composition,product_material,specific,canonical_product;material,IS 1019: 1974;IS 9106: 1979;IS 775: 1970;IS 5246: 2000,generated_from_metadata,
fcq_is_5899_1970_03,Supply latch meeting Indian Standard requirements for cast iron,IS 5899: 1970,"BATH ROOM LATCHES 1. Scope – Requirements for material, size and finish of bathroom latches. 2.",latch,cast iron,tender_sentence,specific,canonical_product;material,IS 1019: 1974;IS 9106: 1979;IS 775: 1970;IS 5246: 2000,generated_from_metadata,
fcq_is_5899_1970_04,"Need the Indian Standard covering BATH ROOM LATCHES 1. Scope – Requirements for material, size and finish of bathroom latches. 2.",IS 5899: 1970,"BATH ROOM LATCHES 1. Scope – Requirements for material, size and finish of bathroom latches. 2.",latch,"BATH ROOM LATCHES 1. Scope – Requirements for material, size and finish of bathroom latches. 2.",natural_language,specific,title,IS 1019: 1974;IS 9106: 1979;IS 775: 1970;IS 5246: 2000,generated_from_metadata,
fcq_is_5899_1970_05,latches for cast iron,IS 5899: 1970,"BATH ROOM LATCHES 1. Scope – Requirements for material, size and finish of bathroom latches. 2.",latches,cast iron,alias,general_but_sufficient,product_aliases;material,IS 1019: 1974;IS 9106: 1979;IS 775: 1970;IS 5246: 2000,generated_from_metadata,
fcq_is_5899_1970_06,rim latch for cast iron,IS 5899: 1970,"BATH ROOM LATCHES 1. Scope – Requirements for material, size and finish of bathroom latches. 2.",rim latch,cast iron,alias,general_but_sufficient,product_aliases;material,IS 1019: 1974;IS 9106: 1979;IS 775: 1970;IS 5246: 2000,generated_from_metadata,
fcq_is_5899_1970_07,rim latches for cast iron,IS 5899: 1970,"BATH ROOM LATCHES 1. Scope – Requirements for material, size and finish of bathroom latches. 2.",rim latches,cast iron,alias,general_but_sufficient,product_aliases;material,IS 1019: 1974;IS 9106: 1979;IS 775: 1970;IS 5246: 2000,generated_from_metadata,
fcq_is_5930_1970_01,MORTICE LATCH standard,IS 5930: 1970,MORTICE LATCH,latch,MORTICE LATCH,product_only,specific,primary_subject,IS 3847: 1992;IS 1019: 1974;IS 3828: 1966;IS 212: 1983,generated_from_metadata,
fcq_is_5930_1970_02,Need the Indian Standard covering MORTICE LATCH,IS 5930: 1970,MORTICE LATCH,latch,MORTICE LATCH,natural_language,specific,title,IS 3847: 1992;IS 1019: 1974;IS 3828: 1966;IS 212: 1983,generated_from_metadata,
fcq_is_6056_1970_01,JOINTED WOOD POLES FOR OVERHEAD POWER TELECOMMUNICATION LINES TABLE 1 DIMENSION OF THE JOINTED WOOD POLES Overall Groundline standard,IS 6056: 1970,JOINTED WOOD POLES FOR OVERHEAD POWER TELECOMMUNICATION LINES TABLE 1 DIMENSION OF THE JOINTED WOOD POLES Overall Groundline,timber,JOINTED WOOD POLES FOR OVERHEAD POWER TELECOMMUNICATION LINES TABLE 1 DIMENSION OF THE JOINTED WOOD POLES Overall Groundline,product_only,specific,primary_subject,IS 876: 1992;IS 2372: 2004;IS 13958: 1994;IS 1826: 1961,generated_from_metadata,
fcq_is_6056_1970_02,Need the Indian Standard covering JOINTED WOOD POLES FOR OVERHEAD POWER TELECOMMUNICATION LINES TABLE 1 DIMENSION OF THE JOINTED WOOD POLES Overall Groundline,IS 6056: 1970,JOINTED WOOD POLES FOR OVERHEAD POWER TELECOMMUNICATION LINES TABLE 1 DIMENSION OF THE JOINTED WOOD POLES Overall Groundline,timber,JOINTED WOOD POLES FOR OVERHEAD POWER TELECOMMUNICATION LINES TABLE 1 DIMENSION OF THE JOINTED WOOD POLES Overall Groundline,natural_language,specific,title,IS 876: 1992;IS 2372: 2004;IS 13958: 1994;IS 1826: 1961,generated_from_metadata,
fcq_is_6113_1970_01,"ALUMINIUM FASTENERS FOR BUILDING PURPOSES 4. Designation — As an example, seam bolt size M8, length 20 mm and material HG 19 shall be designated as standard",IS 6113: 1970,"ALUMINIUM FASTENERS FOR BUILDING PURPOSES 4. Designation — As an example, seam bolt size M8, length 20 mm and material HG 19 shall be designated as",bolt,"ALUMINIUM FASTENERS FOR BUILDING PURPOSES 4. Designation — As an example, seam bolt size M8, length 20 mm and material HG 19 shall be designated as",product_only,specific,primary_subject,IS 8033: 1976;IS 8412: 1977;IS 12313: 1988;IS 3004: 1979,generated_from_metadata,
fcq_is_6113_1970_02,bolt required to roofing,IS 6113: 1970,"ALUMINIUM FASTENERS FOR BUILDING PURPOSES 4. Designation — As an example, seam bolt size M8, length 20 mm and material HG 19 shall be designated as",bolt,required to roofing,product_function,specific,canonical_product;function,IS 8033: 1976;IS 8412: 1977;IS 12313: 1988;IS 3004: 1979,generated_from_metadata,
fcq_is_6113_1970_03,bolt for roofing,IS 6113: 1970,"ALUMINIUM FASTENERS FOR BUILDING PURPOSES 4. Designation — As an example, seam bolt size M8, length 20 mm and material HG 19 shall be designated as",bolt,for roofing,product_application,specific,canonical_product;application,IS 8033: 1976;IS 8412: 1977;IS 12313: 1988;IS 3004: 1979,generated_from_metadata,
fcq_is_6113_1970_04,aluminium bolt for roofing,IS 6113: 1970,"ALUMINIUM FASTENERS FOR BUILDING PURPOSES 4. Designation — As an example, seam bolt size M8, length 20 mm and material HG 19 shall be designated as",bolt,aluminium product for roofing,material_application,specific,canonical_product;material;application,IS 8033: 1976;IS 8412: 1977;IS 12313: 1988;IS 3004: 1979,generated_from_metadata,
fcq_is_6113_1970_05,Supply bolt meeting Indian Standard requirements for roofing; roofing; aluminium,IS 6113: 1970,"ALUMINIUM FASTENERS FOR BUILDING PURPOSES 4. Designation — As an example, seam bolt size M8, length 20 mm and material HG 19 shall be designated as",bolt,roofing; roofing; aluminium,tender_sentence,specific,canonical_product;application;function;material,IS 8033: 1976;IS 8412: 1977;IS 12313: 1988;IS 3004: 1979,generated_from_metadata,
fcq_is_6113_1970_06,"Need the Indian Standard covering ALUMINIUM FASTENERS FOR BUILDING PURPOSES 4. Designation — As an example, seam bolt size M8, length 20 mm and material HG 19 shall be designated as",IS 6113: 1970,"ALUMINIUM FASTENERS FOR BUILDING PURPOSES 4. Designation — As an example, seam bolt size M8, length 20 mm and material HG 19 shall be designated as",bolt,"ALUMINIUM FASTENERS FOR BUILDING PURPOSES 4. Designation — As an example, seam bolt size M8, length 20 mm and material HG 19 shall be designated as",natural_language,specific,title,IS 8033: 1976;IS 8412: 1977;IS 12313: 1988;IS 3004: 1979,generated_from_metadata,
fcq_is_6113_1970_07,"bolt, roofing",IS 6113: 1970,"ALUMINIUM FASTENERS FOR BUILDING PURPOSES 4. Designation — As an example, seam bolt size M8, length 20 mm and material HG 19 shall be designated as",bolt,roofing,boq_short,general_but_sufficient,canonical_product;application,IS 8033: 1976;IS 8412: 1977;IS 12313: 1988;IS 3004: 1979,generated_from_metadata,
fcq_is_6113_1970_08,bolts for roofing,IS 6113: 1970,"ALUMINIUM FASTENERS FOR BUILDING PURPOSES 4. Designation — As an example, seam bolt size M8, length 20 mm and material HG 19 shall be designated as",bolts,roofing,alias,general_but_sufficient,product_aliases;application,IS 8033: 1976;IS 8412: 1977;IS 12313: 1988;IS 3004: 1979,generated_from_metadata,
fcq_is_6113_1970_09,hexagon head bolt for roofing,IS 6113: 1970,"ALUMINIUM FASTENERS FOR BUILDING PURPOSES 4. Designation — As an example, seam bolt size M8, length 20 mm and material HG 19 shall be designated as",hexagon head bolt,roofing,alias,general_but_sufficient,product_aliases;application,IS 8033: 1976;IS 8412: 1977;IS 12313: 1988;IS 3004: 1979,generated_from_metadata,
fcq_is_6113_1970_10,structural bolt for roofing,IS 6113: 1970,"ALUMINIUM FASTENERS FOR BUILDING PURPOSES 4. Designation — As an example, seam bolt size M8, length 20 mm and material HG 19 shall be designated as",structural bolt,roofing,alias,general_but_sufficient,product_aliases;application,IS 8033: 1976;IS 8412: 1977;IS 12313: 1988;IS 3004: 1979,generated_from_metadata,
fcq_is_6163_1978_01,"CENTRIFUGALLY CAST (SPUN) IRON LOW PRESSURE PIPES FOR WATER, GAS AND SEWAGE standard",IS 6163: 1978,"CENTRIFUGALLY CAST (SPUN) IRON LOW PRESSURE PIPES FOR WATER, GAS AND SEWAGE",pipe,"CENTRIFUGALLY CAST (SPUN) IRON LOW PRESSURE PIPES FOR WATER, GAS AND SEWAGE",product_only,specific,primary_subject,IS 1536: 2001;IS 1538: 1993;IS 8329: 2000;IS 5897: 1985,generated_from_metadata,
fcq_is_6163_1978_02,cast iron pipe for potable water supply,IS 6163: 1978,"CENTRIFUGALLY CAST (SPUN) IRON LOW PRESSURE PIPES FOR WATER, GAS AND SEWAGE",pipe,cast iron product for potable water supply,material_application,specific,canonical_product;material;application,IS 1536: 2001;IS 1538: 1993;IS 8329: 2000;IS 5897: 1985,generated_from_metadata,
fcq_is_6163_1978_03,Supply pipe meeting Indian Standard requirements for potable water supply; carry sewage; cast iron,IS 6163: 1978,"CENTRIFUGALLY CAST (SPUN) IRON LOW PRESSURE PIPES FOR WATER, GAS AND SEWAGE",pipe,potable water supply; carry sewage; cast iron,tender_sentence,specific,canonical_product;application;function;material,IS 1536: 2001;IS 1538: 1993;IS 8329: 2000;IS 5897: 1985,generated_from_metadata,
fcq_is_6163_1978_04,"Need the Indian Standard covering CENTRIFUGALLY CAST (SPUN) IRON LOW PRESSURE PIPES FOR WATER, GAS AND SEWAGE",IS 6163: 1978,"CENTRIFUGALLY CAST (SPUN) IRON LOW PRESSURE PIPES FOR WATER, GAS AND SEWAGE",pipe,"CENTRIFUGALLY CAST (SPUN) IRON LOW PRESSURE PIPES FOR WATER, GAS AND SEWAGE",natural_language,specific,title,IS 1536: 2001;IS 1538: 1993;IS 8329: 2000;IS 5897: 1985,generated_from_metadata,
fcq_is_6165_1992_01,DIMENSIONS FOR SPECIAL SHAPES OF CLAY BRICKS standard,IS 6165: 1992,DIMENSIONS FOR SPECIAL SHAPES OF CLAY BRICKS,brick,DIMENSIONS FOR SPECIAL SHAPES OF CLAY BRICKS,product_only,specific,primary_subject,IS 13757: 1993;IS 1077: 1992;IS 2116: 1980;IS 10342: 1982,generated_from_metadata,
fcq_is_6165_1992_02,Need the Indian Standard covering DIMENSIONS FOR SPECIAL SHAPES OF CLAY BRICKS,IS 6165: 1992,DIMENSIONS FOR SPECIAL SHAPES OF CLAY BRICKS,brick,DIMENSIONS FOR SPECIAL SHAPES OF CLAY BRICKS,natural_language,specific,title,IS 13757: 1993;IS 1077: 1992;IS 2116: 1980;IS 10342: 1982,generated_from_metadata,
fcq_is_6198_1992_01,"LEDGED, BRACED AND BATTENED TIMBER DOOR SHUTTERS standard",IS 6198: 1992,"LEDGED, BRACED AND BATTENED TIMBER DOOR SHUTTERS",door,"LEDGED, BRACED AND BATTENED TIMBER DOOR SHUTTERS",product_only,specific,primary_subject,IS 2191 (Part 1): 1983;IS 2202 (Part 1): 1999;IS 1019: 1974;IS 1795: 1982,generated_from_metadata,
fcq_is_6198_1992_02,"Need the Indian Standard covering LEDGED, BRACED AND BATTENED TIMBER DOOR SHUTTERS",IS 6198: 1992,"LEDGED, BRACED AND BATTENED TIMBER DOOR SHUTTERS",door,"LEDGED, BRACED AND BATTENED TIMBER DOOR SHUTTERS",natural_language,specific,title,IS 2191 (Part 1): 1983;IS 2202 (Part 1): 1999;IS 1019: 1974;IS 1795: 1982,generated_from_metadata,
fcq_is_6248_1979_01,METAL ROLLING SHUTTERS AND ROLLING GRILLS standard,IS 6248: 1979,METAL ROLLING SHUTTERS AND ROLLING GRILLS,door,METAL ROLLING SHUTTERS AND ROLLING GRILLS,product_only,specific,primary_subject,IS 1038: 1983;IS 281: 1991;IS 10019: 1981;IS 3311: 1979,generated_from_metadata,
fcq_is_6248_1979_02,Need the Indian Standard covering METAL ROLLING SHUTTERS AND ROLLING GRILLS,IS 6248: 1979,METAL ROLLING SHUTTERS AND ROLLING GRILLS,door,METAL ROLLING SHUTTERS AND ROLLING GRILLS,natural_language,specific,title,IS 1038: 1983;IS 281: 1991;IS 10019: 1981;IS 3311: 1979,generated_from_metadata,
fcq_is_6286_1971_01,SEAMLESS AND WELDED STEEL PIPE FOR SUB-ZERO TEMPERATURE SERVICE standard,IS 6286: 1971,SEAMLESS AND WELDED STEEL PIPE FOR SUB-ZERO TEMPERATURE SERVICE,pipe,SEAMLESS AND WELDED STEEL PIPE FOR SUB-ZERO TEMPERATURE SERVICE,product_only,specific,primary_subject,IS 1161: 1998;IS 3502: 1994;IS 6909: 1990;IS 2372: 2004,generated_from_metadata,
fcq_is_6286_1971_02,Need the Indian Standard covering SEAMLESS AND WELDED STEEL PIPE FOR SUB-ZERO TEMPERATURE SERVICE,IS 6286: 1971,SEAMLESS AND WELDED STEEL PIPE FOR SUB-ZERO TEMPERATURE SERVICE,pipe,SEAMLESS AND WELDED STEEL PIPE FOR SUB-ZERO TEMPERATURE SERVICE,natural_language,specific,title,IS 1161: 1998;IS 3502: 1994;IS 6909: 1990;IS 2372: 2004,generated_from_metadata,
fcq_is_6315_1992_01,FLOOR SPRINGS (HYDRAULICALLY REGULATED) FOR HEAVY DOORS standard,IS 6315: 1992,FLOOR SPRINGS (HYDRAULICALLY REGULATED) FOR HEAVY DOORS,door,FLOOR SPRINGS (HYDRAULICALLY REGULATED) FOR HEAVY DOORS,product_only,specific,primary_subject,IS 7197: 1974;IS 3564: 1995;IS 6418: 1971;IS 404 (Part 1): 1993,generated_from_metadata,
fcq_is_6315_1992_02,cast iron door for flooring,IS 6315: 1992,FLOOR SPRINGS (HYDRAULICALLY REGULATED) FOR HEAVY DOORS,door,cast iron product for flooring,material_application,specific,canonical_product;material;application,IS 7197: 1974;IS 3564: 1995;IS 6418: 1971;IS 404 (Part 1): 1993,generated_from_metadata,
fcq_is_6315_1992_03,Supply door meeting Indian Standard requirements for flooring; cast iron,IS 6315: 1992,FLOOR SPRINGS (HYDRAULICALLY REGULATED) FOR HEAVY DOORS,door,flooring; cast iron,tender_sentence,specific,canonical_product;application;material,IS 7197: 1974;IS 3564: 1995;IS 6418: 1971;IS 404 (Part 1): 1993,generated_from_metadata,
fcq_is_6315_1992_04,Need the Indian Standard covering FLOOR SPRINGS (HYDRAULICALLY REGULATED) FOR HEAVY DOORS,IS 6315: 1992,FLOOR SPRINGS (HYDRAULICALLY REGULATED) FOR HEAVY DOORS,door,FLOOR SPRINGS (HYDRAULICALLY REGULATED) FOR HEAVY DOORS,natural_language,specific,title,IS 7197: 1974;IS 3564: 1995;IS 6418: 1971;IS 404 (Part 1): 1993,generated_from_metadata,
fcq_is_6318_1971_01,PLASTIC WINDOW STAYS AND FASTENERS 1. Scope – Lays down performance and functional requirements of window stays made of polypropylene and fasteners (handles) made of nylon standard,IS 6318: 1971,PLASTIC WINDOW STAYS AND FASTENERS 1. Scope – Lays down performance and functional requirements of window stays made of polypropylene and fasteners (handles) made of nylon.,fastener,PLASTIC WINDOW STAYS AND FASTENERS 1. Scope – Lays down performance and functional requirements of window stays made of polypropylene and fasteners (handles) made of nylon,product_only,specific,primary_subject,IS 10019: 1981;IS 204 (Part 1): 1991;IS 3828: 1966;IS 771 (Part 5): 1979,generated_from_metadata,
fcq_is_6318_1971_02,Supply fastener meeting Indian Standard requirements for door and window construction,IS 6318: 1971,PLASTIC WINDOW STAYS AND FASTENERS 1. Scope – Lays down performance and functional requirements of window stays made of polypropylene and fasteners (handles) made of nylon.,fastener,door and window construction,tender_sentence,specific,canonical_product;application,IS 10019: 1981;IS 204 (Part 1): 1991;IS 3828: 1966;IS 771 (Part 5): 1979,generated_from_metadata,
fcq_is_6318_1971_03,Need the Indian Standard covering PLASTIC WINDOW STAYS AND FASTENERS 1. Scope – Lays down performance and functional requirements of window stays made of polypropylene and fasteners (handles) made of nylon.,IS 6318: 1971,PLASTIC WINDOW STAYS AND FASTENERS 1. Scope – Lays down performance and functional requirements of window stays made of polypropylene and fasteners (handles) made of nylon.,fastener,PLASTIC WINDOW STAYS AND FASTENERS 1. Scope – Lays down performance and functional requirements of window stays made of polypropylene and fasteners (handles) made of nylon.,natural_language,specific,title,IS 10019: 1981;IS 204 (Part 1): 1991;IS 3828: 1966;IS 771 (Part 5): 1979,generated_from_metadata,
fcq_is_6343_1982_01,DOOR CLOSERS (PNEUMATICALLY REGULATED) FOR LIGHT DOORS WEIGHING UPTO 40 KG standard,IS 6343: 1982,DOOR CLOSERS (PNEUMATICALLY REGULATED) FOR LIGHT DOORS WEIGHING UPTO 40 KG,door,DOOR CLOSERS (PNEUMATICALLY REGULATED) FOR LIGHT DOORS WEIGHING UPTO 40 KG,product_only,specific,primary_subject,IS 3564: 1995;IS 3828: 1966;IS 5930: 1970;IS 5187: 1972,generated_from_metadata,
fcq_is_6343_1982_02,Need the Indian Standard covering DOOR CLOSERS (PNEUMATICALLY REGULATED) FOR LIGHT DOORS WEIGHING UPTO 40 KG,IS 6343: 1982,DOOR CLOSERS (PNEUMATICALLY REGULATED) FOR LIGHT DOORS WEIGHING UPTO 40 KG,door,DOOR CLOSERS (PNEUMATICALLY REGULATED) FOR LIGHT DOORS WEIGHING UPTO 40 KG,natural_language,specific,title,IS 3564: 1995;IS 3828: 1966;IS 5930: 1970;IS 5187: 1972,generated_from_metadata,
fcq_is_6445_1985_01,aluminium pipe fitting,IS 6445: 1985,ALUMINIUM TEE - SECTIONS,pipe fitting,aluminium construction or composition,product_material,specific,canonical_product;material,IS 7834 (Part 4): 1987;IS 8500: 1991;IS 5384: 1985;IS 808: 1989,generated_from_metadata,
fcq_is_6445_1985_02,Supply pipe fitting meeting Indian Standard requirements for aluminium,IS 6445: 1985,ALUMINIUM TEE - SECTIONS,pipe fitting,aluminium,tender_sentence,specific,canonical_product;material,IS 7834 (Part 4): 1987;IS 8500: 1991;IS 5384: 1985;IS 808: 1989,generated_from_metadata,
fcq_is_6445_1985_03,Need the Indian Standard covering ALUMINIUM TEE - SECTIONS,IS 6445: 1985,ALUMINIUM TEE - SECTIONS,pipe fitting,ALUMINIUM TEE - SECTIONS,natural_language,specific,title,IS 7834 (Part 4): 1987;IS 8500: 1991;IS 5384: 1985;IS 808: 1989,generated_from_metadata,
fcq_is_6445_1985_04,bend for aluminium,IS 6445: 1985,ALUMINIUM TEE - SECTIONS,bend,aluminium,alias,general_but_sufficient,product_aliases;material,IS 7834 (Part 4): 1987;IS 8500: 1991;IS 5384: 1985;IS 808: 1989,generated_from_metadata,
fcq_is_6445_1985_05,bends for aluminium,IS 6445: 1985,ALUMINIUM TEE - SECTIONS,bends,aluminium,alias,general_but_sufficient,product_aliases;material,IS 7834 (Part 4): 1987;IS 8500: 1991;IS 5384: 1985;IS 808: 1989,generated_from_metadata,
fcq_is_6445_1985_06,coupler for aluminium,IS 6445: 1985,ALUMINIUM TEE - SECTIONS,coupler,aluminium,alias,general_but_sufficient,product_aliases;material,IS 7834 (Part 4): 1987;IS 8500: 1991;IS 5384: 1985;IS 808: 1989,generated_from_metadata,
fcq_is_6452_1989_01,HIGH ALUMINA CEMENT FOR STRUCTURAL USE standard,IS 6452: 1989,HIGH ALUMINA CEMENT FOR STRUCTURAL USE,cement,HIGH ALUMINA CEMENT FOR STRUCTURAL USE,product_only,specific,primary_subject,IS 1237: 1980;IS 455: 1989;IS 383: 1970;IS 6006: 1983,generated_from_metadata,
fcq_is_6452_1989_02,Need the Indian Standard covering HIGH ALUMINA CEMENT FOR STRUCTURAL USE,IS 6452: 1989,HIGH ALUMINA CEMENT FOR STRUCTURAL USE,cement,HIGH ALUMINA CEMENT FOR STRUCTURAL USE,natural_language,specific,title,IS 1237: 1980;IS 455: 1989;IS 383: 1970;IS 6006: 1983,generated_from_metadata,
fcq_is_651_1992_01,Supply pipe fitting meeting Indian Standard requirements for potable water supply; carry potable water,IS 651: 1992,SALT GLAZED STONEWARE PIPES AND FITTINGS,pipe fitting,potable water supply; carry potable water,tender_sentence,specific,canonical_product;application;function,IS 3006: 1979;IS 1538: 1993;IS 8008 (Part 1): 2003;IS 12701: 1996,generated_from_metadata,
fcq_is_651_1992_02,Need the Indian Standard covering SALT GLAZED STONEWARE PIPES AND FITTINGS,IS 651: 1992,SALT GLAZED STONEWARE PIPES AND FITTINGS,pipe fitting,SALT GLAZED STONEWARE PIPES AND FITTINGS,natural_language,specific,title,IS 3006: 1979;IS 1538: 1993;IS 8008 (Part 1): 2003;IS 12701: 1996,generated_from_metadata,
fcq_is_6538_1971_01,THREE-PIN PLUGS MADE OF RESILIENTMATERIAL standard,IS 6538: 1971,THREE-PIN PLUGS MADE OF RESILIENTMATERIAL,plug socket,THREE-PIN PLUGS MADE OF RESILIENTMATERIAL,product_only,specific,primary_subject,IS 1293: 1988;IS 4160: 1967;IS 3709: 1966;IS 7193: 1974,generated_from_metadata,
fcq_is_6538_1971_02,Need the Indian Standard covering THREE-PIN PLUGS MADE OF RESILIENTMATERIAL,IS 6538: 1971,THREE-PIN PLUGS MADE OF RESILIENTMATERIAL,plug socket,THREE-PIN PLUGS MADE OF RESILIENTMATERIAL,natural_language,specific,title,IS 1293: 1988;IS 4160: 1967;IS 3709: 1966;IS 7193: 1974,generated_from_metadata,
fcq_is_653_1992_01,LINOLEUM SHEET AND TILES standard,IS 653: 1992,LINOLEUM SHEET AND TILES,tile,LINOLEUM SHEET AND TILES,product_only,specific,primary_subject,IS 3461: 1980;IS 1128: 1974;IS 4021: 1995;IS 12583: 1988,generated_from_metadata,
fcq_is_653_1992_02,timber tile,IS 653: 1992,LINOLEUM SHEET AND TILES,tile,timber construction or composition,product_material,specific,canonical_product;material,IS 3461: 1980;IS 1128: 1974;IS 4021: 1995;IS 12583: 1988,generated_from_metadata,
fcq_is_653_1992_03,timber tile for flooring,IS 653: 1992,LINOLEUM SHEET AND TILES,tile,timber product for flooring,material_application,specific,canonical_product;material;application,IS 3461: 1980;IS 1128: 1974;IS 4021: 1995;IS 12583: 1988,generated_from_metadata,
fcq_is_653_1992_04,Supply tile meeting Indian Standard requirements for flooring; timber,IS 653: 1992,LINOLEUM SHEET AND TILES,tile,flooring; timber,tender_sentence,specific,canonical_product;application;material,IS 3461: 1980;IS 1128: 1974;IS 4021: 1995;IS 12583: 1988,generated_from_metadata,
fcq_is_653_1992_05,Need the Indian Standard covering LINOLEUM SHEET AND TILES,IS 653: 1992,LINOLEUM SHEET AND TILES,tile,LINOLEUM SHEET AND TILES,natural_language,specific,title,IS 3461: 1980;IS 1128: 1974;IS 4021: 1995;IS 12583: 1988,generated_from_metadata,
fcq_is_654_1992_01,"CLAY ROOFING TILES, MANGALORE PATTERN standard",IS 654: 1992,"CLAY ROOFING TILES, MANGALORE PATTERN",tile,"CLAY ROOFING TILES, MANGALORE PATTERN",product_only,specific,primary_subject,IS 2690 (Part 1): 1993;IS 1478: 1992;IS 2222: 1991;IS 3337: 1978,generated_from_metadata,
fcq_is_654_1992_02,Supply tile meeting Indian Standard requirements for roofing; roofing; clay,IS 654: 1992,"CLAY ROOFING TILES, MANGALORE PATTERN",tile,roofing; roofing; clay,tender_sentence,specific,canonical_product;application;function;material,IS 2690 (Part 1): 1993;IS 1478: 1992;IS 2222: 1991;IS 3337: 1978,generated_from_metadata,
fcq_is_654_1992_03,"Need the Indian Standard covering CLAY ROOFING TILES, MANGALORE PATTERN",IS 654: 1992,"CLAY ROOFING TILES, MANGALORE PATTERN",tile,"CLAY ROOFING TILES, MANGALORE PATTERN",natural_language,specific,title,IS 2690 (Part 1): 1993;IS 1478: 1992;IS 2222: 1991;IS 3337: 1978,generated_from_metadata,
fcq_is_6560_1996_01,MOLYBDENUM AND CHROMIUM-MOLYBDENUM LOW ALLOY STEEL WELDING RODS AND BARE ELECTRODES FOR GAS SHIELDED ARC WELDING standard,IS 6560: 1996,MOLYBDENUM AND CHROMIUM-MOLYBDENUM LOW ALLOY STEEL WELDING RODS AND BARE ELECTRODES FOR GAS SHIELDED ARC WELDING,rod,MOLYBDENUM AND CHROMIUM-MOLYBDENUM LOW ALLOY STEEL WELDING RODS AND BARE ELECTRODES FOR GAS SHIELDED ARC WELDING,product_only,specific,primary_subject,IS 5897: 1985;IS 5898: 1970;IS 1977: 1996;IS 7280: 1974,generated_from_metadata,
fcq_is_6560_1996_02,Need the Indian Standard covering MOLYBDENUM AND CHROMIUM-MOLYBDENUM LOW ALLOY STEEL WELDING RODS AND BARE ELECTRODES FOR GAS SHIELDED ARC WELDING,IS 6560: 1996,MOLYBDENUM AND CHROMIUM-MOLYBDENUM LOW ALLOY STEEL WELDING RODS AND BARE ELECTRODES FOR GAS SHIELDED ARC WELDING,rod,MOLYBDENUM AND CHROMIUM-MOLYBDENUM LOW ALLOY STEEL WELDING RODS AND BARE ELECTRODES FOR GAS SHIELDED ARC WELDING,natural_language,specific,title,IS 5897: 1985;IS 5898: 1970;IS 1977: 1996;IS 7280: 1974,generated_from_metadata,
fcq_is_6579_1981_01,COARSE AGGREGATE FOR WATER BOUND MACADAM standard,IS 6579: 1981,COARSE AGGREGATE FOR WATER BOUND MACADAM,aggregate,COARSE AGGREGATE FOR WATER BOUND MACADAM,product_only,specific,primary_subject,IS 383: 1970;IS 2686: 1977;IS 5779: 1986;IS 3921: 1985,generated_from_metadata,
fcq_is_6579_1981_02,clay aggregate,IS 6579: 1981,COARSE AGGREGATE FOR WATER BOUND MACADAM,aggregate,clay construction or composition,product_material,specific,canonical_product;material,IS 383: 1970;IS 2686: 1977;IS 5779: 1986;IS 3921: 1985,generated_from_metadata,
fcq_is_6579_1981_03,Supply aggregate meeting Indian Standard requirements for clay,IS 6579: 1981,COARSE AGGREGATE FOR WATER BOUND MACADAM,aggregate,clay,tender_sentence,specific,canonical_product;material,IS 383: 1970;IS 2686: 1977;IS 5779: 1986;IS 3921: 1985,generated_from_metadata,
fcq_is_6579_1981_04,Need the Indian Standard covering COARSE AGGREGATE FOR WATER BOUND MACADAM,IS 6579: 1981,COARSE AGGREGATE FOR WATER BOUND MACADAM,aggregate,COARSE AGGREGATE FOR WATER BOUND MACADAM,natural_language,specific,title,IS 383: 1970;IS 2686: 1977;IS 5779: 1986;IS 3921: 1985,generated_from_metadata,
fcq_is_6579_1981_05,aggregates for clay,IS 6579: 1981,COARSE AGGREGATE FOR WATER BOUND MACADAM,aggregates,clay,alias,general_but_sufficient,product_aliases;material,IS 383: 1970;IS 2686: 1977;IS 5779: 1986;IS 3921: 1985,generated_from_metadata,
fcq_is_6598_1972_01,CELLULAR CONCRETE FOR THERMAL INSULATION 1. Scope – Requirements and the methods of sampling and test for cellular concrete for thermal linsulation. Note – Cellular concrete (formed by producing gas or air standard,IS 6598: 1972,CELLULAR CONCRETE FOR THERMAL INSULATION 1. Scope – Requirements and the methods of sampling and test for cellular concrete for thermal linsulation. Note – Cellular concrete (formed by producing gas or air,thermal insulation,CELLULAR CONCRETE FOR THERMAL INSULATION 1. Scope – Requirements and the methods of sampling and test for cellular concrete for thermal linsulation. Note – Cellular concrete (formed by producing gas or air,product_only,specific,primary_subject,IS 7509: 1993;IS 11128: 1984;IS 3709: 1966;IS 14182: 1994,generated_from_metadata,
fcq_is_6598_1972_02,Need the Indian Standard covering CELLULAR CONCRETE FOR THERMAL INSULATION 1. Scope – Requirements and the methods of sampling and test for cellular concrete for thermal linsulation. Note – Cellular concrete (formed by producing gas or air,IS 6598: 1972,CELLULAR CONCRETE FOR THERMAL INSULATION 1. Scope – Requirements and the methods of sampling and test for cellular concrete for thermal linsulation. Note – Cellular concrete (formed by producing gas or air,thermal insulation,CELLULAR CONCRETE FOR THERMAL INSULATION 1. Scope – Requirements and the methods of sampling and test for cellular concrete for thermal linsulation. Note – Cellular concrete (formed by producing gas or air,natural_language,specific,title,IS 7509: 1993;IS 11128: 1984;IS 3709: 1966;IS 14182: 1994,generated_from_metadata,
fcq_is_6607_1972_01,REBATED MORTICE LOCKS (VERTICAL TYPE) standard,IS 6607: 1972,REBATED MORTICE LOCKS (VERTICAL TYPE),door,REBATED MORTICE LOCKS (VERTICAL TYPE),product_only,specific,primary_subject,IS 8760: 1978;IS 4992: 1975;IS 2209: 1976;IS 12867: 1989,generated_from_metadata,
fcq_is_6607_1972_02,Need the Indian Standard covering REBATED MORTICE LOCKS (VERTICAL TYPE),IS 6607: 1972,REBATED MORTICE LOCKS (VERTICAL TYPE),door,REBATED MORTICE LOCKS (VERTICAL TYPE),natural_language,specific,title,IS 8760: 1978;IS 4992: 1975;IS 2209: 1976;IS 12867: 1989,generated_from_metadata,
fcq_is_6610_1972_01,HEAVY WASHERS FOR STEEL STRUCTURES 2. Dimensions (in mm) 4. Designation – By nominal size and the number of standard,IS 6610: 1972,HEAVY WASHERS FOR STEEL STRUCTURES 2. Dimensions (in mm) 4. Designation – By nominal size and the number of,washer,HEAVY WASHERS FOR STEEL STRUCTURES 2. Dimensions (in mm) 4. Designation – By nominal size and the number of,product_only,specific,primary_subject,IS 8033: 1976;IS 3063: 1994;IS 2365: 1977;IS 3348: 1965,generated_from_metadata,
fcq_is_6610_1972_02,washer required to structural fastening,IS 6610: 1972,HEAVY WASHERS FOR STEEL STRUCTURES 2. Dimensions (in mm) 4. Designation – By nominal size and the number of,washer,required to structural fastening,product_function,specific,canonical_product;function,IS 8033: 1976;IS 3063: 1994;IS 2365: 1977;IS 3348: 1965,generated_from_metadata,
fcq_is_6610_1972_03,Supply washer meeting Indian Standard requirements for structural fastening; steel,IS 6610: 1972,HEAVY WASHERS FOR STEEL STRUCTURES 2. Dimensions (in mm) 4. Designation – By nominal size and the number of,washer,structural fastening; steel,tender_sentence,specific,canonical_product;function;material,IS 8033: 1976;IS 3063: 1994;IS 2365: 1977;IS 3348: 1965,generated_from_metadata,
fcq_is_6610_1972_04,Need the Indian Standard covering HEAVY WASHERS FOR STEEL STRUCTURES 2. Dimensions (in mm) 4. Designation – By nominal size and the number of,IS 6610: 1972,HEAVY WASHERS FOR STEEL STRUCTURES 2. Dimensions (in mm) 4. Designation – By nominal size and the number of,washer,HEAVY WASHERS FOR STEEL STRUCTURES 2. Dimensions (in mm) 4. Designation – By nominal size and the number of,natural_language,specific,title,IS 8033: 1976;IS 3063: 1994;IS 2365: 1977;IS 3348: 1965,generated_from_metadata,
fcq_is_6623_2004_01,HIGH STRENGTH STRUCTURAL NUTS standard,IS 6623: 2004,HIGH STRENGTH STRUCTURAL NUTS,nut,HIGH STRENGTH STRUCTURAL NUTS,product_only,specific,primary_subject,IS 3757: 1985;IS 6649: 1985;IS 1361: 1978;IS 10388: 1982,generated_from_metadata,
fcq_is_6623_2004_02,Need the Indian Standard covering HIGH STRENGTH STRUCTURAL NUTS,IS 6623: 2004,HIGH STRENGTH STRUCTURAL NUTS,nut,HIGH STRENGTH STRUCTURAL NUTS,natural_language,specific,title,IS 3757: 1985;IS 6649: 1985;IS 1361: 1978;IS 10388: 1982,generated_from_metadata,
fcq_is_6639_1972_01,HEXAGON BOLTS FOR STEEL STRUCTURES standard,IS 6639: 1972,HEXAGON BOLTS FOR STEEL STRUCTURES,bolt,HEXAGON BOLTS FOR STEEL STRUCTURES,product_only,specific,primary_subject,IS 8412: 1977;IS 5624: 1993;IS 2090: 1983;IS 2372: 2004,generated_from_metadata,
fcq_is_6639_1972_02,Need the Indian Standard covering HEXAGON BOLTS FOR STEEL STRUCTURES,IS 6639: 1972,HEXAGON BOLTS FOR STEEL STRUCTURES,bolt,HEXAGON BOLTS FOR STEEL STRUCTURES,natural_language,specific,title,IS 8412: 1977;IS 5624: 1993;IS 2090: 1983;IS 2372: 2004,generated_from_metadata,
fcq_is_6736_1972_01,SLOTTED RAISED COUNTERSUNK HEAD WOOD SCREWS standard,IS 6736: 1972,SLOTTED RAISED COUNTERSUNK HEAD WOOD SCREWS,screw,SLOTTED RAISED COUNTERSUNK HEAD WOOD SCREWS,product_only,specific,primary_subject,IS 6760: 1972;IS 6739: 1972;IS 3818: 1992;IS 852: 1994,generated_from_metadata,
fcq_is_6736_1972_02,Need the Indian Standard covering SLOTTED RAISED COUNTERSUNK HEAD WOOD SCREWS,IS 6736: 1972,SLOTTED RAISED COUNTERSUNK HEAD WOOD SCREWS,screw,SLOTTED RAISED COUNTERSUNK HEAD WOOD SCREWS,natural_language,specific,title,IS 6760: 1972;IS 6739: 1972;IS 3818: 1992;IS 852: 1994,generated_from_metadata,
fcq_is_6739_1972_01,SLOTTED ROUND HEAD WOOD SCREWS 1. Scope – Requirements for slotted round head wood screws. 2 standard,IS 6739: 1972,SLOTTED ROUND HEAD WOOD SCREWS 1. Scope – Requirements for slotted round head wood screws. 2.,screw,SLOTTED ROUND HEAD WOOD SCREWS 1. Scope – Requirements for slotted round head wood screws. 2,product_only,specific,primary_subject,IS 6760: 1972;IS 6736: 1972;IS 11128: 1984;IS 13958: 1994,generated_from_metadata,
fcq_is_6739_1972_02,Need the Indian Standard covering SLOTTED ROUND HEAD WOOD SCREWS 1. Scope – Requirements for slotted round head wood screws. 2.,IS 6739: 1972,SLOTTED ROUND HEAD WOOD SCREWS 1. Scope – Requirements for slotted round head wood screws. 2.,screw,SLOTTED ROUND HEAD WOOD SCREWS 1. Scope – Requirements for slotted round head wood screws. 2.,natural_language,specific,title,IS 6760: 1972;IS 6736: 1972;IS 11128: 1984;IS 13958: 1994,generated_from_metadata,
fcq_is_6760_1972_01,SLOTTED COUNTERSUNK HEAD WOOD SCREWS standard,IS 6760: 1972,SLOTTED COUNTERSUNK HEAD WOOD SCREWS,screw,SLOTTED COUNTERSUNK HEAD WOOD SCREWS,product_only,specific,primary_subject,IS 6736: 1972;IS 6739: 1972;IS 3818: 1992;IS 852: 1994,generated_from_metadata,
fcq_is_6760_1972_02,Need the Indian Standard covering SLOTTED COUNTERSUNK HEAD WOOD SCREWS,IS 6760: 1972,SLOTTED COUNTERSUNK HEAD WOOD SCREWS,screw,SLOTTED COUNTERSUNK HEAD WOOD SCREWS,natural_language,specific,title,IS 6736: 1972;IS 6739: 1972;IS 3818: 1992;IS 852: 1994,generated_from_metadata,
fcq_is_6909_1990_01,SUPERSULPHATED CEMENT standard,IS 6909: 1990,SUPERSULPHATED CEMENT,cement,SUPERSULPHATED CEMENT,product_only,specific,primary_subject,IS 455: 1989;IS 269: 1989;IS 1701: 1960;IS 10090: 1982,generated_from_metadata,
fcq_is_6909_1990_02,Supply cement meeting Indian Standard requirements for steel,IS 6909: 1990,SUPERSULPHATED CEMENT,cement,steel,tender_sentence,specific,canonical_product;material,IS 455: 1989;IS 269: 1989;IS 1701: 1960;IS 10090: 1982,generated_from_metadata,
fcq_is_6909_1990_03,Need the Indian Standard covering SUPERSULPHATED CEMENT,IS 6909: 1990,SUPERSULPHATED CEMENT,cement,SUPERSULPHATED CEMENT,natural_language,specific,title,IS 455: 1989;IS 269: 1989;IS 1701: 1960;IS 10090: 1982,generated_from_metadata,
fcq_is_6909_1990_04,lime pozzolana mixture for steel,IS 6909: 1990,SUPERSULPHATED CEMENT,lime pozzolana mixture,steel,alias,general_but_sufficient,product_aliases;material,IS 455: 1989;IS 269: 1989;IS 1701: 1960;IS 10090: 1982,generated_from_metadata,
fcq_is_6909_1990_05,lime-pozzolana concrete for steel,IS 6909: 1990,SUPERSULPHATED CEMENT,lime-pozzolana concrete,steel,alias,general_but_sufficient,product_aliases;material,IS 455: 1989;IS 269: 1989;IS 1701: 1960;IS 10090: 1982,generated_from_metadata,
fcq_is_6909_1990_06,masonry cement for steel,IS 6909: 1990,SUPERSULPHATED CEMENT,masonry cement,steel,alias,general_but_sufficient,product_aliases;material,IS 455: 1989;IS 269: 1989;IS 1701: 1960;IS 10090: 1982,generated_from_metadata,
fcq_is_7181_1986_01,"HORIZONTALLY CAST IRON DOUBLE FLANGED PIPES FOR WATER, GAS AND SEWAGE standard",IS 7181: 1986,"HORIZONTALLY CAST IRON DOUBLE FLANGED PIPES FOR WATER, GAS AND SEWAGE",pipe,"HORIZONTALLY CAST IRON DOUBLE FLANGED PIPES FOR WATER, GAS AND SEWAGE",product_only,specific,primary_subject,IS 1537: 1976;IS 12820: 2004;IS 1726: 1991;IS 6307: 1985,generated_from_metadata,
fcq_is_7181_1986_02,"Need the Indian Standard covering HORIZONTALLY CAST IRON DOUBLE FLANGED PIPES FOR WATER, GAS AND SEWAGE",IS 7181: 1986,"HORIZONTALLY CAST IRON DOUBLE FLANGED PIPES FOR WATER, GAS AND SEWAGE",pipe,"HORIZONTALLY CAST IRON DOUBLE FLANGED PIPES FOR WATER, GAS AND SEWAGE",natural_language,specific,title,IS 1537: 1976;IS 12820: 2004;IS 1726: 1991;IS 6307: 1985,generated_from_metadata,
fcq_is_7193_1974_01,GLASS FIBRE BASE BITUMEN FELTS standard,IS 7193: 1974,GLASS FIBRE BASE BITUMEN FELTS,glass,GLASS FIBRE BASE BITUMEN FELTS,product_only,specific,primary_subject,IS 3438: 1994;IS 5437: 1994;IS 1322: 1993;IS 9762: 1994,generated_from_metadata,
fcq_is_7193_1974_02,glass required to waterproofing,IS 7193: 1974,GLASS FIBRE BASE BITUMEN FELTS,glass,required to waterproofing,product_function,specific,canonical_product;function,IS 3438: 1994;IS 5437: 1994;IS 1322: 1993;IS 9762: 1994,generated_from_metadata,
fcq_is_7193_1974_03,bitumen glass,IS 7193: 1974,GLASS FIBRE BASE BITUMEN FELTS,glass,bitumen construction or composition,product_material,specific,canonical_product;material,IS 3438: 1994;IS 5437: 1994;IS 1322: 1993;IS 9762: 1994,generated_from_metadata,
fcq_is_7193_1974_04,glass for waterproofing,IS 7193: 1974,GLASS FIBRE BASE BITUMEN FELTS,glass,for waterproofing,product_application,specific,canonical_product;application,IS 3438: 1994;IS 5437: 1994;IS 1322: 1993;IS 9762: 1994,generated_from_metadata,
fcq_is_7193_1974_05,bitumen glass for waterproofing,IS 7193: 1974,GLASS FIBRE BASE BITUMEN FELTS,glass,bitumen product for waterproofing,material_application,specific,canonical_product;material;application,IS 3438: 1994;IS 5437: 1994;IS 1322: 1993;IS 9762: 1994,generated_from_metadata,
fcq_is_7193_1974_06,Supply glass meeting Indian Standard requirements for waterproofing; waterproofing; bitumen,IS 7193: 1974,GLASS FIBRE BASE BITUMEN FELTS,glass,waterproofing; waterproofing; bitumen,tender_sentence,specific,canonical_product;application;function;material,IS 3438: 1994;IS 5437: 1994;IS 1322: 1993;IS 9762: 1994,generated_from_metadata,
fcq_is_7193_1974_07,Need the Indian Standard covering GLASS FIBRE BASE BITUMEN FELTS,IS 7193: 1974,GLASS FIBRE BASE BITUMEN FELTS,glass,GLASS FIBRE BASE BITUMEN FELTS,natural_language,specific,title,IS 3438: 1994;IS 5437: 1994;IS 1322: 1993;IS 9762: 1994,generated_from_metadata,
fcq_is_7193_1974_08,"glass, waterproofing",IS 7193: 1974,GLASS FIBRE BASE BITUMEN FELTS,glass,waterproofing,boq_short,general_but_sufficient,canonical_product;application,IS 3438: 1994;IS 5437: 1994;IS 1322: 1993;IS 9762: 1994,generated_from_metadata,
fcq_is_7193_1974_09,glass fiber for waterproofing,IS 7193: 1974,GLASS FIBRE BASE BITUMEN FELTS,glass fiber,waterproofing,alias,general_but_sufficient,product_aliases;application,IS 3438: 1994;IS 5437: 1994;IS 1322: 1993;IS 9762: 1994,generated_from_metadata,
fcq_is_7193_1974_10,glass fibre for waterproofing,IS 7193: 1974,GLASS FIBRE BASE BITUMEN FELTS,glass fibre,waterproofing,alias,general_but_sufficient,product_aliases;application,IS 3438: 1994;IS 5437: 1994;IS 1322: 1993;IS 9762: 1994,generated_from_metadata,
fcq_is_7193_1974_11,glass fibre reinforced for waterproofing,IS 7193: 1974,GLASS FIBRE BASE BITUMEN FELTS,glass fibre reinforced,waterproofing,alias,general_but_sufficient,product_aliases;application,IS 3438: 1994;IS 5437: 1994;IS 1322: 1993;IS 9762: 1994,generated_from_metadata,
fcq_is_7197_1974_01,DOUBLE ACTION FLOOR SPRINGS standard,IS 7197: 1974,DOUBLE ACTION FLOOR SPRINGS,door,DOUBLE ACTION FLOOR SPRINGS,product_only,specific,primary_subject,IS 6315: 1992;IS 3564: 1995;IS 5312 (Part 1): 2004;IS 404 (Part 1): 1993,generated_from_metadata,
fcq_is_7197_1974_02,Need the Indian Standard covering DOUBLE ACTION FLOOR SPRINGS,IS 7197: 1974,DOUBLE ACTION FLOOR SPRINGS,door,DOUBLE ACTION FLOOR SPRINGS,natural_language,specific,title,IS 6315: 1992;IS 3564: 1995;IS 5312 (Part 1): 2004;IS 404 (Part 1): 1993,generated_from_metadata,
fcq_is_7226_1974_01,steel steel strip,IS 7226: 1974,"COLD–ROLLED MEDIUM, HIGH CARBON AND LOW ALLOY STEEL STRIP FOR GENERAL ENGINEERING PURPOSES For detailed information, refer to IS 7226 : 1974 Specification for cold-rolled medium, high carbon and low alloy steel strip for general engineering purposes.",steel strip,steel construction or composition,product_material,specific,canonical_product;material,IS 1079: 1994;IS 513: 1994;IS 2998: 1982;IS 7834 (Part 8): 1987,generated_from_metadata,
fcq_is_7226_1974_02,Supply steel strip meeting Indian Standard requirements for steel,IS 7226: 1974,"COLD–ROLLED MEDIUM, HIGH CARBON AND LOW ALLOY STEEL STRIP FOR GENERAL ENGINEERING PURPOSES For detailed information, refer to IS 7226 : 1974 Specification for cold-rolled medium, high carbon and low alloy steel strip for general engineering purposes.",steel strip,steel,tender_sentence,specific,canonical_product;material,IS 1079: 1994;IS 513: 1994;IS 2998: 1982;IS 7834 (Part 8): 1987,generated_from_metadata,
fcq_is_7226_1974_03,carbon steel strip for steel,IS 7226: 1974,"COLD–ROLLED MEDIUM, HIGH CARBON AND LOW ALLOY STEEL STRIP FOR GENERAL ENGINEERING PURPOSES For detailed information, refer to IS 7226 : 1974 Specification for cold-rolled medium, high carbon and low alloy steel strip for general engineering purposes.",carbon steel strip,steel,alias,general_but_sufficient,product_aliases;material,IS 1079: 1994;IS 513: 1994;IS 2998: 1982;IS 7834 (Part 8): 1987,generated_from_metadata,
fcq_is_7226_1974_04,carbon steel strips for steel,IS 7226: 1974,"COLD–ROLLED MEDIUM, HIGH CARBON AND LOW ALLOY STEEL STRIP FOR GENERAL ENGINEERING PURPOSES For detailed information, refer to IS 7226 : 1974 Specification for cold-rolled medium, high carbon and low alloy steel strip for general engineering purposes.",carbon steel strips,steel,alias,general_but_sufficient,product_aliases;material,IS 1079: 1994;IS 513: 1994;IS 2998: 1982;IS 7834 (Part 8): 1987,generated_from_metadata,
fcq_is_7226_1974_05,steel strips for steel,IS 7226: 1974,"COLD–ROLLED MEDIUM, HIGH CARBON AND LOW ALLOY STEEL STRIP FOR GENERAL ENGINEERING PURPOSES For detailed information, refer to IS 7226 : 1974 Specification for cold-rolled medium, high carbon and low alloy steel strip for general engineering purposes.",steel strips,steel,alias,general_but_sufficient,product_aliases;material,IS 1079: 1994;IS 513: 1994;IS 2998: 1982;IS 7834 (Part 8): 1987,generated_from_metadata,
fcq_is_724_1964_01,"MILD STEEL AND BRASS CUP, RULER AND SQUARE HOOKS AND SCREW EYES standard",IS 724: 1964,"MILD STEEL AND BRASS CUP, RULER AND SQUARE HOOKS AND SCREW EYES",screw,"MILD STEEL AND BRASS CUP, RULER AND SQUARE HOOKS AND SCREW EYES",product_only,specific,primary_subject,IS 1120: 1975;IS 6760: 1972;IS 4923: 1997;IS 455: 1989,generated_from_metadata,
fcq_is_724_1964_02,"Need the Indian Standard covering MILD STEEL AND BRASS CUP, RULER AND SQUARE HOOKS AND SCREW EYES",IS 724: 1964,"MILD STEEL AND BRASS CUP, RULER AND SQUARE HOOKS AND SCREW EYES",screw,"MILD STEEL AND BRASS CUP, RULER AND SQUARE HOOKS AND SCREW EYES",natural_language,specific,title,IS 1120: 1975;IS 6760: 1972;IS 4923: 1997;IS 455: 1989,generated_from_metadata,
fcq_is_7308_1999_01,NON-CONIFEROUS LOGS standard,IS 7308: 1999,NON-CONIFEROUS LOGS,timber,NON-CONIFEROUS LOGS,product_only,specific,primary_subject,IS 5246: 2000;IS 1326: 1992;IS 13958: 1994;IS 455: 1989,generated_from_metadata,
fcq_is_7308_1999_02,Need the Indian Standard covering NON-CONIFEROUS LOGS,IS 7308: 1999,NON-CONIFEROUS LOGS,timber,NON-CONIFEROUS LOGS,natural_language,specific,title,IS 5246: 2000;IS 1326: 1992;IS 13958: 1994;IS 455: 1989,generated_from_metadata,
fcq_is_7316_1974_01,Need the Indian Standard covering DECORATIVE PLYWOOD USING PLURALITY OF VENEER FOR DECORATIVE FACES 1. Scope – Covers decorative plywood with ornamental faces produced by use of plurality of veneers,IS 7316: 1974,DECORATIVE PLYWOOD USING PLURALITY OF VENEER FOR DECORATIVE FACES 1. Scope – Covers decorative plywood with ornamental faces produced by use of plurality of veneers,board,DECORATIVE PLYWOOD USING PLURALITY OF VENEER FOR DECORATIVE FACES 1. Scope – Covers decorative plywood with ornamental faces produced by use of plurality of veneers,natural_language,specific,title,IS 1328: 1996;IS 1659: 2004;IS 212: 1983;IS 702: 1988,generated_from_metadata,
fcq_is_7319_1974_01,PERFORATED CONCRETE PIPES standard,IS 7319: 1974,PERFORATED CONCRETE PIPES,pipe,PERFORATED CONCRETE PIPES,product_only,specific,primary_subject,IS 458: 2003;IS 1785 (Part 2): 1983;IS 3466: 1988;IS 12592: 2002,generated_from_metadata,
fcq_is_7319_1974_02,Supply pipe meeting Indian Standard requirements for concrete,IS 7319: 1974,PERFORATED CONCRETE PIPES,pipe,concrete,tender_sentence,specific,canonical_product;material,IS 458: 2003;IS 1785 (Part 2): 1983;IS 3466: 1988;IS 12592: 2002,generated_from_metadata,
fcq_is_7319_1974_03,Need the Indian Standard covering PERFORATED CONCRETE PIPES,IS 7319: 1974,PERFORATED CONCRETE PIPES,pipe,PERFORATED CONCRETE PIPES,natural_language,specific,title,IS 458: 2003;IS 1785 (Part 2): 1983;IS 3466: 1988;IS 12592: 2002,generated_from_metadata,
fcq_is_7319_1974_04,casing pipe for concrete,IS 7319: 1974,PERFORATED CONCRETE PIPES,casing pipe,concrete,alias,general_but_sufficient,product_aliases;material,IS 458: 2003;IS 1785 (Part 2): 1983;IS 3466: 1988;IS 12592: 2002,generated_from_metadata,
fcq_is_7319_1974_05,grp pipe for concrete,IS 7319: 1974,PERFORATED CONCRETE PIPES,grp pipe,concrete,alias,general_but_sufficient,product_aliases;material,IS 458: 2003;IS 1785 (Part 2): 1983;IS 3466: 1988;IS 12592: 2002,generated_from_metadata,
fcq_is_7319_1974_06,hdpe pipe for concrete,IS 7319: 1974,PERFORATED CONCRETE PIPES,hdpe pipe,concrete,alias,general_but_sufficient,product_aliases;material,IS 458: 2003;IS 1785 (Part 2): 1983;IS 3466: 1988;IS 12592: 2002,generated_from_metadata,
fcq_is_733_1983_01,"WROUGHT ALUMINIUM AND ALUMINIUM ALLOY BARS, RODS AND SECTIONS FOR GENERAL ENGINEERING PURPOSES standard",IS 733: 1983,"WROUGHT ALUMINIUM AND ALUMINIUM ALLOY BARS, RODS AND SECTIONS FOR GENERAL ENGINEERING PURPOSES",rod,"WROUGHT ALUMINIUM AND ALUMINIUM ALLOY BARS, RODS AND SECTIONS FOR GENERAL ENGINEERING PURPOSES",product_only,specific,primary_subject,IS 7887: 1992;IS 5384: 1985;IS 739: 1992;IS 3438: 1994,generated_from_metadata,
fcq_is_733_1983_02,rod for roofing,IS 733: 1983,"WROUGHT ALUMINIUM AND ALUMINIUM ALLOY BARS, RODS AND SECTIONS FOR GENERAL ENGINEERING PURPOSES",rod,for roofing,product_application,specific,canonical_product;application,IS 7887: 1992;IS 5384: 1985;IS 739: 1992;IS 3438: 1994,generated_from_metadata,
fcq_is_733_1983_03,aluminium rod for roofing,IS 733: 1983,"WROUGHT ALUMINIUM AND ALUMINIUM ALLOY BARS, RODS AND SECTIONS FOR GENERAL ENGINEERING PURPOSES",rod,aluminium product for roofing,material_application,specific,canonical_product;material;application,IS 7887: 1992;IS 5384: 1985;IS 739: 1992;IS 3438: 1994,generated_from_metadata,
fcq_is_733_1983_04,Supply rod meeting Indian Standard requirements for roofing; aluminium,IS 733: 1983,"WROUGHT ALUMINIUM AND ALUMINIUM ALLOY BARS, RODS AND SECTIONS FOR GENERAL ENGINEERING PURPOSES",rod,roofing; aluminium,tender_sentence,specific,canonical_product;application;material,IS 7887: 1992;IS 5384: 1985;IS 739: 1992;IS 3438: 1994,generated_from_metadata,
fcq_is_733_1983_05,"Need the Indian Standard covering WROUGHT ALUMINIUM AND ALUMINIUM ALLOY BARS, RODS AND SECTIONS FOR GENERAL ENGINEERING PURPOSES",IS 733: 1983,"WROUGHT ALUMINIUM AND ALUMINIUM ALLOY BARS, RODS AND SECTIONS FOR GENERAL ENGINEERING PURPOSES",rod,"WROUGHT ALUMINIUM AND ALUMINIUM ALLOY BARS, RODS AND SECTIONS FOR GENERAL ENGINEERING PURPOSES",natural_language,specific,title,IS 7887: 1992;IS 5384: 1985;IS 739: 1992;IS 3438: 1994,generated_from_metadata,
fcq_is_733_1983_06,"rod, roofing",IS 733: 1983,"WROUGHT ALUMINIUM AND ALUMINIUM ALLOY BARS, RODS AND SECTIONS FOR GENERAL ENGINEERING PURPOSES",rod,roofing,boq_short,general_but_sufficient,canonical_product;application,IS 7887: 1992;IS 5384: 1985;IS 739: 1992;IS 3438: 1994,generated_from_metadata,
fcq_is_733_1983_07,filler rod for roofing,IS 733: 1983,"WROUGHT ALUMINIUM AND ALUMINIUM ALLOY BARS, RODS AND SECTIONS FOR GENERAL ENGINEERING PURPOSES",filler rod,roofing,alias,general_but_sufficient,product_aliases;application,IS 7887: 1992;IS 5384: 1985;IS 739: 1992;IS 3438: 1994,generated_from_metadata,
fcq_is_733_1983_08,filler rods for roofing,IS 733: 1983,"WROUGHT ALUMINIUM AND ALUMINIUM ALLOY BARS, RODS AND SECTIONS FOR GENERAL ENGINEERING PURPOSES",filler rods,roofing,alias,general_but_sufficient,product_aliases;application,IS 7887: 1992;IS 5384: 1985;IS 739: 1992;IS 3438: 1994,generated_from_metadata,
fcq_is_733_1983_09,rods for roofing,IS 733: 1983,"WROUGHT ALUMINIUM AND ALUMINIUM ALLOY BARS, RODS AND SECTIONS FOR GENERAL ENGINEERING PURPOSES",rods,roofing,alias,general_but_sufficient,product_aliases;application,IS 7887: 1992;IS 5384: 1985;IS 739: 1992;IS 3438: 1994,generated_from_metadata,
fcq_is_738_1994_01,WROUGHT ALUMINIUM AND ITS ALLOYS-DRAWN TUBES FOR GENERAL ENGINEERING PURPOSES standard,IS 738: 1994,WROUGHT ALUMINIUM AND ITS ALLOYS-DRAWN TUBES FOR GENERAL ENGINEERING PURPOSES,pipe,WROUGHT ALUMINIUM AND ITS ALLOYS-DRAWN TUBES FOR GENERAL ENGINEERING PURPOSES,product_only,specific,primary_subject,IS 1285: 2002;IS 737: 1986;IS 739: 1992;IS 3438: 1994,generated_from_metadata,
fcq_is_738_1994_02,Need the Indian Standard covering WROUGHT ALUMINIUM AND ITS ALLOYS-DRAWN TUBES FOR GENERAL ENGINEERING PURPOSES,IS 738: 1994,WROUGHT ALUMINIUM AND ITS ALLOYS-DRAWN TUBES FOR GENERAL ENGINEERING PURPOSES,pipe,WROUGHT ALUMINIUM AND ITS ALLOYS-DRAWN TUBES FOR GENERAL ENGINEERING PURPOSES,natural_language,specific,title,IS 1285: 2002;IS 737: 1986;IS 739: 1992;IS 3438: 1994,generated_from_metadata,
fcq_is_740_1977_01,WROUGHT ALUMINIUM ALLOY RIVET STOCK FOR GENERAL ENGINEERING PURPOSES standard,IS 740: 1977,WROUGHT ALUMINIUM ALLOY RIVET STOCK FOR GENERAL ENGINEERING PURPOSES,rivet,WROUGHT ALUMINIUM ALLOY RIVET STOCK FOR GENERAL ENGINEERING PURPOSES,product_only,specific,primary_subject,IS 739: 1992;IS 4621: 1975;IS 733: 1983;IS 3438: 1994,generated_from_metadata,
fcq_is_740_1977_02,rivet for roofing,IS 740: 1977,WROUGHT ALUMINIUM ALLOY RIVET STOCK FOR GENERAL ENGINEERING PURPOSES,rivet,for roofing,product_application,specific,canonical_product;application,IS 739: 1992;IS 4621: 1975;IS 733: 1983;IS 3438: 1994,generated_from_metadata,
fcq_is_740_1977_03,aluminium rivet for roofing,IS 740: 1977,WROUGHT ALUMINIUM ALLOY RIVET STOCK FOR GENERAL ENGINEERING PURPOSES,rivet,aluminium product for roofing,material_application,specific,canonical_product;material;application,IS 739: 1992;IS 4621: 1975;IS 733: 1983;IS 3438: 1994,generated_from_metadata,
fcq_is_740_1977_04,Supply rivet meeting Indian Standard requirements for roofing; structural fastening; aluminium,IS 740: 1977,WROUGHT ALUMINIUM ALLOY RIVET STOCK FOR GENERAL ENGINEERING PURPOSES,rivet,roofing; structural fastening; aluminium,tender_sentence,specific,canonical_product;application;function;material,IS 739: 1992;IS 4621: 1975;IS 733: 1983;IS 3438: 1994,generated_from_metadata,
fcq_is_740_1977_05,Need the Indian Standard covering WROUGHT ALUMINIUM ALLOY RIVET STOCK FOR GENERAL ENGINEERING PURPOSES,IS 740: 1977,WROUGHT ALUMINIUM ALLOY RIVET STOCK FOR GENERAL ENGINEERING PURPOSES,rivet,WROUGHT ALUMINIUM ALLOY RIVET STOCK FOR GENERAL ENGINEERING PURPOSES,natural_language,specific,title,IS 739: 1992;IS 4621: 1975;IS 733: 1983;IS 3438: 1994,generated_from_metadata,
fcq_is_740_1977_06,"rivet, roofing",IS 740: 1977,WROUGHT ALUMINIUM ALLOY RIVET STOCK FOR GENERAL ENGINEERING PURPOSES,rivet,roofing,boq_short,general_but_sufficient,canonical_product;application,IS 739: 1992;IS 4621: 1975;IS 733: 1983;IS 3438: 1994,generated_from_metadata,
fcq_is_740_1977_07,rivet bar for roofing,IS 740: 1977,WROUGHT ALUMINIUM ALLOY RIVET STOCK FOR GENERAL ENGINEERING PURPOSES,rivet bar,roofing,alias,general_but_sufficient,product_aliases;application,IS 739: 1992;IS 4621: 1975;IS 733: 1983;IS 3438: 1994,generated_from_metadata,
fcq_is_740_1977_08,rivet bars for roofing,IS 740: 1977,WROUGHT ALUMINIUM ALLOY RIVET STOCK FOR GENERAL ENGINEERING PURPOSES,rivet bars,roofing,alias,general_but_sufficient,product_aliases;application,IS 739: 1992;IS 4621: 1975;IS 733: 1983;IS 3438: 1994,generated_from_metadata,
fcq_is_740_1977_09,rivets for roofing,IS 740: 1977,WROUGHT ALUMINIUM ALLOY RIVET STOCK FOR GENERAL ENGINEERING PURPOSES,rivets,roofing,alias,general_but_sufficient,product_aliases;application,IS 739: 1992;IS 4621: 1975;IS 733: 1983;IS 3438: 1994,generated_from_metadata,
fcq_is_7452_1990_01,"HOT ROLLED STEEL SECTIONS FOR DOORS, WINDOWS AND VENTILATORS standard",IS 7452: 1990,"HOT ROLLED STEEL SECTIONS FOR DOORS, WINDOWS AND VENTILATORS",window,"HOT ROLLED STEEL SECTIONS FOR DOORS, WINDOWS AND VENTILATORS",product_only,specific,primary_subject,IS 1038: 1983;IS 364: 1993;IS 10019: 1981;IS 10090: 1982,generated_from_metadata,
fcq_is_7452_1990_02,Supply window meeting Indian Standard requirements for steel,IS 7452: 1990,"HOT ROLLED STEEL SECTIONS FOR DOORS, WINDOWS AND VENTILATORS",window,steel,tender_sentence,specific,canonical_product;material,IS 1038: 1983;IS 364: 1993;IS 10019: 1981;IS 10090: 1982,generated_from_metadata,
fcq_is_7452_1990_03,"Need the Indian Standard covering HOT ROLLED STEEL SECTIONS FOR DOORS, WINDOWS AND VENTILATORS",IS 7452: 1990,"HOT ROLLED STEEL SECTIONS FOR DOORS, WINDOWS AND VENTILATORS",window,"HOT ROLLED STEEL SECTIONS FOR DOORS, WINDOWS AND VENTILATORS",natural_language,specific,title,IS 1038: 1983;IS 364: 1993;IS 10019: 1981;IS 10090: 1982,generated_from_metadata,
fcq_is_7452_1990_04,ventilator for steel,IS 7452: 1990,"HOT ROLLED STEEL SECTIONS FOR DOORS, WINDOWS AND VENTILATORS",ventilator,steel,alias,general_but_sufficient,product_aliases;material,IS 1038: 1983;IS 364: 1993;IS 10019: 1981;IS 10090: 1982,generated_from_metadata,
fcq_is_7452_1990_05,ventilators for steel,IS 7452: 1990,"HOT ROLLED STEEL SECTIONS FOR DOORS, WINDOWS AND VENTILATORS",ventilators,steel,alias,general_but_sufficient,product_aliases;material,IS 1038: 1983;IS 364: 1993;IS 10019: 1981;IS 10090: 1982,generated_from_metadata,
fcq_is_7452_1990_06,windows for steel,IS 7452: 1990,"HOT ROLLED STEEL SECTIONS FOR DOORS, WINDOWS AND VENTILATORS",windows,steel,alias,general_but_sufficient,product_aliases;material,IS 1038: 1983;IS 364: 1993;IS 10019: 1981;IS 10090: 1982,generated_from_metadata,
fcq_is_7509_1993_01,THERMAL INSULATING CEMENT standard,IS 7509: 1993,THERMAL INSULATING CEMENT,thermal insulation,THERMAL INSULATING CEMENT,product_only,specific,primary_subject,IS 9428: 1993;IS 11308: 1985;IS 9537 (Part 4): 1983;IS 12830: 1989,generated_from_metadata,
fcq_is_7509_1993_02,Need the Indian Standard covering THERMAL INSULATING CEMENT,IS 7509: 1993,THERMAL INSULATING CEMENT,thermal insulation,THERMAL INSULATING CEMENT,natural_language,specific,title,IS 9428: 1993;IS 11308: 1985;IS 9537 (Part 4): 1983;IS 12830: 1989,generated_from_metadata,
fcq_is_7534_1985_01,SLIDING LOCKING BOLTS FOR USE WITH PADLOCKS standard,IS 7534: 1985,SLIDING LOCKING BOLTS FOR USE WITH PADLOCKS,bolt,SLIDING LOCKING BOLTS FOR USE WITH PADLOCKS,product_only,specific,primary_subject,IS 10090: 1982;IS 10019: 1981;IS 281: 1991;IS 208: 1996,generated_from_metadata,
fcq_is_7534_1985_02,Need the Indian Standard covering SLIDING LOCKING BOLTS FOR USE WITH PADLOCKS,IS 7534: 1985,SLIDING LOCKING BOLTS FOR USE WITH PADLOCKS,bolt,SLIDING LOCKING BOLTS FOR USE WITH PADLOCKS,natural_language,specific,title,IS 10090: 1982;IS 10019: 1981;IS 281: 1991;IS 208: 1996,generated_from_metadata,
fcq_is_771_part_2_1985_01,GLAZED FIRE – CLAY SANITARY APPLIANCES PART 2 SPECIFIC REQUIREMENTS OF KITCHEN AND LABORATORY SINKS standard,IS 771 (Part 2): 1985,GLAZED FIRE – CLAY SANITARY APPLIANCES PART 2 SPECIFIC REQUIREMENTS OF KITCHEN AND LABORATORY SINKS,sink,GLAZED FIRE – CLAY SANITARY APPLIANCES PART 2 SPECIFIC REQUIREMENTS OF KITCHEN AND LABORATORY SINKS,product_only,specific,primary_subject,IS 771 (Part 7): 1981;IS 775: 1970;IS 771 (Part 5): 1979;IS 2556 (Part 9): 1994,generated_from_metadata,
fcq_is_771_part_2_1985_02,clay sink,IS 771 (Part 2): 1985,GLAZED FIRE – CLAY SANITARY APPLIANCES PART 2 SPECIFIC REQUIREMENTS OF KITCHEN AND LABORATORY SINKS,sink,clay construction or composition,product_material,specific,canonical_product;material,IS 771 (Part 7): 1981;IS 775: 1970;IS 771 (Part 5): 1979;IS 2556 (Part 9): 1994,generated_from_metadata,
fcq_is_771_part_2_1985_03,Supply sink meeting Indian Standard requirements for clay,IS 771 (Part 2): 1985,GLAZED FIRE – CLAY SANITARY APPLIANCES PART 2 SPECIFIC REQUIREMENTS OF KITCHEN AND LABORATORY SINKS,sink,clay,tender_sentence,specific,canonical_product;material,IS 771 (Part 7): 1981;IS 775: 1970;IS 771 (Part 5): 1979;IS 2556 (Part 9): 1994,generated_from_metadata,
fcq_is_771_part_2_1985_04,Need the Indian Standard covering GLAZED FIRE – CLAY SANITARY APPLIANCES PART 2 SPECIFIC REQUIREMENTS OF KITCHEN AND LABORATORY SINKS,IS 771 (Part 2): 1985,GLAZED FIRE – CLAY SANITARY APPLIANCES PART 2 SPECIFIC REQUIREMENTS OF KITCHEN AND LABORATORY SINKS,sink,GLAZED FIRE – CLAY SANITARY APPLIANCES PART 2 SPECIFIC REQUIREMENTS OF KITCHEN AND LABORATORY SINKS,natural_language,specific,title,IS 771 (Part 7): 1981;IS 775: 1970;IS 771 (Part 5): 1979;IS 2556 (Part 9): 1994,generated_from_metadata,
fcq_is_771_part_2_1985_05,sinks for clay,IS 771 (Part 2): 1985,GLAZED FIRE – CLAY SANITARY APPLIANCES PART 2 SPECIFIC REQUIREMENTS OF KITCHEN AND LABORATORY SINKS,sinks,clay,alias,general_but_sufficient,product_aliases;material,IS 771 (Part 7): 1981;IS 775: 1970;IS 771 (Part 5): 1979;IS 2556 (Part 9): 1994,generated_from_metadata,
fcq_is_771_part_7_1981_01,"GLAZED FIRE CLAY SANITARY APPLIANCES, PART 7 SPECIFIC REQUIREMENTS OF SLOP SINKS standard",IS 771 (Part 7): 1981,"GLAZED FIRE CLAY SANITARY APPLIANCES, PART 7 SPECIFIC REQUIREMENTS OF SLOP SINKS",sink,"GLAZED FIRE CLAY SANITARY APPLIANCES, PART 7 SPECIFIC REQUIREMENTS OF SLOP SINKS",product_only,specific,primary_subject,IS 771 (Part 2): 1985;IS 775: 1970;IS 771 (Part 5): 1979;IS 2556 (Part 9): 1994,generated_from_metadata,
fcq_is_771_part_7_1981_02,sink for flooring,IS 771 (Part 7): 1981,"GLAZED FIRE CLAY SANITARY APPLIANCES, PART 7 SPECIFIC REQUIREMENTS OF SLOP SINKS",sink,for flooring,product_application,specific,canonical_product;application,IS 771 (Part 2): 1985;IS 775: 1970;IS 771 (Part 5): 1979;IS 2556 (Part 9): 1994,generated_from_metadata,
fcq_is_771_part_7_1981_03,clay sink for flooring,IS 771 (Part 7): 1981,"GLAZED FIRE CLAY SANITARY APPLIANCES, PART 7 SPECIFIC REQUIREMENTS OF SLOP SINKS",sink,clay product for flooring,material_application,specific,canonical_product;material;application,IS 771 (Part 2): 1985;IS 775: 1970;IS 771 (Part 5): 1979;IS 2556 (Part 9): 1994,generated_from_metadata,
fcq_is_771_part_7_1981_04,Supply sink meeting Indian Standard requirements for flooring; clay,IS 771 (Part 7): 1981,"GLAZED FIRE CLAY SANITARY APPLIANCES, PART 7 SPECIFIC REQUIREMENTS OF SLOP SINKS",sink,flooring; clay,tender_sentence,specific,canonical_product;application;material,IS 771 (Part 2): 1985;IS 775: 1970;IS 771 (Part 5): 1979;IS 2556 (Part 9): 1994,generated_from_metadata,
fcq_is_771_part_7_1981_05,"Need the Indian Standard covering GLAZED FIRE CLAY SANITARY APPLIANCES, PART 7 SPECIFIC REQUIREMENTS OF SLOP SINKS",IS 771 (Part 7): 1981,"GLAZED FIRE CLAY SANITARY APPLIANCES, PART 7 SPECIFIC REQUIREMENTS OF SLOP SINKS",sink,"GLAZED FIRE CLAY SANITARY APPLIANCES, PART 7 SPECIFIC REQUIREMENTS OF SLOP SINKS",natural_language,specific,title,IS 771 (Part 2): 1985;IS 775: 1970;IS 771 (Part 5): 1979;IS 2556 (Part 9): 1994,generated_from_metadata,
fcq_is_771_part_7_1981_06,"sink, flooring",IS 771 (Part 7): 1981,"GLAZED FIRE CLAY SANITARY APPLIANCES, PART 7 SPECIFIC REQUIREMENTS OF SLOP SINKS",sink,flooring,boq_short,general_but_sufficient,canonical_product;application,IS 771 (Part 2): 1985;IS 775: 1970;IS 771 (Part 5): 1979;IS 2556 (Part 9): 1994,generated_from_metadata,
fcq_is_771_part_7_1981_07,sinks for flooring,IS 771 (Part 7): 1981,"GLAZED FIRE CLAY SANITARY APPLIANCES, PART 7 SPECIFIC REQUIREMENTS OF SLOP SINKS",sinks,flooring,alias,general_but_sufficient,product_aliases;application,IS 771 (Part 2): 1985;IS 775: 1970;IS 771 (Part 5): 1979;IS 2556 (Part 9): 1994,generated_from_metadata,
fcq_is_774_2004_01,FLUSHING CISTERNS FOR WATER-CLOSETS AND URINALS (OTHER THAN PLASTIC CISTERNS) PART 1 GENERAL REQUIREMENTS standard,IS 774: 2004,FLUSHING CISTERNS FOR WATER-CLOSETS AND URINALS (OTHER THAN PLASTIC CISTERNS) PART 1 GENERAL REQUIREMENTS,pipe,FLUSHING CISTERNS FOR WATER-CLOSETS AND URINALS (OTHER THAN PLASTIC CISTERNS) PART 1 GENERAL REQUIREMENTS,product_only,specific,primary_subject,IS 7231: 1994;IS 10124 (Part 6): 1988;IS 9758: 1981;IS 2548 (Part 2): 1996,generated_from_metadata,
fcq_is_774_2004_02,Supply pipe meeting Indian Standard requirements for PVC,IS 774: 2004,FLUSHING CISTERNS FOR WATER-CLOSETS AND URINALS (OTHER THAN PLASTIC CISTERNS) PART 1 GENERAL REQUIREMENTS,pipe,PVC,tender_sentence,specific,canonical_product;material,IS 7231: 1994;IS 10124 (Part 6): 1988;IS 9758: 1981;IS 2548 (Part 2): 1996,generated_from_metadata,
fcq_is_774_2004_03,Need the Indian Standard covering FLUSHING CISTERNS FOR WATER-CLOSETS AND URINALS (OTHER THAN PLASTIC CISTERNS) PART 1 GENERAL REQUIREMENTS,IS 774: 2004,FLUSHING CISTERNS FOR WATER-CLOSETS AND URINALS (OTHER THAN PLASTIC CISTERNS) PART 1 GENERAL REQUIREMENTS,pipe,FLUSHING CISTERNS FOR WATER-CLOSETS AND URINALS (OTHER THAN PLASTIC CISTERNS) PART 1 GENERAL REQUIREMENTS,natural_language,specific,title,IS 7231: 1994;IS 10124 (Part 6): 1988;IS 9758: 1981;IS 2548 (Part 2): 1996,generated_from_metadata,
fcq_is_774_2004_04,casing pipe for PVC,IS 774: 2004,FLUSHING CISTERNS FOR WATER-CLOSETS AND URINALS (OTHER THAN PLASTIC CISTERNS) PART 1 GENERAL REQUIREMENTS,casing pipe,PVC,alias,general_but_sufficient,product_aliases;material,IS 7231: 1994;IS 10124 (Part 6): 1988;IS 9758: 1981;IS 2548 (Part 2): 1996,generated_from_metadata,
fcq_is_774_2004_05,grp pipe for PVC,IS 774: 2004,FLUSHING CISTERNS FOR WATER-CLOSETS AND URINALS (OTHER THAN PLASTIC CISTERNS) PART 1 GENERAL REQUIREMENTS,grp pipe,PVC,alias,general_but_sufficient,product_aliases;material,IS 7231: 1994;IS 10124 (Part 6): 1988;IS 9758: 1981;IS 2548 (Part 2): 1996,generated_from_metadata,
fcq_is_774_2004_06,hdpe pipe for PVC,IS 774: 2004,FLUSHING CISTERNS FOR WATER-CLOSETS AND URINALS (OTHER THAN PLASTIC CISTERNS) PART 1 GENERAL REQUIREMENTS,hdpe pipe,PVC,alias,general_but_sufficient,product_aliases;material,IS 7231: 1994;IS 10124 (Part 6): 1988;IS 9758: 1981;IS 2548 (Part 2): 1996,generated_from_metadata,
fcq_is_775_1970_01,CAST IRON BRACKETS AND SUPPORTS FOR WASH-BASINS AND SINKS standard,IS 775: 1970,CAST IRON BRACKETS AND SUPPORTS FOR WASH-BASINS AND SINKS,sink,CAST IRON BRACKETS AND SUPPORTS FOR WASH-BASINS AND SINKS,product_only,specific,primary_subject,IS 771 (Part 7): 1981;IS 771 (Part 2): 1985;IS 4351: 2003;IS 1795: 1982,generated_from_metadata,
fcq_is_775_1970_02,cast iron sink,IS 775: 1970,CAST IRON BRACKETS AND SUPPORTS FOR WASH-BASINS AND SINKS,sink,cast iron construction or composition,product_material,specific,canonical_product;material,IS 771 (Part 7): 1981;IS 771 (Part 2): 1985;IS 4351: 2003;IS 1795: 1982,generated_from_metadata,
fcq_is_775_1970_03,cast iron sink for flooring,IS 775: 1970,CAST IRON BRACKETS AND SUPPORTS FOR WASH-BASINS AND SINKS,sink,cast iron product for flooring,material_application,specific,canonical_product;material;application,IS 771 (Part 7): 1981;IS 771 (Part 2): 1985;IS 4351: 2003;IS 1795: 1982,generated_from_metadata,
fcq_is_775_1970_04,Supply sink meeting Indian Standard requirements for flooring; cast iron,IS 775: 1970,CAST IRON BRACKETS AND SUPPORTS FOR WASH-BASINS AND SINKS,sink,flooring; cast iron,tender_sentence,specific,canonical_product;application;material,IS 771 (Part 7): 1981;IS 771 (Part 2): 1985;IS 4351: 2003;IS 1795: 1982,generated_from_metadata,
fcq_is_775_1970_05,Need the Indian Standard covering CAST IRON BRACKETS AND SUPPORTS FOR WASH-BASINS AND SINKS,IS 775: 1970,CAST IRON BRACKETS AND SUPPORTS FOR WASH-BASINS AND SINKS,sink,CAST IRON BRACKETS AND SUPPORTS FOR WASH-BASINS AND SINKS,natural_language,specific,title,IS 771 (Part 7): 1981;IS 771 (Part 2): 1985;IS 4351: 2003;IS 1795: 1982,generated_from_metadata,
fcq_is_778_1984_01,"Need the Indian Standard covering COPPER ALLOY GATE, GLOBE AND CHECK VALVES FOR WATER WORKS PURPOSES",IS 778: 1984,"COPPER ALLOY GATE, GLOBE AND CHECK VALVES FOR WATER WORKS PURPOSES",valve,"COPPER ALLOY GATE, GLOBE AND CHECK VALVES FOR WATER WORKS PURPOSES",natural_language,specific,title,IS 13114: 1991;IS 9338: 1984;IS 5312 (Part 2): 1986;IS 702: 1988,generated_from_metadata,
fcq_is_7834_part_2_1987_01,Supply pipe fitting meeting Indian Standard requirements for PVC,IS 7834 (Part 2): 1987,INJECTION MOULDED PVC SOCKET FITTINGS WITH SOLVENT CEMENT JOINTS FOR WATER SUPPLIES PART 2 SPECIFIC REQUIREMENTS FOR 45° ELBOWS.,pipe fitting,PVC,tender_sentence,specific,canonical_product;material,IS 7834 (Part 3): 1987;IS 7834 (Part 4): 1987;IS 7834: 1987;IS 2556 (Part 9): 1994,generated_from_metadata,
fcq_is_7834_part_2_1987_02,Need the Indian Standard covering INJECTION MOULDED PVC SOCKET FITTINGS WITH SOLVENT CEMENT JOINTS FOR WATER SUPPLIES PART 2 SPECIFIC REQUIREMENTS FOR 45° ELBOWS.,IS 7834 (Part 2): 1987,INJECTION MOULDED PVC SOCKET FITTINGS WITH SOLVENT CEMENT JOINTS FOR WATER SUPPLIES PART 2 SPECIFIC REQUIREMENTS FOR 45° ELBOWS.,pipe fitting,INJECTION MOULDED PVC SOCKET FITTINGS WITH SOLVENT CEMENT JOINTS FOR WATER SUPPLIES PART 2 SPECIFIC REQUIREMENTS FOR 45° ELBOWS.,natural_language,specific,title,IS 7834 (Part 3): 1987;IS 7834 (Part 4): 1987;IS 7834: 1987;IS 2556 (Part 9): 1994,generated_from_metadata,
fcq_is_7834_part_2_1987_03,bend for PVC,IS 7834 (Part 2): 1987,INJECTION MOULDED PVC SOCKET FITTINGS WITH SOLVENT CEMENT JOINTS FOR WATER SUPPLIES PART 2 SPECIFIC REQUIREMENTS FOR 45° ELBOWS.,bend,PVC,alias,general_but_sufficient,product_aliases;material,IS 7834 (Part 3): 1987;IS 7834 (Part 4): 1987;IS 7834: 1987;IS 2556 (Part 9): 1994,generated_from_metadata,
fcq_is_7834_part_2_1987_04,bends for PVC,IS 7834 (Part 2): 1987,INJECTION MOULDED PVC SOCKET FITTINGS WITH SOLVENT CEMENT JOINTS FOR WATER SUPPLIES PART 2 SPECIFIC REQUIREMENTS FOR 45° ELBOWS.,bends,PVC,alias,general_but_sufficient,product_aliases;material,IS 7834 (Part 3): 1987;IS 7834 (Part 4): 1987;IS 7834: 1987;IS 2556 (Part 9): 1994,generated_from_metadata,
fcq_is_7834_part_2_1987_05,coupler for PVC,IS 7834 (Part 2): 1987,INJECTION MOULDED PVC SOCKET FITTINGS WITH SOLVENT CEMENT JOINTS FOR WATER SUPPLIES PART 2 SPECIFIC REQUIREMENTS FOR 45° ELBOWS.,coupler,PVC,alias,general_but_sufficient,product_aliases;material,IS 7834 (Part 3): 1987;IS 7834 (Part 4): 1987;IS 7834: 1987;IS 2556 (Part 9): 1994,generated_from_metadata,
fcq_is_7834_part_3_1987_01,Need the Indian Standard covering – INJECTION MOULDED PVC SOCKET FITTINGS WITH SOLVENT CEMENT JOINTS FOR WATER SUPPLIES PART-3 SPECIFIC REQUIREMENTS FOR 900 ELBOWS First Revision,IS 7834 (Part 3): 1987,– INJECTION MOULDED PVC SOCKET FITTINGS WITH SOLVENT CEMENT JOINTS FOR WATER SUPPLIES PART-3 SPECIFIC REQUIREMENTS FOR 900 ELBOWS First Revision,pipe fitting,– INJECTION MOULDED PVC SOCKET FITTINGS WITH SOLVENT CEMENT JOINTS FOR WATER SUPPLIES PART-3 SPECIFIC REQUIREMENTS FOR 900 ELBOWS First Revision,natural_language,specific,title,IS 7834 (Part 2): 1987;IS 7834 (Part 4): 1987;IS 7834: 1987;IS 2556 (Part 9): 1994,generated_from_metadata,
fcq_is_7834_part_4_1987_01,Need the Indian Standard covering – INJECTION MOULDED PVC SOCKET FITTINGS WITH SOLVENT CEMENT JOINTS FOR WATER SUPPLIES PART 4 SPECIFIC REQUIREMENTS FOR 90° TEES,IS 7834 (Part 4): 1987,– INJECTION MOULDED PVC SOCKET FITTINGS WITH SOLVENT CEMENT JOINTS FOR WATER SUPPLIES PART 4 SPECIFIC REQUIREMENTS FOR 90° TEES,pipe fitting,– INJECTION MOULDED PVC SOCKET FITTINGS WITH SOLVENT CEMENT JOINTS FOR WATER SUPPLIES PART 4 SPECIFIC REQUIREMENTS FOR 90° TEES,natural_language,specific,title,IS 7834 (Part 3): 1987;IS 7834 (Part 5): 1987;IS 7834: 1987;IS 2556 (Part 9): 1994,generated_from_metadata,
fcq_is_7834_part_5_1987_01,Need the Indian Standard covering – INJECTION MOULDED PVC SOCKET FITTINGS WITH SOLVENT CEMENT JOINTS FOR WATER SUPPLIES PART – 5 SPECIFIC REQUIREMENTS FOR 450 TEES.,IS 7834 (Part 5): 1987,– INJECTION MOULDED PVC SOCKET FITTINGS WITH SOLVENT CEMENT JOINTS FOR WATER SUPPLIES PART – 5 SPECIFIC REQUIREMENTS FOR 450 TEES.,pipe fitting,– INJECTION MOULDED PVC SOCKET FITTINGS WITH SOLVENT CEMENT JOINTS FOR WATER SUPPLIES PART – 5 SPECIFIC REQUIREMENTS FOR 450 TEES.,natural_language,specific,title,IS 7834 (Part 4): 1987;IS 7834 (Part 7): 1987;IS 7834: 1987;IS 2556 (Part 9): 1994,generated_from_metadata,
fcq_is_7834_part_6_1987_01,Need the Indian Standard covering INJECTION MOULDING PVC SOCKET FITTINGS WITH SOLVENT CEMENT JOINTS FOR WATER SUPPLIES PART 6 SPECIFIC REQUIREMENTS FOR SOCKETS,IS 7834 (Part 6): 1987,INJECTION MOULDING PVC SOCKET FITTINGS WITH SOLVENT CEMENT JOINTS FOR WATER SUPPLIES PART 6 SPECIFIC REQUIREMENTS FOR SOCKETS,pipe fitting,INJECTION MOULDING PVC SOCKET FITTINGS WITH SOLVENT CEMENT JOINTS FOR WATER SUPPLIES PART 6 SPECIFIC REQUIREMENTS FOR SOCKETS,natural_language,specific,title,IS 7834 (Part 7): 1987;IS 7834 (Part 3): 1987;IS 7834: 1987;IS 2556 (Part 9): 1994,generated_from_metadata,
fcq_is_7834_part_8_1987_01,Need the Indian Standard covering INJECTION MOULDED PVC SOCKET FITTINGS WITH SOLVENT CEMENT JOINTS FOR WATER SUPPLIES PART 8 SPECIFIC REQUIREMENTS FOR CAPS,IS 7834 (Part 8): 1987,INJECTION MOULDED PVC SOCKET FITTINGS WITH SOLVENT CEMENT JOINTS FOR WATER SUPPLIES PART 8 SPECIFIC REQUIREMENTS FOR CAPS,pipe fitting,INJECTION MOULDED PVC SOCKET FITTINGS WITH SOLVENT CEMENT JOINTS FOR WATER SUPPLIES PART 8 SPECIFIC REQUIREMENTS FOR CAPS,natural_language,specific,title,IS 7834 (Part 7): 1987;IS 7834 (Part 3): 1987;IS 7834: 1987;IS 8008 (Part 7): 2003,generated_from_metadata,
fcq_is_784_2001_01,PRESTRESSED CONCRETE PIPES standard,IS 784: 2001,PRESTRESSED CONCRETE PIPES,pipe,PRESTRESSED CONCRETE PIPES,product_only,specific,primary_subject,IS 4350: 1967;IS 1785 (Part 2): 1983;IS 7322: 1985;IS 12440: 1988,generated_from_metadata,
fcq_is_784_2001_02,Supply pipe meeting Indian Standard requirements for sewerage; steel,IS 784: 2001,PRESTRESSED CONCRETE PIPES,pipe,sewerage; steel,tender_sentence,specific,canonical_product;application;material,IS 4350: 1967;IS 1785 (Part 2): 1983;IS 7322: 1985;IS 12440: 1988,generated_from_metadata,
fcq_is_784_2001_03,Need the Indian Standard covering PRESTRESSED CONCRETE PIPES,IS 784: 2001,PRESTRESSED CONCRETE PIPES,pipe,PRESTRESSED CONCRETE PIPES,natural_language,specific,title,IS 4350: 1967;IS 1785 (Part 2): 1983;IS 7322: 1985;IS 12440: 1988,generated_from_metadata,
fcq_is_7887_1992_01,MILD STEEL WIRE ROD FOR GENERAL ENGINEERING PURPOSES standard,IS 7887: 1992,MILD STEEL WIRE ROD FOR GENERAL ENGINEERING PURPOSES,rod,MILD STEEL WIRE ROD FOR GENERAL ENGINEERING PURPOSES,product_only,specific,primary_subject,IS 733: 1983;IS 1278: 1972;IS 1079: 1994;IS 3438: 1994,generated_from_metadata,
fcq_is_7887_1992_02,Need the Indian Standard covering MILD STEEL WIRE ROD FOR GENERAL ENGINEERING PURPOSES,IS 7887: 1992,MILD STEEL WIRE ROD FOR GENERAL ENGINEERING PURPOSES,rod,MILD STEEL WIRE ROD FOR GENERAL ENGINEERING PURPOSES,natural_language,specific,title,IS 733: 1983;IS 1278: 1972;IS 1079: 1994;IS 3438: 1994,generated_from_metadata,
fcq_is_8008_part_2_2003_01,HDPE pipe fitting,IS 8008 (Part 2): 2003,INJECTION MOULDED HIGH DENSITY POLYETHYLENE (HDPE) FITTINGS FOR POTABLE WATER SUPPLIES PART 2 SPECIFIC REQUIREMENTS FOR 90O BENDS,pipe fitting,HDPE construction or composition,product_material,specific,canonical_product;material,IS 8008 (Part 3): 2003;IS 8360 (Part 3): 1977;IS 8008 (Part 1): 2003;IS 2556 (Part 2): 1994,generated_from_metadata,
fcq_is_8008_part_2_2003_02,HDPE pipe fitting for potable water supply,IS 8008 (Part 2): 2003,INJECTION MOULDED HIGH DENSITY POLYETHYLENE (HDPE) FITTINGS FOR POTABLE WATER SUPPLIES PART 2 SPECIFIC REQUIREMENTS FOR 90O BENDS,pipe fitting,HDPE product for potable water supply,material_application,specific,canonical_product;material;application,IS 8008 (Part 3): 2003;IS 8360 (Part 3): 1977;IS 8008 (Part 1): 2003;IS 2556 (Part 2): 1994,generated_from_metadata,
fcq_is_8008_part_2_2003_03,Supply pipe fitting meeting Indian Standard requirements for potable water supply; carry potable water; HDPE,IS 8008 (Part 2): 2003,INJECTION MOULDED HIGH DENSITY POLYETHYLENE (HDPE) FITTINGS FOR POTABLE WATER SUPPLIES PART 2 SPECIFIC REQUIREMENTS FOR 90O BENDS,pipe fitting,potable water supply; carry potable water; HDPE,tender_sentence,specific,canonical_product;application;function;material,IS 8008 (Part 3): 2003;IS 8360 (Part 3): 1977;IS 8008 (Part 1): 2003;IS 2556 (Part 2): 1994,generated_from_metadata,
fcq_is_8008_part_2_2003_04,Need the Indian Standard covering INJECTION MOULDED HIGH DENSITY POLYETHYLENE (HDPE) FITTINGS FOR POTABLE WATER SUPPLIES PART 2 SPECIFIC REQUIREMENTS FOR 90O BENDS,IS 8008 (Part 2): 2003,INJECTION MOULDED HIGH DENSITY POLYETHYLENE (HDPE) FITTINGS FOR POTABLE WATER SUPPLIES PART 2 SPECIFIC REQUIREMENTS FOR 90O BENDS,pipe fitting,INJECTION MOULDED HIGH DENSITY POLYETHYLENE (HDPE) FITTINGS FOR POTABLE WATER SUPPLIES PART 2 SPECIFIC REQUIREMENTS FOR 90O BENDS,natural_language,specific,title,IS 8008 (Part 3): 2003;IS 8360 (Part 3): 1977;IS 8008 (Part 1): 2003;IS 2556 (Part 2): 1994,generated_from_metadata,
fcq_is_8008_part_3_2003_01,Need the Indian Standard covering INJECTION MOULDED HIGH DENSITY POLYETHYLENE (HDPE) FITTINGS FOR POTABLE WATER SUPPLIES PART 3 SPECIFIC REQUIREMENTS FOR 90O TEES,IS 8008 (Part 3): 2003,INJECTION MOULDED HIGH DENSITY POLYETHYLENE (HDPE) FITTINGS FOR POTABLE WATER SUPPLIES PART 3 SPECIFIC REQUIREMENTS FOR 90O TEES,pipe fitting,INJECTION MOULDED HIGH DENSITY POLYETHYLENE (HDPE) FITTINGS FOR POTABLE WATER SUPPLIES PART 3 SPECIFIC REQUIREMENTS FOR 90O TEES,natural_language,specific,title,IS 8360 (Part 2): 1977;IS 8008 (Part 4): 2003;IS 8008 (Part 1): 2003;IS 2556 (Part 2): 1994,generated_from_metadata,
fcq_is_8008_part_4_2003_01,Need the Indian Standard covering INJECTION MOULDED HIGH DENSITY POLYETHYLENE (HDPE) FITTINGS FOR POTABLE WATER SUPPLIES PART 4 SPECIFIC REQUIREMENTS FOR REDUCERS,IS 8008 (Part 4): 2003,INJECTION MOULDED HIGH DENSITY POLYETHYLENE (HDPE) FITTINGS FOR POTABLE WATER SUPPLIES PART 4 SPECIFIC REQUIREMENTS FOR REDUCERS,pipe fitting,INJECTION MOULDED HIGH DENSITY POLYETHYLENE (HDPE) FITTINGS FOR POTABLE WATER SUPPLIES PART 4 SPECIFIC REQUIREMENTS FOR REDUCERS,natural_language,specific,title,IS 8008 (Part 5): 2003;IS 8008 (Part 3): 2003;IS 8008 (Part 1): 2003;IS 2556 (Part 2): 1994,generated_from_metadata,
fcq_is_8008_part_5_2003_01,Need the Indian Standard covering INJECTION MOULDED HIGH DENSITY POLYETHYLENE (HDPE) FITTINGS FOR POTABLE WATER SUPPLIES PART 5 SPECIFIC REQUIREMENTS FOR FERRULE REDUCERS,IS 8008 (Part 5): 2003,INJECTION MOULDED HIGH DENSITY POLYETHYLENE (HDPE) FITTINGS FOR POTABLE WATER SUPPLIES PART 5 SPECIFIC REQUIREMENTS FOR FERRULE REDUCERS,pipe fitting,INJECTION MOULDED HIGH DENSITY POLYETHYLENE (HDPE) FITTINGS FOR POTABLE WATER SUPPLIES PART 5 SPECIFIC REQUIREMENTS FOR FERRULE REDUCERS,natural_language,specific,title,IS 8008 (Part 4): 2003;IS 8008 (Part 3): 2003;IS 8008 (Part 1): 2003;IS 2556 (Part 9): 1994,generated_from_metadata,
fcq_is_8008_part_6_2003_01,INJECTION MOULDED HIGH DENSITY POLYETHYLENE (HDPE) FITTINGS FOR POTABLE WATER SUPPLIES PART 6 SPECIFIC REQUIREMENTS FOR PIPE ENDS standard,IS 8008 (Part 6): 2003,INJECTION MOULDED HIGH DENSITY POLYETHYLENE (HDPE) FITTINGS FOR POTABLE WATER SUPPLIES PART 6 SPECIFIC REQUIREMENTS FOR PIPE ENDS,pipe,INJECTION MOULDED HIGH DENSITY POLYETHYLENE (HDPE) FITTINGS FOR POTABLE WATER SUPPLIES PART 6 SPECIFIC REQUIREMENTS FOR PIPE ENDS,product_only,specific,primary_subject,IS 8008 (Part 4): 2003;IS 8008 (Part 3): 2003;IS 8008 (Part 1): 2003;IS 2556 (Part 2): 1994,generated_from_metadata,
fcq_is_8008_part_6_2003_02,Supply pipe meeting Indian Standard requirements for potable water supply; carry potable water; HDPE,IS 8008 (Part 6): 2003,INJECTION MOULDED HIGH DENSITY POLYETHYLENE (HDPE) FITTINGS FOR POTABLE WATER SUPPLIES PART 6 SPECIFIC REQUIREMENTS FOR PIPE ENDS,pipe,potable water supply; carry potable water; HDPE,tender_sentence,specific,canonical_product;application;function;material,IS 8008 (Part 4): 2003;IS 8008 (Part 3): 2003;IS 8008 (Part 1): 2003;IS 2556 (Part 2): 1994,generated_from_metadata,
fcq_is_8008_part_6_2003_03,Need the Indian Standard covering INJECTION MOULDED HIGH DENSITY POLYETHYLENE (HDPE) FITTINGS FOR POTABLE WATER SUPPLIES PART 6 SPECIFIC REQUIREMENTS FOR PIPE ENDS,IS 8008 (Part 6): 2003,INJECTION MOULDED HIGH DENSITY POLYETHYLENE (HDPE) FITTINGS FOR POTABLE WATER SUPPLIES PART 6 SPECIFIC REQUIREMENTS FOR PIPE ENDS,pipe,INJECTION MOULDED HIGH DENSITY POLYETHYLENE (HDPE) FITTINGS FOR POTABLE WATER SUPPLIES PART 6 SPECIFIC REQUIREMENTS FOR PIPE ENDS,natural_language,specific,title,IS 8008 (Part 4): 2003;IS 8008 (Part 3): 2003;IS 8008 (Part 1): 2003;IS 2556 (Part 2): 1994,generated_from_metadata,
fcq_is_8033_1976_01,"WASHERS WITH SQUARE HOLE FOR WOOD FASTENINGS 4. Designation – As an example, a round washer with square hole of nominal size 14 mm shall be designated standard",IS 8033: 1976,"WASHERS WITH SQUARE HOLE FOR WOOD FASTENINGS 4. Designation – As an example, a round washer with square hole of nominal size 14 mm shall be designated",washer,"WASHERS WITH SQUARE HOLE FOR WOOD FASTENINGS 4. Designation – As an example, a round washer with square hole of nominal size 14 mm shall be designated",product_only,specific,primary_subject,IS 5373: 1969;IS 5372: 1975;IS 2686: 1977;IS 3004: 1979,generated_from_metadata,
fcq_is_8033_1976_02,timber washer,IS 8033: 1976,"WASHERS WITH SQUARE HOLE FOR WOOD FASTENINGS 4. Designation – As an example, a round washer with square hole of nominal size 14 mm shall be designated",washer,timber construction or composition,product_material,specific,canonical_product;material,IS 5373: 1969;IS 5372: 1975;IS 2686: 1977;IS 3004: 1979,generated_from_metadata,
fcq_is_8033_1976_03,Supply washer meeting Indian Standard requirements for structural fastening; timber,IS 8033: 1976,"WASHERS WITH SQUARE HOLE FOR WOOD FASTENINGS 4. Designation – As an example, a round washer with square hole of nominal size 14 mm shall be designated",washer,structural fastening; timber,tender_sentence,specific,canonical_product;function;material,IS 5373: 1969;IS 5372: 1975;IS 2686: 1977;IS 3004: 1979,generated_from_metadata,
fcq_is_8033_1976_04,"Need the Indian Standard covering WASHERS WITH SQUARE HOLE FOR WOOD FASTENINGS 4. Designation – As an example, a round washer with square hole of nominal size 14 mm shall be designated",IS 8033: 1976,"WASHERS WITH SQUARE HOLE FOR WOOD FASTENINGS 4. Designation – As an example, a round washer with square hole of nominal size 14 mm shall be designated",washer,"WASHERS WITH SQUARE HOLE FOR WOOD FASTENINGS 4. Designation – As an example, a round washer with square hole of nominal size 14 mm shall be designated",natural_language,specific,title,IS 5373: 1969;IS 5372: 1975;IS 2686: 1977;IS 3004: 1979,generated_from_metadata,
fcq_is_8033_1976_05,plain washer for timber,IS 8033: 1976,"WASHERS WITH SQUARE HOLE FOR WOOD FASTENINGS 4. Designation – As an example, a round washer with square hole of nominal size 14 mm shall be designated",plain washer,timber,alias,general_but_sufficient,product_aliases;material,IS 5373: 1969;IS 5372: 1975;IS 2686: 1977;IS 3004: 1979,generated_from_metadata,
fcq_is_8033_1976_06,washers for timber,IS 8033: 1976,"WASHERS WITH SQUARE HOLE FOR WOOD FASTENINGS 4. Designation – As an example, a round washer with square hole of nominal size 14 mm shall be designated",washers,timber,alias,general_but_sufficient,product_aliases;material,IS 5373: 1969;IS 5372: 1975;IS 2686: 1977;IS 3004: 1979,generated_from_metadata,
fcq_is_8041_1990_01,RAPID HARDENING PORTLAND CEMENT standard,IS 8041: 1990,RAPID HARDENING PORTLAND CEMENT,cement,RAPID HARDENING PORTLAND CEMENT,product_only,specific,primary_subject,IS 269: 1989;IS 1489 (Part 1): 1991;IS 454: 1994;IS 455: 1989,generated_from_metadata,
fcq_is_8041_1990_02,Need the Indian Standard covering RAPID HARDENING PORTLAND CEMENT,IS 8041: 1990,RAPID HARDENING PORTLAND CEMENT,cement,RAPID HARDENING PORTLAND CEMENT,natural_language,specific,title,IS 269: 1989;IS 1489 (Part 1): 1991;IS 454: 1994;IS 455: 1989,generated_from_metadata,
fcq_is_8041_1990_03,lime pozzolana mixture for RAPID HARDENING PORTLAND CEMENT,IS 8041: 1990,RAPID HARDENING PORTLAND CEMENT,lime pozzolana mixture,RAPID HARDENING PORTLAND CEMENT,alias,general_but_sufficient,product_aliases;primary_subject,IS 269: 1989;IS 1489 (Part 1): 1991;IS 454: 1994;IS 455: 1989,generated_from_metadata,
fcq_is_8041_1990_04,lime-pozzolana concrete for RAPID HARDENING PORTLAND CEMENT,IS 8041: 1990,RAPID HARDENING PORTLAND CEMENT,lime-pozzolana concrete,RAPID HARDENING PORTLAND CEMENT,alias,general_but_sufficient,product_aliases;primary_subject,IS 269: 1989;IS 1489 (Part 1): 1991;IS 454: 1994;IS 455: 1989,generated_from_metadata,
fcq_is_8041_1990_05,masonry cement for RAPID HARDENING PORTLAND CEMENT,IS 8041: 1990,RAPID HARDENING PORTLAND CEMENT,masonry cement,RAPID HARDENING PORTLAND CEMENT,alias,general_but_sufficient,product_aliases;primary_subject,IS 269: 1989;IS 1489 (Part 1): 1991;IS 454: 1994;IS 455: 1989,generated_from_metadata,
fcq_is_8042_1989_01,WHITE PORTLAND CEMENT standard,IS 8042: 1989,WHITE PORTLAND CEMENT,cement,WHITE PORTLAND CEMENT,product_only,specific,primary_subject,IS 8041: 1990;IS 455: 1989;IS 702: 1988;IS 269: 1989,generated_from_metadata,
fcq_is_8042_1989_02,Need the Indian Standard covering WHITE PORTLAND CEMENT,IS 8042: 1989,WHITE PORTLAND CEMENT,cement,WHITE PORTLAND CEMENT,natural_language,specific,title,IS 8041: 1990;IS 455: 1989;IS 702: 1988;IS 269: 1989,generated_from_metadata,
fcq_is_8042_1989_03,lime pozzolana mixture for WHITE PORTLAND CEMENT,IS 8042: 1989,WHITE PORTLAND CEMENT,lime pozzolana mixture,WHITE PORTLAND CEMENT,alias,general_but_sufficient,product_aliases;primary_subject,IS 8041: 1990;IS 455: 1989;IS 702: 1988;IS 269: 1989,generated_from_metadata,
fcq_is_8042_1989_04,lime-pozzolana concrete for WHITE PORTLAND CEMENT,IS 8042: 1989,WHITE PORTLAND CEMENT,lime-pozzolana concrete,WHITE PORTLAND CEMENT,alias,general_but_sufficient,product_aliases;primary_subject,IS 8041: 1990;IS 455: 1989;IS 702: 1988;IS 269: 1989,generated_from_metadata,
fcq_is_8042_1989_05,masonry cement for WHITE PORTLAND CEMENT,IS 8042: 1989,WHITE PORTLAND CEMENT,masonry cement,WHITE PORTLAND CEMENT,alias,general_but_sufficient,product_aliases;primary_subject,IS 8041: 1990;IS 455: 1989;IS 702: 1988;IS 269: 1989,generated_from_metadata,
fcq_is_8043_1991_01,cement required to waterproofing,IS 8043: 1991,HYDROPHOBIC PORTLAND CEMENT,cement,required to waterproofing,product_function,specific,canonical_product;function,IS 2645: 2003;IS 12330: 1988;IS 3037: 1986;IS 9743: 1990,generated_from_metadata,
fcq_is_8043_1991_02,cement for waterproofing,IS 8043: 1991,HYDROPHOBIC PORTLAND CEMENT,cement,for waterproofing,product_application,specific,canonical_product;application,IS 2645: 2003;IS 12330: 1988;IS 3037: 1986;IS 9743: 1990,generated_from_metadata,
fcq_is_8043_1991_03,ordinary portland 33 grade to waterproofing,IS 8043: 1991,HYDROPHOBIC PORTLAND CEMENT,cement,ordinary portland 33 grade required to waterproofing,subtype_function,specific,product_subtype;function,IS 2645: 2003;IS 12330: 1988;IS 3037: 1986;IS 9743: 1990,generated_from_metadata,
fcq_is_8043_1991_04,ordinary portland 33 grade for waterproofing,IS 8043: 1991,HYDROPHOBIC PORTLAND CEMENT,cement,ordinary portland 33 grade used for waterproofing,subtype_application,specific,product_subtype;application,IS 2645: 2003;IS 12330: 1988;IS 3037: 1986;IS 9743: 1990,generated_from_metadata,
fcq_is_8043_1991_05,Supply cement meeting Indian Standard requirements for waterproofing; waterproofing,IS 8043: 1991,HYDROPHOBIC PORTLAND CEMENT,cement,waterproofing; waterproofing,tender_sentence,specific,canonical_product;application;function,IS 2645: 2003;IS 12330: 1988;IS 3037: 1986;IS 9743: 1990,generated_from_metadata,
fcq_is_8043_1991_06,Need the Indian Standard covering HYDROPHOBIC PORTLAND CEMENT,IS 8043: 1991,HYDROPHOBIC PORTLAND CEMENT,cement,HYDROPHOBIC PORTLAND CEMENT,natural_language,specific,title,IS 2645: 2003;IS 12330: 1988;IS 3037: 1986;IS 9743: 1990,generated_from_metadata,
fcq_is_8043_1991_07,"cement, waterproofing",IS 8043: 1991,HYDROPHOBIC PORTLAND CEMENT,cement,waterproofing,boq_short,general_but_sufficient,canonical_product;application,IS 2645: 2003;IS 12330: 1988;IS 3037: 1986;IS 9743: 1990,generated_from_metadata,
fcq_is_8043_1991_08,lime pozzolana mixture for waterproofing,IS 8043: 1991,HYDROPHOBIC PORTLAND CEMENT,lime pozzolana mixture,waterproofing,alias,general_but_sufficient,product_aliases;application,IS 2645: 2003;IS 12330: 1988;IS 3037: 1986;IS 9743: 1990,generated_from_metadata,
fcq_is_8043_1991_09,lime-pozzolana concrete for waterproofing,IS 8043: 1991,HYDROPHOBIC PORTLAND CEMENT,lime-pozzolana concrete,waterproofing,alias,general_but_sufficient,product_aliases;application,IS 2645: 2003;IS 12330: 1988;IS 3037: 1986;IS 9743: 1990,generated_from_metadata,
fcq_is_8043_1991_10,masonry cement for waterproofing,IS 8043: 1991,HYDROPHOBIC PORTLAND CEMENT,masonry cement,waterproofing,alias,general_but_sufficient,product_aliases;application,IS 2645: 2003;IS 12330: 1988;IS 3037: 1986;IS 9743: 1990,generated_from_metadata,
fcq_is_804_1967_01,RECTANGULAR PRESSED STEEL TANKS standard,IS 804: 1967,RECTANGULAR PRESSED STEEL TANKS,water tank,RECTANGULAR PRESSED STEEL TANKS,product_only,specific,primary_subject,IS 12701: 1996;IS 13356: 1992;IS 10342: 1982;IS 404 (Part 1): 1993,generated_from_metadata,
fcq_is_804_1967_02,water tank for flooring,IS 804: 1967,RECTANGULAR PRESSED STEEL TANKS,water tank,for flooring,product_application,specific,canonical_product;application,IS 12701: 1996;IS 13356: 1992;IS 10342: 1982;IS 404 (Part 1): 1993,generated_from_metadata,
fcq_is_804_1967_03,steel water tank for flooring,IS 804: 1967,RECTANGULAR PRESSED STEEL TANKS,water tank,steel product for flooring,material_application,specific,canonical_product;material;application,IS 12701: 1996;IS 13356: 1992;IS 10342: 1982;IS 404 (Part 1): 1993,generated_from_metadata,
fcq_is_804_1967_04,Supply water tank meeting Indian Standard requirements for flooring; steel,IS 804: 1967,RECTANGULAR PRESSED STEEL TANKS,water tank,flooring; steel,tender_sentence,specific,canonical_product;application;material,IS 12701: 1996;IS 13356: 1992;IS 10342: 1982;IS 404 (Part 1): 1993,generated_from_metadata,
fcq_is_804_1967_05,Need the Indian Standard covering RECTANGULAR PRESSED STEEL TANKS,IS 804: 1967,RECTANGULAR PRESSED STEEL TANKS,water tank,RECTANGULAR PRESSED STEEL TANKS,natural_language,specific,title,IS 12701: 1996;IS 13356: 1992;IS 10342: 1982;IS 404 (Part 1): 1993,generated_from_metadata,
fcq_is_804_1967_06,"water tank, flooring",IS 804: 1967,RECTANGULAR PRESSED STEEL TANKS,water tank,flooring,boq_short,general_but_sufficient,canonical_product;application,IS 12701: 1996;IS 13356: 1992;IS 10342: 1982;IS 404 (Part 1): 1993,generated_from_metadata,
fcq_is_804_1967_07,tank for flooring,IS 804: 1967,RECTANGULAR PRESSED STEEL TANKS,tank,flooring,alias,general_but_sufficient,product_aliases;application,IS 12701: 1996;IS 13356: 1992;IS 10342: 1982;IS 404 (Part 1): 1993,generated_from_metadata,
fcq_is_804_1967_08,water tanks for flooring,IS 804: 1967,RECTANGULAR PRESSED STEEL TANKS,water tanks,flooring,alias,general_but_sufficient,product_aliases;application,IS 12701: 1996;IS 13356: 1992;IS 10342: 1982;IS 404 (Part 1): 1993,generated_from_metadata,
fcq_is_8081_1976_01,SLOTTED SECTIONS standard,IS 8081: 1976,SLOTTED SECTIONS,steel section,SLOTTED SECTIONS,product_only,specific,primary_subject,IS 12778: 2004;IS 4923: 1997;IS 10342: 1982;IS 4021: 1995,generated_from_metadata,
fcq_is_8081_1976_02,Need the Indian Standard covering SLOTTED SECTIONS,IS 8081: 1976,SLOTTED SECTIONS,steel section,SLOTTED SECTIONS,natural_language,specific,title,IS 12778: 2004;IS 4923: 1997;IS 10342: 1982;IS 4021: 1995,generated_from_metadata,
fcq_is_808_1989_01,"DIMENSIONS FOR HOT ROLLED STEELBEAM, COLUMN, CHANNEL AND ANGLE SECTIONS standard",IS 808: 1989,"DIMENSIONS FOR HOT ROLLED STEELBEAM, COLUMN, CHANNEL AND ANGLE SECTIONS",channel,"DIMENSIONS FOR HOT ROLLED STEELBEAM, COLUMN, CHANNEL AND ANGLE SECTIONS",product_only,specific,primary_subject,IS 3954: 1991;IS 3921: 1985;IS 2314: 1986;IS 12778: 2004,generated_from_metadata,
fcq_is_808_1989_02,"Need the Indian Standard covering DIMENSIONS FOR HOT ROLLED STEELBEAM, COLUMN, CHANNEL AND ANGLE SECTIONS",IS 808: 1989,"DIMENSIONS FOR HOT ROLLED STEELBEAM, COLUMN, CHANNEL AND ANGLE SECTIONS",channel,"DIMENSIONS FOR HOT ROLLED STEELBEAM, COLUMN, CHANNEL AND ANGLE SECTIONS",natural_language,specific,title,IS 3954: 1991;IS 3921: 1985;IS 2314: 1986;IS 12778: 2004,generated_from_metadata,
fcq_is_8112_1989_01,ordinary portland 43 grade standard,IS 8112: 1989,43 GRADE ORDINARY PORTLAND CEMENT,cement,ordinary portland 43 grade,product_only,specific,product_subtype,IS 269: 1989;IS 455: 1989;IS 2547 (Part 1): 1976;IS 702: 1988,generated_from_metadata,
fcq_is_8112_1989_02,Need the Indian Standard covering 43 GRADE ORDINARY PORTLAND CEMENT,IS 8112: 1989,43 GRADE ORDINARY PORTLAND CEMENT,cement,43 GRADE ORDINARY PORTLAND CEMENT,natural_language,specific,title,IS 269: 1989;IS 455: 1989;IS 2547 (Part 1): 1976;IS 702: 1988,generated_from_metadata,
fcq_is_811_1987_01,COLD FORMED LIGHT GAUGE STRUCTURAL STEEL SECTIONS standard,IS 811: 1987,COLD FORMED LIGHT GAUGE STRUCTURAL STEEL SECTIONS,steel section,COLD FORMED LIGHT GAUGE STRUCTURAL STEEL SECTIONS,product_only,specific,primary_subject,IS 4923: 1997;IS 12778: 2004;IS 3954: 1991;IS 5384: 1985,generated_from_metadata,
fcq_is_811_1987_02,Need the Indian Standard covering COLD FORMED LIGHT GAUGE STRUCTURAL STEEL SECTIONS,IS 811: 1987,COLD FORMED LIGHT GAUGE STRUCTURAL STEEL SECTIONS,steel section,COLD FORMED LIGHT GAUGE STRUCTURAL STEEL SECTIONS,natural_language,specific,title,IS 4923: 1997;IS 12778: 2004;IS 3954: 1991;IS 5384: 1985,generated_from_metadata,
fcq_is_814_2004_01,COVERED ELECTRODES FOR MANUAL METAL ARC WELDING OF CARBON AND CARBON MANGANESE STEEL standard,IS 814: 2004,COVERED ELECTRODES FOR MANUAL METAL ARC WELDING OF CARBON AND CARBON MANGANESE STEEL,electrode,COVERED ELECTRODES FOR MANUAL METAL ARC WELDING OF CARBON AND CARBON MANGANESE STEEL,product_only,specific,primary_subject,IS 8363: 1976;IS 6560: 1996;IS 1977: 1996;IS 7280: 1974,generated_from_metadata,
fcq_is_814_2004_02,Need the Indian Standard covering COVERED ELECTRODES FOR MANUAL METAL ARC WELDING OF CARBON AND CARBON MANGANESE STEEL,IS 814: 2004,COVERED ELECTRODES FOR MANUAL METAL ARC WELDING OF CARBON AND CARBON MANGANESE STEEL,electrode,COVERED ELECTRODES FOR MANUAL METAL ARC WELDING OF CARBON AND CARBON MANGANESE STEEL,natural_language,specific,title,IS 8363: 1976;IS 6560: 1996;IS 1977: 1996;IS 7280: 1974,generated_from_metadata,
fcq_is_8154_1993_01,PREORMED CALCIUM SILICATE INSULATION standard,IS 8154: 1993,PREORMED CALCIUM SILICATE INSULATION,thermal insulation,PREORMED CALCIUM SILICATE INSULATION,product_only,specific,primary_subject,IS 9428: 1993;IS 8183: 1993;IS 9537 (Part 4): 1983;IS 3438: 1994,generated_from_metadata,
fcq_is_8154_1993_02,Supply thermal insulation meeting Indian Standard requirements for thermal insulation,IS 8154: 1993,PREORMED CALCIUM SILICATE INSULATION,thermal insulation,thermal insulation,tender_sentence,specific,canonical_product;application,IS 9428: 1993;IS 8183: 1993;IS 9537 (Part 4): 1983;IS 3438: 1994,generated_from_metadata,
fcq_is_8154_1993_03,Need the Indian Standard covering PREORMED CALCIUM SILICATE INSULATION,IS 8154: 1993,PREORMED CALCIUM SILICATE INSULATION,thermal insulation,PREORMED CALCIUM SILICATE INSULATION,natural_language,specific,title,IS 9428: 1993;IS 8183: 1993;IS 9537 (Part 4): 1983;IS 3438: 1994,generated_from_metadata,
fcq_is_8183_1993_01,BONDED MINERAL WOOL standard,IS 8183: 1993,BONDED MINERAL WOOL,thermal insulation,BONDED MINERAL WOOL,product_only,specific,primary_subject,IS 9742: 1993;IS 3677: 1985;IS 9537 (Part 4): 1983;IS 3438: 1994,generated_from_metadata,
fcq_is_8183_1993_02,Need the Indian Standard covering BONDED MINERAL WOOL,IS 8183: 1993,BONDED MINERAL WOOL,thermal insulation,BONDED MINERAL WOOL,natural_language,specific,title,IS 9742: 1993;IS 3677: 1985;IS 9537 (Part 4): 1983;IS 3438: 1994,generated_from_metadata,
fcq_is_8272_1984_01,GYPSUM PLASTER FOR USE IN THE MANUFACTURE OF FIBROUS PLASTER BOARDS standard,IS 8272: 1984,GYPSUM PLASTER FOR USE IN THE MANUFACTURE OF FIBROUS PLASTER BOARDS,board,GYPSUM PLASTER FOR USE IN THE MANUFACTURE OF FIBROUS PLASTER BOARDS,product_only,specific,primary_subject,IS 2095 (Part 3): 1996;IS 2547 (Part 1): 1976;IS 14862: 2000;IS 2547 (Part 2): 1976,generated_from_metadata,
fcq_is_8272_1984_02,board for railway track,IS 8272: 1984,GYPSUM PLASTER FOR USE IN THE MANUFACTURE OF FIBROUS PLASTER BOARDS,board,for railway track,product_application,specific,canonical_product;application,IS 2095 (Part 3): 1996;IS 2547 (Part 1): 1976;IS 14862: 2000;IS 2547 (Part 2): 1976,generated_from_metadata,
fcq_is_8272_1984_03,timber board for railway track,IS 8272: 1984,GYPSUM PLASTER FOR USE IN THE MANUFACTURE OF FIBROUS PLASTER BOARDS,board,timber product for railway track,material_application,specific,canonical_product;material;application,IS 2095 (Part 3): 1996;IS 2547 (Part 1): 1976;IS 14862: 2000;IS 2547 (Part 2): 1976,generated_from_metadata,
fcq_is_8272_1984_04,Supply board meeting Indian Standard requirements for railway track; timber,IS 8272: 1984,GYPSUM PLASTER FOR USE IN THE MANUFACTURE OF FIBROUS PLASTER BOARDS,board,railway track; timber,tender_sentence,specific,canonical_product;application;material,IS 2095 (Part 3): 1996;IS 2547 (Part 1): 1976;IS 14862: 2000;IS 2547 (Part 2): 1976,generated_from_metadata,
fcq_is_8272_1984_05,Need the Indian Standard covering GYPSUM PLASTER FOR USE IN THE MANUFACTURE OF FIBROUS PLASTER BOARDS,IS 8272: 1984,GYPSUM PLASTER FOR USE IN THE MANUFACTURE OF FIBROUS PLASTER BOARDS,board,GYPSUM PLASTER FOR USE IN THE MANUFACTURE OF FIBROUS PLASTER BOARDS,natural_language,specific,title,IS 2095 (Part 3): 1996;IS 2547 (Part 1): 1976;IS 14862: 2000;IS 2547 (Part 2): 1976,generated_from_metadata,
fcq_is_8272_1984_06,"board, railway track",IS 8272: 1984,GYPSUM PLASTER FOR USE IN THE MANUFACTURE OF FIBROUS PLASTER BOARDS,board,railway track,boq_short,general_but_sufficient,canonical_product;application,IS 2095 (Part 3): 1996;IS 2547 (Part 1): 1976;IS 14862: 2000;IS 2547 (Part 2): 1976,generated_from_metadata,
fcq_is_8272_1984_07,bamboo mat board for railway track,IS 8272: 1984,GYPSUM PLASTER FOR USE IN THE MANUFACTURE OF FIBROUS PLASTER BOARDS,bamboo mat board,railway track,alias,general_but_sufficient,product_aliases;application,IS 2095 (Part 3): 1996;IS 2547 (Part 1): 1976;IS 14862: 2000;IS 2547 (Part 2): 1976,generated_from_metadata,
fcq_is_8272_1984_08,boards for railway track,IS 8272: 1984,GYPSUM PLASTER FOR USE IN THE MANUFACTURE OF FIBROUS PLASTER BOARDS,boards,railway track,alias,general_but_sufficient,product_aliases;application,IS 2095 (Part 3): 1996;IS 2547 (Part 1): 1976;IS 14862: 2000;IS 2547 (Part 2): 1976,generated_from_metadata,
fcq_is_8272_1984_09,coir board for railway track,IS 8272: 1984,GYPSUM PLASTER FOR USE IN THE MANUFACTURE OF FIBROUS PLASTER BOARDS,coir board,railway track,alias,general_but_sufficient,product_aliases;application,IS 2095 (Part 3): 1996;IS 2547 (Part 1): 1976;IS 14862: 2000;IS 2547 (Part 2): 1976,generated_from_metadata,
fcq_is_8360_part_2_1977_01,Need the Indian Standard covering FABRICATED HIGH DENSITY POLYETHYLENE (HDPE) FITTINGS FOR POTABLE WATER SUPPLIES PART 2 SPECIFIC REQUIREMENTS FOR 90O TEES 2.2 Ouside diameters and wall thickness of pipes out of which 90° tees are fabricated shall comply with those,IS 8360 (Part 2): 1977,FABRICATED HIGH DENSITY POLYETHYLENE (HDPE) FITTINGS FOR POTABLE WATER SUPPLIES PART 2 SPECIFIC REQUIREMENTS FOR 90O TEES 2.2 Ouside diameters and wall thickness of pipes out of which 90° tees are fabricated shall comply with those,pipe fitting,FABRICATED HIGH DENSITY POLYETHYLENE (HDPE) FITTINGS FOR POTABLE WATER SUPPLIES PART 2 SPECIFIC REQUIREMENTS FOR 90O TEES 2.2 Ouside diameters and wall thickness of pipes out of which 90° tees are fabricated shall comply with those,natural_language,specific,title,IS 8008 (Part 3): 2003;IS 8360 (Part 3): 1977;IS 8008 (Part 1): 2003;IS 2556 (Part 2): 1994,generated_from_metadata,
fcq_is_8360_part_3_1977_01,Need the Indian Standard covering FABRICATED HIGH DENSITY POLYETHYLENE,IS 8360 (Part 3): 1977,FABRICATED HIGH DENSITY POLYETHYLENE,pipe fitting,FABRICATED HIGH DENSITY POLYETHYLENE,natural_language,specific,title,IS 8360 (Part 2): 1977;IS 8008 (Part 2): 2003;IS 8008 (Part 1): 2003;IS 2556 (Part 2): 1994,generated_from_metadata,
fcq_is_8363_1976_01,BARE WIRE ELECTRODES FOR ELECTROSLAG WELDING OF STEELS standard,IS 8363: 1976,BARE WIRE ELECTRODES FOR ELECTROSLAG WELDING OF STEELS,electrode,BARE WIRE ELECTRODES FOR ELECTROSLAG WELDING OF STEELS,product_only,specific,primary_subject,IS 1395: 1982;IS 6560: 1996;IS 7280: 1974;IS 3037: 1986,generated_from_metadata,
fcq_is_8363_1976_02,electrode for roofing,IS 8363: 1976,BARE WIRE ELECTRODES FOR ELECTROSLAG WELDING OF STEELS,electrode,for roofing,product_application,specific,canonical_product;application,IS 1395: 1982;IS 6560: 1996;IS 7280: 1974;IS 3037: 1986,generated_from_metadata,
fcq_is_8363_1976_03,steel electrode for roofing,IS 8363: 1976,BARE WIRE ELECTRODES FOR ELECTROSLAG WELDING OF STEELS,electrode,steel product for roofing,material_application,specific,canonical_product;material;application,IS 1395: 1982;IS 6560: 1996;IS 7280: 1974;IS 3037: 1986,generated_from_metadata,
fcq_is_8363_1976_04,Supply electrode meeting Indian Standard requirements for roofing; steel,IS 8363: 1976,BARE WIRE ELECTRODES FOR ELECTROSLAG WELDING OF STEELS,electrode,roofing; steel,tender_sentence,specific,canonical_product;application;material,IS 1395: 1982;IS 6560: 1996;IS 7280: 1974;IS 3037: 1986,generated_from_metadata,
fcq_is_8363_1976_05,Need the Indian Standard covering BARE WIRE ELECTRODES FOR ELECTROSLAG WELDING OF STEELS,IS 8363: 1976,BARE WIRE ELECTRODES FOR ELECTROSLAG WELDING OF STEELS,electrode,BARE WIRE ELECTRODES FOR ELECTROSLAG WELDING OF STEELS,natural_language,specific,title,IS 1395: 1982;IS 6560: 1996;IS 7280: 1974;IS 3037: 1986,generated_from_metadata,
fcq_is_8363_1976_06,"electrode, roofing",IS 8363: 1976,BARE WIRE ELECTRODES FOR ELECTROSLAG WELDING OF STEELS,electrode,roofing,boq_short,general_but_sufficient,canonical_product;application,IS 1395: 1982;IS 6560: 1996;IS 7280: 1974;IS 3037: 1986,generated_from_metadata,
fcq_is_8363_1976_07,electrodes for roofing,IS 8363: 1976,BARE WIRE ELECTRODES FOR ELECTROSLAG WELDING OF STEELS,electrodes,roofing,alias,general_but_sufficient,product_aliases;application,IS 1395: 1982;IS 6560: 1996;IS 7280: 1974;IS 3037: 1986,generated_from_metadata,
fcq_is_8412_1977_01,SLOTTED COUNTERSUNK HEAD BOLTS FOR STEEL STRUCTURES standard,IS 8412: 1977,SLOTTED COUNTERSUNK HEAD BOLTS FOR STEEL STRUCTURES,bolt,SLOTTED COUNTERSUNK HEAD BOLTS FOR STEEL STRUCTURES,product_only,specific,primary_subject,IS 6639: 1972;IS 1365: 1978;IS 723: 1972;IS 2372: 2004,generated_from_metadata,
fcq_is_8412_1977_02,Need the Indian Standard covering SLOTTED COUNTERSUNK HEAD BOLTS FOR STEEL STRUCTURES,IS 8412: 1977,SLOTTED COUNTERSUNK HEAD BOLTS FOR STEEL STRUCTURES,bolt,SLOTTED COUNTERSUNK HEAD BOLTS FOR STEEL STRUCTURES,natural_language,specific,title,IS 6639: 1972;IS 1365: 1978;IS 723: 1972;IS 2372: 2004,generated_from_metadata,
fcq_is_851_1978_01,SYNTHETIC RESIN ADHESIVES FOR CONSTRUCTION WORK (NON-STRUCTURAL) IN WOOD standard,IS 851: 1978,SYNTHETIC RESIN ADHESIVES FOR CONSTRUCTION WORK (NON-STRUCTURAL) IN WOOD,adhesive,SYNTHETIC RESIN ADHESIVES FOR CONSTRUCTION WORK (NON-STRUCTURAL) IN WOOD,product_only,specific,primary_subject,IS 849: 1994;IS 14753: 1999;IS 4990: 1993;IS 3828: 1966,generated_from_metadata,
fcq_is_851_1978_02,timber adhesive,IS 851: 1978,SYNTHETIC RESIN ADHESIVES FOR CONSTRUCTION WORK (NON-STRUCTURAL) IN WOOD,adhesive,timber construction or composition,product_material,specific,canonical_product;material,IS 849: 1994;IS 14753: 1999;IS 4990: 1993;IS 3828: 1966,generated_from_metadata,
fcq_is_851_1978_03,Supply adhesive meeting Indian Standard requirements for timber,IS 851: 1978,SYNTHETIC RESIN ADHESIVES FOR CONSTRUCTION WORK (NON-STRUCTURAL) IN WOOD,adhesive,timber,tender_sentence,specific,canonical_product;material,IS 849: 1994;IS 14753: 1999;IS 4990: 1993;IS 3828: 1966,generated_from_metadata,
fcq_is_851_1978_04,Need the Indian Standard covering SYNTHETIC RESIN ADHESIVES FOR CONSTRUCTION WORK (NON-STRUCTURAL) IN WOOD,IS 851: 1978,SYNTHETIC RESIN ADHESIVES FOR CONSTRUCTION WORK (NON-STRUCTURAL) IN WOOD,adhesive,SYNTHETIC RESIN ADHESIVES FOR CONSTRUCTION WORK (NON-STRUCTURAL) IN WOOD,natural_language,specific,title,IS 849: 1994;IS 14753: 1999;IS 4990: 1993;IS 3828: 1966,generated_from_metadata,
fcq_is_851_1978_05,adhesives for timber,IS 851: 1978,SYNTHETIC RESIN ADHESIVES FOR CONSTRUCTION WORK (NON-STRUCTURAL) IN WOOD,adhesives,timber,alias,general_but_sufficient,product_aliases;material,IS 849: 1994;IS 14753: 1999;IS 4990: 1993;IS 3828: 1966,generated_from_metadata,
fcq_is_8718_1978_01,VITREOUS ENAMELLED STEELKITCHEN SINKS standard,IS 8718: 1978,VITREOUS ENAMELLED STEELKITCHEN SINKS,sink,VITREOUS ENAMELLED STEELKITCHEN SINKS,product_only,specific,primary_subject,IS 775: 1970;IS 771 (Part 2): 1985;IS 3489: 1985;IS 8727: 1978,generated_from_metadata,
fcq_is_8718_1978_02,steel sink,IS 8718: 1978,VITREOUS ENAMELLED STEELKITCHEN SINKS,sink,steel construction or composition,product_material,specific,canonical_product;material,IS 775: 1970;IS 771 (Part 2): 1985;IS 3489: 1985;IS 8727: 1978,generated_from_metadata,
fcq_is_8718_1978_03,Supply sink meeting Indian Standard requirements for steel,IS 8718: 1978,VITREOUS ENAMELLED STEELKITCHEN SINKS,sink,steel,tender_sentence,specific,canonical_product;material,IS 775: 1970;IS 771 (Part 2): 1985;IS 3489: 1985;IS 8727: 1978,generated_from_metadata,
fcq_is_8718_1978_04,Need the Indian Standard covering VITREOUS ENAMELLED STEELKITCHEN SINKS,IS 8718: 1978,VITREOUS ENAMELLED STEELKITCHEN SINKS,sink,VITREOUS ENAMELLED STEELKITCHEN SINKS,natural_language,specific,title,IS 775: 1970;IS 771 (Part 2): 1985;IS 3489: 1985;IS 8727: 1978,generated_from_metadata,
fcq_is_8718_1978_05,sinks for steel,IS 8718: 1978,VITREOUS ENAMELLED STEELKITCHEN SINKS,sinks,steel,alias,general_but_sufficient,product_aliases;material,IS 775: 1970;IS 771 (Part 2): 1985;IS 3489: 1985;IS 8727: 1978,generated_from_metadata,
fcq_is_8760_1978_01,MORTICE SLIDING DOOR LOCKS WITH LEVER MECHANISM standard,IS 8760: 1978,MORTICE SLIDING DOOR LOCKS WITH LEVER MECHANISM,door,MORTICE SLIDING DOOR LOCKS WITH LEVER MECHANISM,product_only,specific,primary_subject,IS 3828: 1966;IS 4992: 1975;IS 3847: 1992;IS 712: 1984,generated_from_metadata,
fcq_is_8760_1978_02,Need the Indian Standard covering MORTICE SLIDING DOOR LOCKS WITH LEVER MECHANISM,IS 8760: 1978,MORTICE SLIDING DOOR LOCKS WITH LEVER MECHANISM,door,MORTICE SLIDING DOOR LOCKS WITH LEVER MECHANISM,natural_language,specific,title,IS 3828: 1966;IS 4992: 1975;IS 3847: 1992;IS 712: 1984,generated_from_metadata,
fcq_is_876_1992_01,WOOD POLES FOR OVER HEAD POWER AND TELECOMMUNICATION LINES standard,IS 876: 1992,WOOD POLES FOR OVER HEAD POWER AND TELECOMMUNICATION LINES,timber,WOOD POLES FOR OVER HEAD POWER AND TELECOMMUNICATION LINES,product_only,specific,primary_subject,IS 6056: 1970;IS 2372: 2004;IS 13958: 1994;IS 1826: 1961,generated_from_metadata,
fcq_is_876_1992_02,Need the Indian Standard covering WOOD POLES FOR OVER HEAD POWER AND TELECOMMUNICATION LINES,IS 876: 1992,WOOD POLES FOR OVER HEAD POWER AND TELECOMMUNICATION LINES,timber,WOOD POLES FOR OVER HEAD POWER AND TELECOMMUNICATION LINES,natural_language,specific,title,IS 6056: 1970;IS 2372: 2004;IS 13958: 1994;IS 1826: 1961,generated_from_metadata,
fcq_is_8870_1978_01,rubber pipe fitting,IS 8870: 1978,ASBESTOS CEMENT CABLE CONDUITS AND TROUGHS TABLE 1 DIMENSIONS AND PERMISSIBLE VARIATIONS OF ASBESTOS CEMENT CONDUITS AND BEND Nominal Length,pipe fitting,rubber construction or composition,product_material,specific,canonical_product;material,IS 2002: 1979;IS 3989: 1984;IS 2692: 1989;IS 11925: 1986,generated_from_metadata,
fcq_is_8870_1978_02,Supply pipe fitting meeting Indian Standard requirements for rubber,IS 8870: 1978,ASBESTOS CEMENT CABLE CONDUITS AND TROUGHS TABLE 1 DIMENSIONS AND PERMISSIBLE VARIATIONS OF ASBESTOS CEMENT CONDUITS AND BEND Nominal Length,pipe fitting,rubber,tender_sentence,specific,canonical_product;material,IS 2002: 1979;IS 3989: 1984;IS 2692: 1989;IS 11925: 1986,generated_from_metadata,
fcq_is_8870_1978_03,Need the Indian Standard covering ASBESTOS CEMENT CABLE CONDUITS AND TROUGHS TABLE 1 DIMENSIONS AND PERMISSIBLE VARIATIONS OF ASBESTOS CEMENT CONDUITS AND BEND Nominal Length,IS 8870: 1978,ASBESTOS CEMENT CABLE CONDUITS AND TROUGHS TABLE 1 DIMENSIONS AND PERMISSIBLE VARIATIONS OF ASBESTOS CEMENT CONDUITS AND BEND Nominal Length,pipe fitting,ASBESTOS CEMENT CABLE CONDUITS AND TROUGHS TABLE 1 DIMENSIONS AND PERMISSIBLE VARIATIONS OF ASBESTOS CEMENT CONDUITS AND BEND Nominal Length,natural_language,specific,title,IS 2002: 1979;IS 3989: 1984;IS 2692: 1989;IS 11925: 1986,generated_from_metadata,
fcq_is_8870_1978_04,bend for rubber,IS 8870: 1978,ASBESTOS CEMENT CABLE CONDUITS AND TROUGHS TABLE 1 DIMENSIONS AND PERMISSIBLE VARIATIONS OF ASBESTOS CEMENT CONDUITS AND BEND Nominal Length,bend,rubber,alias,general_but_sufficient,product_aliases;material,IS 2002: 1979;IS 3989: 1984;IS 2692: 1989;IS 11925: 1986,generated_from_metadata,
fcq_is_8870_1978_05,bends for rubber,IS 8870: 1978,ASBESTOS CEMENT CABLE CONDUITS AND TROUGHS TABLE 1 DIMENSIONS AND PERMISSIBLE VARIATIONS OF ASBESTOS CEMENT CONDUITS AND BEND Nominal Length,bends,rubber,alias,general_but_sufficient,product_aliases;material,IS 2002: 1979;IS 3989: 1984;IS 2692: 1989;IS 11925: 1986,generated_from_metadata,
fcq_is_8870_1978_06,coupler for rubber,IS 8870: 1978,ASBESTOS CEMENT CABLE CONDUITS AND TROUGHS TABLE 1 DIMENSIONS AND PERMISSIBLE VARIATIONS OF ASBESTOS CEMENT CONDUITS AND BEND Nominal Length,coupler,rubber,alias,general_but_sufficient,product_aliases;material,IS 2002: 1979;IS 3989: 1984;IS 2692: 1989;IS 11925: 1986,generated_from_metadata,
fcq_is_8931_1993_01,COPPER ALLOY FANCY SINGLE TAPS COMBINATION TAP ASSEMBLY AND STOP VALVES FOR WATER SERVICES standard,IS 8931: 1993,COPPER ALLOY FANCY SINGLE TAPS COMBINATION TAP ASSEMBLY AND STOP VALVES FOR WATER SERVICES,valve,COPPER ALLOY FANCY SINGLE TAPS COMBINATION TAP ASSEMBLY AND STOP VALVES FOR WATER SERVICES,product_only,specific,primary_subject,IS 1703: 2000;IS 9763: 2000;IS 363: 1993;IS 1795: 1982,generated_from_metadata,
fcq_is_8931_1993_02,Need the Indian Standard covering COPPER ALLOY FANCY SINGLE TAPS COMBINATION TAP ASSEMBLY AND STOP VALVES FOR WATER SERVICES,IS 8931: 1993,COPPER ALLOY FANCY SINGLE TAPS COMBINATION TAP ASSEMBLY AND STOP VALVES FOR WATER SERVICES,valve,COPPER ALLOY FANCY SINGLE TAPS COMBINATION TAP ASSEMBLY AND STOP VALVES FOR WATER SERVICES,natural_language,specific,title,IS 1703: 2000;IS 9763: 2000;IS 363: 1993;IS 1795: 1982,generated_from_metadata,
fcq_is_9106_1979_01,RISING BUTT HINGES standard,IS 9106: 1979,RISING BUTT HINGES,hinge,RISING BUTT HINGES,product_only,specific,primary_subject,IS 12817: 1997;IS 1341: 1992;IS 208: 1996;IS 363: 1993,generated_from_metadata,
fcq_is_9106_1979_02,cast iron hinge,IS 9106: 1979,RISING BUTT HINGES,hinge,cast iron construction or composition,product_material,specific,canonical_product;material,IS 12817: 1997;IS 1341: 1992;IS 208: 1996;IS 363: 1993,generated_from_metadata,
fcq_is_9106_1979_03,Supply hinge meeting Indian Standard requirements for cast iron,IS 9106: 1979,RISING BUTT HINGES,hinge,cast iron,tender_sentence,specific,canonical_product;material,IS 12817: 1997;IS 1341: 1992;IS 208: 1996;IS 363: 1993,generated_from_metadata,
fcq_is_9106_1979_04,Need the Indian Standard covering RISING BUTT HINGES,IS 9106: 1979,RISING BUTT HINGES,hinge,RISING BUTT HINGES,natural_language,specific,title,IS 12817: 1997;IS 1341: 1992;IS 208: 1996;IS 363: 1993,generated_from_metadata,
fcq_is_9106_1979_05,butt hinge for cast iron,IS 9106: 1979,RISING BUTT HINGES,butt hinge,cast iron,alias,general_but_sufficient,product_aliases;material,IS 12817: 1997;IS 1341: 1992;IS 208: 1996;IS 363: 1993,generated_from_metadata,
fcq_is_9106_1979_06,butt hinges for cast iron,IS 9106: 1979,RISING BUTT HINGES,butt hinges,cast iron,alias,general_but_sufficient,product_aliases;material,IS 12817: 1997;IS 1341: 1992;IS 208: 1996;IS 363: 1993,generated_from_metadata,
fcq_is_9106_1979_07,hinges for cast iron,IS 9106: 1979,RISING BUTT HINGES,hinges,cast iron,alias,general_but_sufficient,product_aliases;material,IS 12817: 1997;IS 1341: 1992;IS 208: 1996;IS 363: 1993,generated_from_metadata,
fcq_is_9131_1979_01,RIM LOCKS standard,IS 9131: 1979,RIM LOCKS,door,RIM LOCKS,product_only,specific,primary_subject,IS 208: 1996;IS 281: 1991;IS 10019: 1981;IS 10090: 1982,generated_from_metadata,
fcq_is_9131_1979_02,Need the Indian Standard covering RIM LOCKS,IS 9131: 1979,RIM LOCKS,door,RIM LOCKS,natural_language,specific,title,IS 208: 1996;IS 281: 1991;IS 10019: 1981;IS 10090: 1982,generated_from_metadata,
fcq_is_9142_1979_01,"ARTIFICIAL LIGHTWEIGHT AGGREGATES FOR CONCRETE MASONRY UNITS 1. Scope — Requirements of artificial lightweight aggregates, such as foamed blast furnace slag, bloated standard",IS 9142: 1979,"ARTIFICIAL LIGHTWEIGHT AGGREGATES FOR CONCRETE MASONRY UNITS 1. Scope — Requirements of artificial lightweight aggregates, such as foamed blast furnace slag, bloated",aggregate,"ARTIFICIAL LIGHTWEIGHT AGGREGATES FOR CONCRETE MASONRY UNITS 1. Scope — Requirements of artificial lightweight aggregates, such as foamed blast furnace slag, bloated",product_only,specific,primary_subject,IS 2686: 1977;IS 383: 1970;IS 10360: 1982;IS 432 (Part 1): 1982,generated_from_metadata,
fcq_is_9142_1979_02,"Need the Indian Standard covering ARTIFICIAL LIGHTWEIGHT AGGREGATES FOR CONCRETE MASONRY UNITS 1. Scope — Requirements of artificial lightweight aggregates, such as foamed blast furnace slag, bloated",IS 9142: 1979,"ARTIFICIAL LIGHTWEIGHT AGGREGATES FOR CONCRETE MASONRY UNITS 1. Scope — Requirements of artificial lightweight aggregates, such as foamed blast furnace slag, bloated",aggregate,"ARTIFICIAL LIGHTWEIGHT AGGREGATES FOR CONCRETE MASONRY UNITS 1. Scope — Requirements of artificial lightweight aggregates, such as foamed blast furnace slag, bloated",natural_language,specific,title,IS 2686: 1977;IS 383: 1970;IS 10360: 1982;IS 432 (Part 1): 1982,generated_from_metadata,
fcq_is_9338_1984_01,Need the Indian Standard covering CAST IRON SCREW-DOWN STOP VALVES AND STOP AND CHECK VALVES FOR WATER WORKS PURPOSES,IS 9338: 1984,CAST IRON SCREW-DOWN STOP VALVES AND STOP AND CHECK VALVES FOR WATER WORKS PURPOSES,valve,CAST IRON SCREW-DOWN STOP VALVES AND STOP AND CHECK VALVES FOR WATER WORKS PURPOSES,natural_language,specific,title,IS 5312 (Part 1): 2004;IS 778: 1984;IS 5312 (Part 2): 1986;IS 2373: 1981,generated_from_metadata,
fcq_is_9394_1979_01,STONE LINTELS *Recommendation for dressing of natural building stones standard,IS 9394: 1979,STONE LINTELS *Recommendation for dressing of natural building stones,stone,STONE LINTELS *Recommendation for dressing of natural building stones,product_only,specific,primary_subject,IS 1127: 1970;IS 14223 (Part 1): 1995;IS 3620: 1979;IS 2116: 1980,generated_from_metadata,
fcq_is_9394_1979_02,Need the Indian Standard covering STONE LINTELS *Recommendation for dressing of natural building stones,IS 9394: 1979,STONE LINTELS *Recommendation for dressing of natural building stones,stone,STONE LINTELS *Recommendation for dressing of natural building stones,natural_language,specific,title,IS 1127: 1970;IS 14223 (Part 1): 1995;IS 3620: 1979;IS 2116: 1980,generated_from_metadata,
fcq_is_9394_1979_03,building stone for STONE LINTELS *Recommendation for dressing of natural building stones,IS 9394: 1979,STONE LINTELS *Recommendation for dressing of natural building stones,building stone,STONE LINTELS *Recommendation for dressing of natural building stones,alias,general_but_sufficient,product_aliases;primary_subject,IS 1127: 1970;IS 14223 (Part 1): 1995;IS 3620: 1979;IS 2116: 1980,generated_from_metadata,
fcq_is_9394_1979_04,polished stone for STONE LINTELS *Recommendation for dressing of natural building stones,IS 9394: 1979,STONE LINTELS *Recommendation for dressing of natural building stones,polished stone,STONE LINTELS *Recommendation for dressing of natural building stones,alias,general_but_sufficient,product_aliases;primary_subject,IS 1127: 1970;IS 14223 (Part 1): 1995;IS 3620: 1979;IS 2116: 1980,generated_from_metadata,
fcq_is_9394_1979_05,stones for STONE LINTELS *Recommendation for dressing of natural building stones,IS 9394: 1979,STONE LINTELS *Recommendation for dressing of natural building stones,stones,STONE LINTELS *Recommendation for dressing of natural building stones,alias,general_but_sufficient,product_aliases;primary_subject,IS 1127: 1970;IS 14223 (Part 1): 1995;IS 3620: 1979;IS 2116: 1980,generated_from_metadata,
fcq_is_9428_1993_01,PREFORMED CALCIUM SILICATE INSULATION standard,IS 9428: 1993,PREFORMED CALCIUM SILICATE INSULATION,thermal insulation,PREFORMED CALCIUM SILICATE INSULATION,product_only,specific,primary_subject,IS 8154: 1993;IS 7509: 1993;IS 9537 (Part 4): 1983;IS 3438: 1994,generated_from_metadata,
fcq_is_9428_1993_02,Need the Indian Standard covering PREFORMED CALCIUM SILICATE INSULATION,IS 9428: 1993,PREFORMED CALCIUM SILICATE INSULATION,thermal insulation,PREFORMED CALCIUM SILICATE INSULATION,natural_language,specific,title,IS 8154: 1993;IS 7509: 1993;IS 9537 (Part 4): 1983;IS 3438: 1994,generated_from_metadata,
fcq_is_9510_1980_01,"BITUMEN MASTIC, ACID – RESISTING GRADE TABLE 2 GRADING OF FINE AGGREGATES Sl. No. Grading Percent by Mass standard",IS 9510: 1980,"BITUMEN MASTIC, ACID – RESISTING GRADE TABLE 2 GRADING OF FINE AGGREGATES Sl. No. Grading Percent by Mass",aggregate,"BITUMEN MASTIC, ACID – RESISTING GRADE TABLE 2 GRADING OF FINE AGGREGATES Sl. No. Grading Percent by Mass",product_only,specific,primary_subject,IS 5317: 2002;IS 383: 1970;IS 3037: 1986;IS 4832 (Part 2): 1969,generated_from_metadata,
fcq_is_9510_1980_02,Supply aggregate meeting Indian Standard requirements for bitumen,IS 9510: 1980,"BITUMEN MASTIC, ACID – RESISTING GRADE TABLE 2 GRADING OF FINE AGGREGATES Sl. No. Grading Percent by Mass",aggregate,bitumen,tender_sentence,specific,canonical_product;material,IS 5317: 2002;IS 383: 1970;IS 3037: 1986;IS 4832 (Part 2): 1969,generated_from_metadata,
fcq_is_9510_1980_03,"Need the Indian Standard covering BITUMEN MASTIC, ACID – RESISTING GRADE TABLE 2 GRADING OF FINE AGGREGATES Sl. No. Grading Percent by Mass",IS 9510: 1980,"BITUMEN MASTIC, ACID – RESISTING GRADE TABLE 2 GRADING OF FINE AGGREGATES Sl. No. Grading Percent by Mass",aggregate,"BITUMEN MASTIC, ACID – RESISTING GRADE TABLE 2 GRADING OF FINE AGGREGATES Sl. No. Grading Percent by Mass",natural_language,specific,title,IS 5317: 2002;IS 383: 1970;IS 3037: 1986;IS 4832 (Part 2): 1969,generated_from_metadata,
fcq_is_9510_1980_04,aggregates for bitumen,IS 9510: 1980,"BITUMEN MASTIC, ACID – RESISTING GRADE TABLE 2 GRADING OF FINE AGGREGATES Sl. No. Grading Percent by Mass",aggregates,bitumen,alias,general_but_sufficient,product_aliases;material,IS 5317: 2002;IS 383: 1970;IS 3037: 1986;IS 4832 (Part 2): 1969,generated_from_metadata,
fcq_is_9523_2000_01,bitumen pipe fitting,IS 9523: 2000,"DUCTILE IRON FITTINGS FOR PRESSURE PIPES FOR WATER, GAS AND SEWAGE",pipe fitting,bitumen construction or composition,product_material,specific,canonical_product;material,IS 13382: 2004;IS 1538: 1993;IS 8329: 2000;IS 13204: 1991,generated_from_metadata,
fcq_is_9523_2000_02,bitumen pipe fitting for sewerage,IS 9523: 2000,"DUCTILE IRON FITTINGS FOR PRESSURE PIPES FOR WATER, GAS AND SEWAGE",pipe fitting,bitumen product for sewerage,material_application,specific,canonical_product;material;application,IS 13382: 2004;IS 1538: 1993;IS 8329: 2000;IS 13204: 1991,generated_from_metadata,
fcq_is_9523_2000_03,Supply pipe fitting meeting Indian Standard requirements for sewerage; carry sewage; bitumen,IS 9523: 2000,"DUCTILE IRON FITTINGS FOR PRESSURE PIPES FOR WATER, GAS AND SEWAGE",pipe fitting,sewerage; carry sewage; bitumen,tender_sentence,specific,canonical_product;application;function;material,IS 13382: 2004;IS 1538: 1993;IS 8329: 2000;IS 13204: 1991,generated_from_metadata,
fcq_is_9523_2000_04,"Need the Indian Standard covering DUCTILE IRON FITTINGS FOR PRESSURE PIPES FOR WATER, GAS AND SEWAGE",IS 9523: 2000,"DUCTILE IRON FITTINGS FOR PRESSURE PIPES FOR WATER, GAS AND SEWAGE",pipe fitting,"DUCTILE IRON FITTINGS FOR PRESSURE PIPES FOR WATER, GAS AND SEWAGE",natural_language,specific,title,IS 13382: 2004;IS 1538: 1993;IS 8329: 2000;IS 13204: 1991,generated_from_metadata,
fcq_is_9739_1981_01,PRESSURE REDUCING VALVES FOR DOMESTIC WATER SUPPLY SYSTEM standard,IS 9739: 1981,PRESSURE REDUCING VALVES FOR DOMESTIC WATER SUPPLY SYSTEM,valve,PRESSURE REDUCING VALVES FOR DOMESTIC WATER SUPPLY SYSTEM,product_only,specific,primary_subject,IS 13114: 1991;IS 8931: 1993;IS 2326: 1987;IS 458: 2003,generated_from_metadata,
fcq_is_9739_1981_02,valve required to reduce pressure,IS 9739: 1981,PRESSURE REDUCING VALVES FOR DOMESTIC WATER SUPPLY SYSTEM,valve,required to reduce pressure,product_function,specific,canonical_product;function,IS 13114: 1991;IS 8931: 1993;IS 2326: 1987;IS 458: 2003,generated_from_metadata,
fcq_is_9739_1981_03,Supply valve meeting Indian Standard requirements for water supply; reduce pressure; cast iron,IS 9739: 1981,PRESSURE REDUCING VALVES FOR DOMESTIC WATER SUPPLY SYSTEM,valve,water supply; reduce pressure; cast iron,tender_sentence,specific,canonical_product;application;function;material,IS 13114: 1991;IS 8931: 1993;IS 2326: 1987;IS 458: 2003,generated_from_metadata,
fcq_is_9739_1981_04,Need the Indian Standard covering PRESSURE REDUCING VALVES FOR DOMESTIC WATER SUPPLY SYSTEM,IS 9739: 1981,PRESSURE REDUCING VALVES FOR DOMESTIC WATER SUPPLY SYSTEM,valve,PRESSURE REDUCING VALVES FOR DOMESTIC WATER SUPPLY SYSTEM,natural_language,specific,title,IS 13114: 1991;IS 8931: 1993;IS 2326: 1987;IS 458: 2003,generated_from_metadata,
fcq_is_9742_1993_01,SPRAYED MINERAL WOOL THERMAL INSULATION standard,IS 9742: 1993,SPRAYED MINERAL WOOL THERMAL INSULATION,thermal insulation,SPRAYED MINERAL WOOL THERMAL INSULATION,product_only,specific,primary_subject,IS 8183: 1993;IS 3677: 1985;IS 9537 (Part 4): 1983;IS 3438: 1994,generated_from_metadata,
fcq_is_9742_1993_02,Need the Indian Standard covering SPRAYED MINERAL WOOL THERMAL INSULATION,IS 9742: 1993,SPRAYED MINERAL WOOL THERMAL INSULATION,thermal insulation,SPRAYED MINERAL WOOL THERMAL INSULATION,natural_language,specific,title,IS 8183: 1993;IS 3677: 1985;IS 9537 (Part 4): 1983;IS 3438: 1994,generated_from_metadata,
fcq_is_9743_1990_01,THERMAL INSULATION FINISHING CEMENTS standard,IS 9743: 1990,THERMAL INSULATION FINISHING CEMENTS,thermal insulation,THERMAL INSULATION FINISHING CEMENTS,product_only,specific,primary_subject,IS 7509: 1993;IS 2036: 1995;IS 9537 (Part 5): 2000;IS 14871: 2000,generated_from_metadata,
fcq_is_9743_1990_02,clay thermal insulation,IS 9743: 1990,THERMAL INSULATION FINISHING CEMENTS,thermal insulation,clay construction or composition,product_material,specific,canonical_product;material,IS 7509: 1993;IS 2036: 1995;IS 9537 (Part 5): 2000;IS 14871: 2000,generated_from_metadata,
fcq_is_9743_1990_03,clay thermal insulation for thermal insulation,IS 9743: 1990,THERMAL INSULATION FINISHING CEMENTS,thermal insulation,clay product for thermal insulation,material_application,specific,canonical_product;material;application,IS 7509: 1993;IS 2036: 1995;IS 9537 (Part 5): 2000;IS 14871: 2000,generated_from_metadata,
fcq_is_9743_1990_04,Supply thermal insulation meeting Indian Standard requirements for thermal insulation; thermal insulation; clay,IS 9743: 1990,THERMAL INSULATION FINISHING CEMENTS,thermal insulation,thermal insulation; thermal insulation; clay,tender_sentence,specific,canonical_product;application;function;material,IS 7509: 1993;IS 2036: 1995;IS 9537 (Part 5): 2000;IS 14871: 2000,generated_from_metadata,
fcq_is_9743_1990_05,Need the Indian Standard covering THERMAL INSULATION FINISHING CEMENTS,IS 9743: 1990,THERMAL INSULATION FINISHING CEMENTS,thermal insulation,THERMAL INSULATION FINISHING CEMENTS,natural_language,specific,title,IS 7509: 1993;IS 2036: 1995;IS 9537 (Part 5): 2000;IS 14871: 2000,generated_from_metadata,
fcq_is_9758_1981_01,"FLUSH VALVES AND FITTINGS FOR WATER CLOSETS AND URINAL 4. Manufacture and Construction 4.1 Flush valve of nominal sizes 15, 25 and 32mm shall standard",IS 9758: 1981,"FLUSH VALVES AND FITTINGS FOR WATER CLOSETS AND URINAL 4. Manufacture and Construction 4.1 Flush valve of nominal sizes 15, 25 and 32mm shall",valve,"FLUSH VALVES AND FITTINGS FOR WATER CLOSETS AND URINAL 4. Manufacture and Construction 4.1 Flush valve of nominal sizes 15, 25 and 32mm shall",product_only,specific,primary_subject,IS 1701: 1960;IS 1703: 2000;IS 10124 (Part 4): 1988;IS 3004: 1979,generated_from_metadata,
fcq_is_9758_1981_02,PVC valve,IS 9758: 1981,"FLUSH VALVES AND FITTINGS FOR WATER CLOSETS AND URINAL 4. Manufacture and Construction 4.1 Flush valve of nominal sizes 15, 25 and 32mm shall",valve,PVC construction or composition,product_material,specific,canonical_product;material,IS 1701: 1960;IS 1703: 2000;IS 10124 (Part 4): 1988;IS 3004: 1979,generated_from_metadata,
fcq_is_9758_1981_03,Supply valve meeting Indian Standard requirements for PVC,IS 9758: 1981,"FLUSH VALVES AND FITTINGS FOR WATER CLOSETS AND URINAL 4. Manufacture and Construction 4.1 Flush valve of nominal sizes 15, 25 and 32mm shall",valve,PVC,tender_sentence,specific,canonical_product;material,IS 1701: 1960;IS 1703: 2000;IS 10124 (Part 4): 1988;IS 3004: 1979,generated_from_metadata,
fcq_is_9758_1981_04,"Need the Indian Standard covering FLUSH VALVES AND FITTINGS FOR WATER CLOSETS AND URINAL 4. Manufacture and Construction 4.1 Flush valve of nominal sizes 15, 25 and 32mm shall",IS 9758: 1981,"FLUSH VALVES AND FITTINGS FOR WATER CLOSETS AND URINAL 4. Manufacture and Construction 4.1 Flush valve of nominal sizes 15, 25 and 32mm shall",valve,"FLUSH VALVES AND FITTINGS FOR WATER CLOSETS AND URINAL 4. Manufacture and Construction 4.1 Flush valve of nominal sizes 15, 25 and 32mm shall",natural_language,specific,title,IS 1701: 1960;IS 1703: 2000;IS 10124 (Part 4): 1988;IS 3004: 1979,generated_from_metadata,
fcq_is_9758_1981_05,air relief valve for PVC,IS 9758: 1981,"FLUSH VALVES AND FITTINGS FOR WATER CLOSETS AND URINAL 4. Manufacture and Construction 4.1 Flush valve of nominal sizes 15, 25 and 32mm shall",air relief valve,PVC,alias,general_but_sufficient,product_aliases;material,IS 1701: 1960;IS 1703: 2000;IS 10124 (Part 4): 1988;IS 3004: 1979,generated_from_metadata,
fcq_is_9758_1981_06,check valve for PVC,IS 9758: 1981,"FLUSH VALVES AND FITTINGS FOR WATER CLOSETS AND URINAL 4. Manufacture and Construction 4.1 Flush valve of nominal sizes 15, 25 and 32mm shall",check valve,PVC,alias,general_but_sufficient,product_aliases;material,IS 1701: 1960;IS 1703: 2000;IS 10124 (Part 4): 1988;IS 3004: 1979,generated_from_metadata,
fcq_is_9758_1981_07,non return valve for PVC,IS 9758: 1981,"FLUSH VALVES AND FITTINGS FOR WATER CLOSETS AND URINAL 4. Manufacture and Construction 4.1 Flush valve of nominal sizes 15, 25 and 32mm shall",non return valve,PVC,alias,general_but_sufficient,product_aliases;material,IS 1701: 1960;IS 1703: 2000;IS 10124 (Part 4): 1988;IS 3004: 1979,generated_from_metadata,
fcq_is_9762_1994_01,POLYETHYLENE FLOATS (SPHERICAL) FOR FLOAT VALVES standard,IS 9762: 1994,POLYETHYLENE FLOATS (SPHERICAL) FOR FLOAT VALVES,valve,POLYETHYLENE FLOATS (SPHERICAL) FOR FLOAT VALVES,product_only,specific,primary_subject,IS 9338: 1984;IS 9758: 1981;IS 14333: 1996;IS 3004: 1979,generated_from_metadata,
fcq_is_9762_1994_02,HDPE valve,IS 9762: 1994,POLYETHYLENE FLOATS (SPHERICAL) FOR FLOAT VALVES,valve,HDPE construction or composition,product_material,specific,canonical_product;material,IS 9338: 1984;IS 9758: 1981;IS 14333: 1996;IS 3004: 1979,generated_from_metadata,
fcq_is_9762_1994_03,valve for flooring,IS 9762: 1994,POLYETHYLENE FLOATS (SPHERICAL) FOR FLOAT VALVES,valve,for flooring,product_application,specific,canonical_product;application,IS 9338: 1984;IS 9758: 1981;IS 14333: 1996;IS 3004: 1979,generated_from_metadata,
fcq_is_9762_1994_04,HDPE valve for flooring,IS 9762: 1994,POLYETHYLENE FLOATS (SPHERICAL) FOR FLOAT VALVES,valve,HDPE product for flooring,material_application,specific,canonical_product;material;application,IS 9338: 1984;IS 9758: 1981;IS 14333: 1996;IS 3004: 1979,generated_from_metadata,
fcq_is_9762_1994_05,Supply valve meeting Indian Standard requirements for flooring; HDPE,IS 9762: 1994,POLYETHYLENE FLOATS (SPHERICAL) FOR FLOAT VALVES,valve,flooring; HDPE,tender_sentence,specific,canonical_product;application;material,IS 9338: 1984;IS 9758: 1981;IS 14333: 1996;IS 3004: 1979,generated_from_metadata,
fcq_is_9762_1994_06,Need the Indian Standard covering POLYETHYLENE FLOATS (SPHERICAL) FOR FLOAT VALVES,IS 9762: 1994,POLYETHYLENE FLOATS (SPHERICAL) FOR FLOAT VALVES,valve,POLYETHYLENE FLOATS (SPHERICAL) FOR FLOAT VALVES,natural_language,specific,title,IS 9338: 1984;IS 9758: 1981;IS 14333: 1996;IS 3004: 1979,generated_from_metadata,
fcq_is_9762_1994_07,"valve, flooring",IS 9762: 1994,POLYETHYLENE FLOATS (SPHERICAL) FOR FLOAT VALVES,valve,flooring,boq_short,general_but_sufficient,canonical_product;application,IS 9338: 1984;IS 9758: 1981;IS 14333: 1996;IS 3004: 1979,generated_from_metadata,
fcq_is_9762_1994_08,air relief valve for flooring,IS 9762: 1994,POLYETHYLENE FLOATS (SPHERICAL) FOR FLOAT VALVES,air relief valve,flooring,alias,general_but_sufficient,product_aliases;application,IS 9338: 1984;IS 9758: 1981;IS 14333: 1996;IS 3004: 1979,generated_from_metadata,
fcq_is_9762_1994_09,check valve for flooring,IS 9762: 1994,POLYETHYLENE FLOATS (SPHERICAL) FOR FLOAT VALVES,check valve,flooring,alias,general_but_sufficient,product_aliases;application,IS 9338: 1984;IS 9758: 1981;IS 14333: 1996;IS 3004: 1979,generated_from_metadata,
fcq_is_9762_1994_10,non return valve for flooring,IS 9762: 1994,POLYETHYLENE FLOATS (SPHERICAL) FOR FLOAT VALVES,non return valve,flooring,alias,general_but_sufficient,product_aliases;application,IS 9338: 1984;IS 9758: 1981;IS 14333: 1996;IS 3004: 1979,generated_from_metadata,
fcq_is_9763_2000_01,"PLASTIC BIB TAPS, PILLAR TAPS, ANGLE VALVES FOR HOT AND COLD WATER SERVICES standard",IS 9763: 2000,"PLASTIC BIB TAPS, PILLAR TAPS, ANGLE VALVES FOR HOT AND COLD WATER SERVICES",valve,"PLASTIC BIB TAPS, PILLAR TAPS, ANGLE VALVES FOR HOT AND COLD WATER SERVICES",product_only,specific,primary_subject,IS 1701: 1960;IS 8931: 1993;IS 7834 (Part 2): 1987;IS 1795: 1982,generated_from_metadata,
fcq_is_9763_2000_02,valve required to shut off flow,IS 9763: 2000,"PLASTIC BIB TAPS, PILLAR TAPS, ANGLE VALVES FOR HOT AND COLD WATER SERVICES",valve,required to shut off flow,product_function,specific,canonical_product;function,IS 1701: 1960;IS 8931: 1993;IS 7834 (Part 2): 1987;IS 1795: 1982,generated_from_metadata,
fcq_is_9763_2000_03,Supply valve meeting Indian Standard requirements for shut off flow; PVC,IS 9763: 2000,"PLASTIC BIB TAPS, PILLAR TAPS, ANGLE VALVES FOR HOT AND COLD WATER SERVICES",valve,shut off flow; PVC,tender_sentence,specific,canonical_product;function;material,IS 1701: 1960;IS 8931: 1993;IS 7834 (Part 2): 1987;IS 1795: 1982,generated_from_metadata,
fcq_is_9763_2000_04,"Need the Indian Standard covering PLASTIC BIB TAPS, PILLAR TAPS, ANGLE VALVES FOR HOT AND COLD WATER SERVICES",IS 9763: 2000,"PLASTIC BIB TAPS, PILLAR TAPS, ANGLE VALVES FOR HOT AND COLD WATER SERVICES",valve,"PLASTIC BIB TAPS, PILLAR TAPS, ANGLE VALVES FOR HOT AND COLD WATER SERVICES",natural_language,specific,title,IS 1701: 1960;IS 8931: 1993;IS 7834 (Part 2): 1987;IS 1795: 1982,generated_from_metadata,
fcq_is_9842_1994_01,PREFORMED FIBROUS PIPE INSULATION standard,IS 9842: 1994,PREFORMED FIBROUS PIPE INSULATION,thermal insulation,PREFORMED FIBROUS PIPE INSULATION,product_only,specific,primary_subject,IS 3677: 1985;IS 8183: 1993;IS 1285: 2002;IS 3438: 1994,generated_from_metadata,
fcq_is_9842_1994_02,thermal insulation for roofing,IS 9842: 1994,PREFORMED FIBROUS PIPE INSULATION,thermal insulation,for roofing,product_application,specific,canonical_product;application,IS 3677: 1985;IS 8183: 1993;IS 1285: 2002;IS 3438: 1994,generated_from_metadata,
fcq_is_9842_1994_03,aluminium thermal insulation for roofing,IS 9842: 1994,PREFORMED FIBROUS PIPE INSULATION,thermal insulation,aluminium product for roofing,material_application,specific,canonical_product;material;application,IS 3677: 1985;IS 8183: 1993;IS 1285: 2002;IS 3438: 1994,generated_from_metadata,
fcq_is_9842_1994_04,Supply thermal insulation meeting Indian Standard requirements for roofing; aluminium,IS 9842: 1994,PREFORMED FIBROUS PIPE INSULATION,thermal insulation,roofing; aluminium,tender_sentence,specific,canonical_product;application;material,IS 3677: 1985;IS 8183: 1993;IS 1285: 2002;IS 3438: 1994,generated_from_metadata,
fcq_is_9842_1994_05,Need the Indian Standard covering PREFORMED FIBROUS PIPE INSULATION,IS 9842: 1994,PREFORMED FIBROUS PIPE INSULATION,thermal insulation,PREFORMED FIBROUS PIPE INSULATION,natural_language,specific,title,IS 3677: 1985;IS 8183: 1993;IS 1285: 2002;IS 3438: 1994,generated_from_metadata,
fcq_is_9842_1994_06,"thermal insulation, roofing",IS 9842: 1994,PREFORMED FIBROUS PIPE INSULATION,thermal insulation,roofing,boq_short,general_but_sufficient,canonical_product;application,IS 3677: 1985;IS 8183: 1993;IS 1285: 2002;IS 3438: 1994,generated_from_metadata,
fcq_is_9842_1994_07,calcium silicate insulation for roofing,IS 9842: 1994,PREFORMED FIBROUS PIPE INSULATION,calcium silicate insulation,roofing,alias,general_but_sufficient,product_aliases;application,IS 3677: 1985;IS 8183: 1993;IS 1285: 2002;IS 3438: 1994,generated_from_metadata,
fcq_is_9842_1994_08,expanded polystyrene for roofing,IS 9842: 1994,PREFORMED FIBROUS PIPE INSULATION,expanded polystyrene,roofing,alias,general_but_sufficient,product_aliases;application,IS 3677: 1985;IS 8183: 1993;IS 1285: 2002;IS 3438: 1994,generated_from_metadata,
fcq_is_9842_1994_09,fibrous pipe insulation for roofing,IS 9842: 1994,PREFORMED FIBROUS PIPE INSULATION,fibrous pipe insulation,roofing,alias,general_but_sufficient,product_aliases;application,IS 3677: 1985;IS 8183: 1993;IS 1285: 2002;IS 3438: 1994,generated_from_metadata,
fcq_is_9893_1981_01,"PRECAST CONCRETE BLOCKS FOR LINTELS AND SILLS Note 1 — For details of material, refer to 3 of the standard. Note 2— standard",IS 9893: 1981,"PRECAST CONCRETE BLOCKS FOR LINTELS AND SILLS Note 1 — For details of material, refer to 3 of the standard. Note 2—",block,"PRECAST CONCRETE BLOCKS FOR LINTELS AND SILLS Note 1 — For details of material, refer to 3 of the standard. Note 2—",product_only,specific,primary_subject,IS 12440: 1988;IS 3620: 1979;IS 5246: 2000;IS 14201: 1994,generated_from_metadata,
fcq_is_9893_1981_02,timber block,IS 9893: 1981,"PRECAST CONCRETE BLOCKS FOR LINTELS AND SILLS Note 1 — For details of material, refer to 3 of the standard. Note 2—",block,timber construction or composition,product_material,specific,canonical_product;material,IS 12440: 1988;IS 3620: 1979;IS 5246: 2000;IS 14201: 1994,generated_from_metadata,
fcq_is_9893_1981_03,block for door and window construction,IS 9893: 1981,"PRECAST CONCRETE BLOCKS FOR LINTELS AND SILLS Note 1 — For details of material, refer to 3 of the standard. Note 2—",block,for door and window construction,product_application,specific,canonical_product;application,IS 12440: 1988;IS 3620: 1979;IS 5246: 2000;IS 14201: 1994,generated_from_metadata,
fcq_is_9893_1981_04,timber block for door and window construction,IS 9893: 1981,"PRECAST CONCRETE BLOCKS FOR LINTELS AND SILLS Note 1 — For details of material, refer to 3 of the standard. Note 2—",block,timber product for door and window construction,material_application,specific,canonical_product;material;application,IS 12440: 1988;IS 3620: 1979;IS 5246: 2000;IS 14201: 1994,generated_from_metadata,
fcq_is_9893_1981_05,Supply block meeting Indian Standard requirements for door and window construction; timber,IS 9893: 1981,"PRECAST CONCRETE BLOCKS FOR LINTELS AND SILLS Note 1 — For details of material, refer to 3 of the standard. Note 2—",block,door and window construction; timber,tender_sentence,specific,canonical_product;application;material,IS 12440: 1988;IS 3620: 1979;IS 5246: 2000;IS 14201: 1994,generated_from_metadata,
fcq_is_9893_1981_06,"Need the Indian Standard covering PRECAST CONCRETE BLOCKS FOR LINTELS AND SILLS Note 1 — For details of material, refer to 3 of the standard. Note 2—",IS 9893: 1981,"PRECAST CONCRETE BLOCKS FOR LINTELS AND SILLS Note 1 — For details of material, refer to 3 of the standard. Note 2—",block,"PRECAST CONCRETE BLOCKS FOR LINTELS AND SILLS Note 1 — For details of material, refer to 3 of the standard. Note 2—",natural_language,specific,title,IS 12440: 1988;IS 3620: 1979;IS 5246: 2000;IS 14201: 1994,generated_from_metadata,
fcq_is_9893_1981_07,"block, door and window construction",IS 9893: 1981,"PRECAST CONCRETE BLOCKS FOR LINTELS AND SILLS Note 1 — For details of material, refer to 3 of the standard. Note 2—",block,door and window construction,boq_short,general_but_sufficient,canonical_product;application,IS 12440: 1988;IS 3620: 1979;IS 5246: 2000;IS 14201: 1994,generated_from_metadata,
fcq_is_9893_1981_08,blocks for door and window construction,IS 9893: 1981,"PRECAST CONCRETE BLOCKS FOR LINTELS AND SILLS Note 1 — For details of material, refer to 3 of the standard. Note 2—",blocks,door and window construction,alias,general_but_sufficient,product_aliases;application,IS 12440: 1988;IS 3620: 1979;IS 5246: 2000;IS 14201: 1994,generated_from_metadata,
fcq_is_9893_1981_09,concrete block for door and window construction,IS 9893: 1981,"PRECAST CONCRETE BLOCKS FOR LINTELS AND SILLS Note 1 — For details of material, refer to 3 of the standard. Note 2—",concrete block,door and window construction,alias,general_but_sufficient,product_aliases;application,IS 12440: 1988;IS 3620: 1979;IS 5246: 2000;IS 14201: 1994,generated_from_metadata,
fcq_is_9893_1981_10,masonry block for door and window construction,IS 9893: 1981,"PRECAST CONCRETE BLOCKS FOR LINTELS AND SILLS Note 1 — For details of material, refer to 3 of the standard. Note 2—",masonry block,door and window construction,alias,general_but_sufficient,product_aliases;application,IS 12440: 1988;IS 3620: 1979;IS 5246: 2000;IS 14201: 1994,generated_from_metadata,
fcq_is_9912_1981_01,COAL TAR BASED COATING MATERIALS AND SUTABLE PRIMERS FOR PROTECTING IRON OR STEEL PIPE LINES standard,IS 9912: 1981,COAL TAR BASED COATING MATERIALS AND SUTABLE PRIMERS FOR PROTECTING IRON OR STEEL PIPE LINES,coating,COAL TAR BASED COATING MATERIALS AND SUTABLE PRIMERS FOR PROTECTING IRON OR STEEL PIPE LINES,product_only,specific,primary_subject,IS 278: 1978;IS 110: 1983;IS 14182: 1994;IS 218: 1983,generated_from_metadata,
fcq_is_9912_1981_02,PVC coating,IS 9912: 1981,COAL TAR BASED COATING MATERIALS AND SUTABLE PRIMERS FOR PROTECTING IRON OR STEEL PIPE LINES,coating,PVC construction or composition,product_material,specific,canonical_product;material,IS 278: 1978;IS 110: 1983;IS 14182: 1994;IS 218: 1983,generated_from_metadata,
fcq_is_9912_1981_03,coating for roofing,IS 9912: 1981,COAL TAR BASED COATING MATERIALS AND SUTABLE PRIMERS FOR PROTECTING IRON OR STEEL PIPE LINES,coating,for roofing,product_application,specific,canonical_product;application,IS 278: 1978;IS 110: 1983;IS 14182: 1994;IS 218: 1983,generated_from_metadata,
fcq_is_9912_1981_04,PVC coating for roofing,IS 9912: 1981,COAL TAR BASED COATING MATERIALS AND SUTABLE PRIMERS FOR PROTECTING IRON OR STEEL PIPE LINES,coating,PVC product for roofing,material_application,specific,canonical_product;material;application,IS 278: 1978;IS 110: 1983;IS 14182: 1994;IS 218: 1983,generated_from_metadata,
fcq_is_9912_1981_05,Supply coating meeting Indian Standard requirements for roofing; PVC,IS 9912: 1981,COAL TAR BASED COATING MATERIALS AND SUTABLE PRIMERS FOR PROTECTING IRON OR STEEL PIPE LINES,coating,roofing; PVC,tender_sentence,specific,canonical_product;application;material,IS 278: 1978;IS 110: 1983;IS 14182: 1994;IS 218: 1983,generated_from_metadata,
fcq_is_9912_1981_06,Need the Indian Standard covering COAL TAR BASED COATING MATERIALS AND SUTABLE PRIMERS FOR PROTECTING IRON OR STEEL PIPE LINES,IS 9912: 1981,COAL TAR BASED COATING MATERIALS AND SUTABLE PRIMERS FOR PROTECTING IRON OR STEEL PIPE LINES,coating,COAL TAR BASED COATING MATERIALS AND SUTABLE PRIMERS FOR PROTECTING IRON OR STEEL PIPE LINES,natural_language,specific,title,IS 278: 1978;IS 110: 1983;IS 14182: 1994;IS 218: 1983,generated_from_metadata,
fcq_is_9912_1981_07,"coating, roofing",IS 9912: 1981,COAL TAR BASED COATING MATERIALS AND SUTABLE PRIMERS FOR PROTECTING IRON OR STEEL PIPE LINES,coating,roofing,boq_short,general_but_sufficient,canonical_product;application,IS 278: 1978;IS 110: 1983;IS 14182: 1994;IS 218: 1983,generated_from_metadata,
fcq_is_9912_1981_08,coatings for roofing,IS 9912: 1981,COAL TAR BASED COATING MATERIALS AND SUTABLE PRIMERS FOR PROTECTING IRON OR STEEL PIPE LINES,coatings,roofing,alias,general_but_sufficient,product_aliases;application,IS 278: 1978;IS 110: 1983;IS 14182: 1994;IS 218: 1983,generated_from_metadata,
fcq_is_9912_1981_09,epoxy coating for roofing,IS 9912: 1981,COAL TAR BASED COATING MATERIALS AND SUTABLE PRIMERS FOR PROTECTING IRON OR STEEL PIPE LINES,epoxy coating,roofing,alias,general_but_sufficient,product_aliases;application,IS 278: 1978;IS 110: 1983;IS 14182: 1994;IS 218: 1983,generated_from_metadata,
fcq_is_9912_1981_10,water repellent for roofing,IS 9912: 1981,COAL TAR BASED COATING MATERIALS AND SUTABLE PRIMERS FOR PROTECTING IRON OR STEEL PIPE LINES,water repellent,roofing,alias,general_but_sufficient,product_aliases;application,IS 278: 1978;IS 110: 1983;IS 14182: 1994;IS 218: 1983,generated_from_metadata,
