standard_code,eligibility,reason,standard_kind,canonical_product,primary_subject,product_subtype,function,material,application,metadata_confidence,product_confidence,review_required,review_reason,quality_flags
IS 10019: 1981,SAFE_FOR_TRAINING,grounded product/subject metadata supports supervised positive,material_standard,fastener,MILD STEEL STAYS AND FASTENERS,,,steel,door and window construction,high,high,False,,
IS 1003 (Part 1): 2003,SAFE_FOR_TRAINING,grounded product/subject metadata supports supervised positive,material_standard,door,TIMBER PANELLED AND GLAZED SHUTTERS PART 1 DOOR SHUTTERS,,,timber,flooring,high,high,False,,
IS 1003 (Part 2): 1994,SAFE_FOR_TRAINING,grounded product/subject metadata supports supervised positive,material_standard,window,TIMBER PANELLED AND GLAZED SHUTTERS PART 2 – WINDOW AND VENTILATOR SHUTTERS,,,timber,door and window construction,high,high,False,,
IS 10090: 1982,REVIEW_REQUIRED,low_confidence_metadata,material_standard,screw,NUMERICALS,,,aluminium,,high,low,True,low_confidence_metadata,low_product_confidence;metadata_review_required
IS 10124 (Part 10): 1988,SAFE_FOR_TRAINING,grounded product/subject metadata supports supervised positive,product_standard,pipe_fitting,bend,bend,carry_potable_water,PVC,potable water supply,high,high,False,,
IS 10124 (Part 11): 1988,SAFE_FOR_TRAINING,grounded product/subject metadata supports supervised positive,product_standard,pipe_fitting,bend,bend,carry_potable_water,PVC,potable water supply,high,high,False,,
IS 10124 (Part 12): 1988,SAFE_FOR_TRAINING,grounded product/subject metadata supports supervised positive,product_standard,pipe_fitting,bend,bend,carry_potable_water,PVC,potable water supply,high,high,False,,
IS 10124 (Part 13): 1988,SAFE_FOR_TRAINING,grounded product/subject metadata supports supervised positive,product_standard,pipe_fitting,bend,bend,carry_potable_water,PVC,potable water supply,high,high,False,,
IS 10124 (Part 2): 1988,SAFE_FOR_TRAINING,grounded product/subject metadata supports supervised positive,product_standard,pipe_fitting,socket,socket,carry_potable_water,PVC,potable water supply,high,high,False,,
IS 10124 (Part 3): 1988,SAFE_FOR_TRAINING,grounded product/subject metadata supports supervised positive,product_standard,pipe_fitting,reducer,reducer,carry_potable_water,PVC,potable water supply,high,high,False,,
IS 10124 (Part 4): 1988,SAFE_FOR_TRAINING,grounded product/subject metadata supports supervised positive,product_standard,pipe_fitting,FABRICATED PVC FITTINGS FOR POTABLE WATER SUPPLIES PART 4 SPECIFIC REQUIREMENTS FOR CAPS,,carry_potable_water,PVC,potable water supply,high,high,False,,
IS 10124 (Part 5): 1988,SAFE_FOR_TRAINING,grounded product/subject metadata supports supervised positive,product_standard,pipe_fitting,tee,tee,carry_potable_water,PVC,potable water supply,high,high,False,,
IS 10124 (Part 6): 1988,SAFE_FOR_TRAINING,grounded product/subject metadata supports supervised positive,product_standard,pipe_fitting,FABRICATED PVC FITTINGS FOR POTABLE WATER SUPPLIES PART 6 SPECIFIC REQUIREMENTS FOR FLANGED TAIL PIECES WITH METTALLIC FLANGES,,carry_potable_water,PVC,potable water supply,high,high,False,,
IS 10124 (Part 7): 1988,SAFE_FOR_TRAINING,grounded product/subject metadata supports supervised positive,product_standard,pipe_fitting,FABRICATED PVC FITTINGS FOR POTABLE WATER SUPPLIES PART 7 SPECIFIC REQUIREMENT FOR THREADED ADAPTERS,,carry_potable_water,PVC,potable water supply,high,high,False,,
IS 10124 (Part 8): 1988,SAFE_FOR_TRAINING,grounded product/subject metadata supports supervised positive,product_standard,pipe_fitting,bend,bend,carry_potable_water,PVC,potable water supply,high,high,False,,
IS 10124 (Part 9): 1988,SAFE_FOR_TRAINING,grounded product/subject metadata supports supervised positive,product_standard,pipe_fitting,bend,bend,carry_potable_water,PVC,potable water supply,high,high,False,,
IS 1019: 1974,SAFE_FOR_TRAINING,grounded product/subject metadata supports supervised positive,material_standard,latch,RIM LATCHES,,,steel,door and window construction,high,high,False,,
IS 10238: 2001,SAFE_FOR_TRAINING,grounded product/subject metadata supports supervised positive,material_standard,bolt,FASTENERS – THREADED STEEL FASTENERS – STEP BOLT FOR STEEL STRUCTURES,,structural_fastening,steel,,high,high,False,,
IS 10292: 1988,SAFE_FOR_TRAINING,grounded product/subject metadata supports supervised positive,material_standard,cement,DIMENSIONAL REQUIREMENTS FOR RUBBER SEALING RINGS FOR C I D. JOINTS IN ASBESTOS CEMENT PIPING,,,cast iron,,high,high,False,,
IS 10299: 1982,REVIEW_REQUIRED,low_confidence_metadata,material_standard,pipe,CAST IRON SADDLE PIECES FOR SERVICE CONNECTION FROM ASBESTOS CEMENT PRESSURE PIPES,,,cast iron,,high,low,True,low_confidence_metadata,low_product_confidence;metadata_review_required
IS 10342: 1982,REVIEW_REQUIRED,source_grounded_fallback_requires_review,material_standard,dimensions_testing_finish_rails,"CURTAIN RAIL SYSTEM For detailed information, refer to IS 10342 : 1982 Specification for curtain rail system. 1. Scope – Requirements regarding materials, manufacture, dimensions, testing and finish of rails",,,steel,,high,medium,True,source_grounded_fallback_requires_review,metadata_review_required
IS 10360: 1982,REVIEW_REQUIRED,low_confidence_metadata,product_standard,cement,LIME-POZZOLANA CONCRETE BLOCKS FOR PAVING,,,clay,,high,low,True,low_confidence_metadata,low_product_confidence;metadata_review_required
IS 10388: 1982,SEARCH_ONLY,non-product standard kept searchable but not used as procurement positive,test_method,,"CORRUGATED COIR, WOODWOOL, CEMENT ROOFING SHEETS Note — For methods of tests , refer to Appendices A to D of the standard",,roofing,timber,roofing,high,high,False,,
IS 1038: 1983,SAFE_FOR_TRAINING,grounded product/subject metadata supports supervised positive,material_standard,window,"STEEL DOOR, WINDOWS AND VENTILATORS",,,steel,door and window construction,high,high,False,,
IS 10394: 1982,SAFE_FOR_TRAINING,grounded product/subject metadata supports supervised positive,product_standard,timber,WOODEN SLEEPERS FOR RAILWAY TRACK,,,steel,railway track,high,high,False,,
IS 10451: 1983,SAFE_FOR_TRAINING,grounded product/subject metadata supports supervised positive,material_standard,door,STEEL SLIDING SHUTTERS,,,steel,,high,high,False,,
IS 10521: 1983,SAFE_FOR_TRAINING,grounded product/subject metadata supports supervised positive,material_standard,gate,"COLLAPSIBLE GATES 1. Scope – Requirements regarding materials, fabrication and finish of different types of collapsible gates",,,steel,,high,high,False,,
IS 10701: 1983,SAFE_FOR_TRAINING,grounded product/subject metadata supports supervised positive,product_standard,board,plywood,plywood,,timber,,high,high,False,,
IS 10772: 1983,SEARCH_ONLY,non-product standard kept searchable but not used as procurement positive,test_method,,"QUICK SETTING LIME POZZOLANA MIXTURE Note —For methods of tests, refer to various parts of IS 1514:1990 Methods of sampling and tests for quicklime and hydrated lime",,,HDPE,,high,high,False,,
IS 1077: 1992,SAFE_FOR_TRAINING,grounded product/subject metadata supports supervised positive,product_standard,brick,COMMON BURNT CLAY BUILDING BRICKS,,,clay,,high,high,False,,
IS 1079: 1994,SAFE_FOR_TRAINING,grounded product/subject metadata supports supervised positive,material_standard,steel_sheet,HOT ROLLED CARBON STEEL SHEETS AND STRIPS,,,steel,,high,high,False,,
IS 10889: 1984,REVIEW_REQUIRED,source_grounded_fallback_requires_review,product_standard,polyethylene_films_coloured_films,HIGH DENSITY POLYTHYLENE FILM 1. Scope – Requirements and the methods of sampling and test for natural and black colour (carbon black pigment) high density polyethylene films. Coloured films,,,HDPE,,high,medium,True,source_grounded_fallback_requires_review,metadata_review_required
IS 110: 1983,SAFE_FOR_TRAINING,grounded product/subject metadata supports supervised positive,material_standard,paint,"READY MIXED PAINT, BRUSHING, GREY FILLER, FOR ENAMELS FOR USE OVER PRIMERS",,,,,high,high,False,,
IS 11128: 1984,SAFE_FOR_TRAINING,grounded product/subject metadata supports supervised positive,product_standard,thermal_insulation,"SPRAY – APPLIED HYDRATED CALCIUM SILICATE THERMAL INSULATION 1. Scope – Requirements and methods of sampling and test for spray-applied, hydrated calcium silicate",,thermal_insulation,steel,thermal insulation,high,high,False,,
IS 1120: 1975,SAFE_FOR_TRAINING,grounded product/subject metadata supports supervised positive,product_standard,screw,COACH SCREW,,structural_fastening,steel,,high,high,False,,
IS 11246: 1992,SAFE_FOR_TRAINING,grounded product/subject metadata supports supervised positive,material_standard,glass,GLASS FIBRE REINFORCED POLYESTER RESIN (GRP) SQUATTING PANS,,,glass fibre reinforced plastic,,high,high,False,,
IS 1127: 1970,SAFE_FOR_TRAINING,grounded product/subject metadata supports supervised positive,other,stone,DIMENSIONS AND WORKMANSHIP OF NATURAL BUILDING STONES FOR MASONRY WORK,,,,,high,high,False,,
IS 1128: 1974,SAFE_FOR_TRAINING,grounded product/subject metadata supports supervised positive,product_standard,tile,LIMESTONE (SLAB AND TILES),,flooring,,flooring,high,high,False,,
IS 11307: 1985,SAFE_FOR_TRAINING,grounded product/subject metadata supports supervised positive,product_standard,thermal_insulation,CELLULAR GLASS BLOCK AND PIPE THERMAL INSULATION 1. Scope – Requirements and methods of sampling and test for cellular glass block and pipe thermal,,thermal_insulation,,thermal insulation,high,high,False,,
IS 11308: 1985,SAFE_FOR_TRAINING,grounded product/subject metadata supports supervised positive,product_standard,thermal_insulation,HYDRAULIC SETTING THERMAL INSULATING CASTABLES FOR TEMPERATURE UPTO 1250ºC 1. Scope – Requirements and methods of sampling and test for hydraulic setting thermal insulating,,thermal_insulation,,thermal insulation,high,high,False,,
IS 1130: 1969,REVIEW_REQUIRED,low_confidence_metadata,product_standard,block,"MARBLE (BLOCKS, SLABS AND TILES)",,,,,high,low,True,low_confidence_metadata,low_product_confidence;metadata_review_required
IS 11433 (Part 1): 1985,SAFE_FOR_TRAINING,grounded product/subject metadata supports supervised positive,product_standard,sealant,ONE-PART GUN-GRADE POLYSULPHIDE- BASED JOINT SEALANTS PART 1 GENERAL REQUIREMENTS,,,steel,,high,high,False,,
IS 1148: 1982,SAFE_FOR_TRAINING,grounded product/subject metadata supports supervised positive,material_standard,rivet,HOT ROLLED STEEL RIVETS BARS,,structural_fastening,steel,,high,high,False,,
IS 1149: 1982,SAFE_FOR_TRAINING,grounded product/subject metadata supports supervised positive,material_standard,rivet,HIGH TENSILE STEEL RIVETS BARS FOR STRUCTURAL PURPOSES,,structural_fastening,steel,,high,high,False,,
IS 11587: 1986,REVIEW_REQUIRED,low_confidence_metadata,material_standard,valve,"STRUCTURAL WEATHER RESISTANCE STEELS 1. Scope – Requirements for high strength low alloy weather resistant structural steels in the form of plates, strips, sections and bars for welded, riveted or bolted",,,steel,,high,low,True,low_confidence_metadata,low_product_confidence;metadata_review_required
IS 1161: 1998,SAFE_FOR_TRAINING,grounded product/subject metadata supports supervised positive,material_standard,pipe,STEEL TUBES FOR STRUCTURAL PURPOSES,,,steel,,high,high,False,,
IS 1173: 1978,REVIEW_REQUIRED,low_confidence_metadata,material_standard,pipe_fitting,tee,tee,,steel,,high,low,True,low_confidence_metadata,low_product_confidence;metadata_review_required
IS 11925: 1986,SEARCH_ONLY,non-product standard kept searchable but not used as procurement positive,test_method,,PITCH IMPREGNATED FIBRE PIPES AND FITTINGS FOR DRAINGAGE PURPOSES,,,bitumen,sewerage,high,high,False,,
IS 1195: 2002,SAFE_FOR_TRAINING,grounded product/subject metadata supports supervised positive,material_standard,aggregate,BITUMEN MASTIC FOR FLOORING,,flooring,bitumen,flooring,high,high,False,,
IS 12027: 1987,REVIEW_REQUIRED,low_confidence_metadata,product_standard,cement,SILICONE-BASED WATER REPELLENTS,,,clay,,high,low,True,low_confidence_metadata,low_product_confidence;metadata_review_required
IS 12049: 1987,SAFE_FOR_TRAINING,grounded product/subject metadata supports supervised positive,material_standard,board,plywood,plywood,,timber,,high,high,False,,
IS 12118 (Part 1): 1987,SAFE_FOR_TRAINING,grounded product/subject metadata supports supervised positive,product_standard,sealant,TWO-PARTS POLYSULPHIDE BASED SEALANTS PART 1 GENERAL REQUIREMENTS the original profile in a horizontal position. 4.2 Plastic Deformation— The sealant shall have a,,,clay,,high,high,False,,
IS 12234: 1988,SEARCH_ONLY,non-product standard kept searchable but not used as procurement positive,test_method,,PLASTIC EQUILIBRIUM FLOAT VALVES FOR COLD WATER SERVICES Note — For method of test refer to Appendices A to C of the standard,,,steel,,high,high,False,,
IS 12269: 1987,SAFE_FOR_TRAINING,grounded product/subject metadata supports supervised positive,material_standard,cement,ordinary portland 53 grade,ordinary_portland_53_grade,,concrete,,high,high,False,,
IS 1230: 1979,REVIEW_REQUIRED,low_confidence_metadata,product_standard,pipe_fitting,CAST IRON RAINWATER PIPES AND FITTINGS,,,cast iron,,high,low,True,low_confidence_metadata,low_product_confidence;metadata_review_required
IS 12313: 1988,SAFE_FOR_TRAINING,grounded product/subject metadata supports supervised positive,material_standard,steel_sheet,HOT–DIP TERNE COATED CARBON STEEL SHEETS TABLE 1 CHEMICAL COMPOSITION (LADLE ANALYSIS) Quality C,,roofing,steel,roofing,high,high,False,,
IS 12330: 1988,SAFE_FOR_TRAINING,grounded product/subject metadata supports supervised positive,material_standard,cement,SULPHATE RESISTING PORTLAND CEMENT,,,concrete,,high,high,False,,
IS 1237: 1980,REVIEW_REQUIRED,low_confidence_metadata,material_standard,cement,CEMENT CONCRETE FLOORING TILES,,flooring,concrete,flooring,high,low,True,low_confidence_metadata,low_product_confidence;metadata_review_required
IS 1239 (Part 1): 2004,SAFE_FOR_TRAINING,grounded product/subject metadata supports supervised positive,material_standard,pipe,"STEEL TUBES, TUBULARS ANDOTHER WROUGHT STEEL FITTINGS PART 1 STEEL TUBES",,,steel,,high,high,False,,
IS 12406: 2003,SAFE_FOR_TRAINING,grounded product/subject metadata supports supervised positive,product_standard,board,MEDIUM DENSITY FIBRE BOARDS FOR GENERAL PURPOSES 1. Scope — Requirements of medium density fibre boards for general purposes having density in the range,,,timber,,high,high,False,,
IS 12427: 2001,SAFE_FOR_TRAINING,grounded product/subject metadata supports supervised positive,material_standard,bolt,FASTENERS – THREADED STEEL FASTENERS – HEXAGON HEAD TRANSMISSION TOWER BOLTS,,,steel,,high,high,False,,
IS 12436: 1988,SAFE_FOR_TRAINING,grounded product/subject metadata supports supervised positive,product_standard,thermal_insulation,"PREFORMED RIGID POLYURETHANE (PUR) AND POLYISOCYANURATE (PIR) FOAMS FOR THERMAL INSULATION 1. Scope – Requirements, and the methods of sampling and test for preformed rigid polyurethane (PUR) and",,thermal_insulation,,thermal insulation,high,high,False,,
IS 12440: 1988,SAFE_FOR_TRAINING,grounded product/subject metadata supports supervised positive,material_standard,block,"PRECAST CONCRETE STONE MASONRY BLOCKS 3.2 For 200, 150 and 100 mm nominal thick walls, the blocks shall be of 300 × 200 × 150 mm, 300 × 150 × 150 mm and 300 × 100 × 150 mm nominal size respectively. 3.3 For accommodating vertical reinforcem",,,concrete,,high,high,False,,
IS 1254: 1991,REVIEW_REQUIRED,low_confidence_metadata,material_standard,roofing_sheet,CORRUGATED ALUMINIUM SHEET,,,aluminium,,high,low,True,low_confidence_metadata,low_product_confidence;metadata_review_required
IS 12583: 1988,SAFE_FOR_TRAINING,grounded product/subject metadata supports supervised positive,material_standard,roofing_sheet,CORRUGATED BITMEN ROOFING SHEETS ± ± ± ±,,roofing,bitumen,roofing,high,high,False,,
IS 12592: 2002,SAFE_FOR_TRAINING,grounded product/subject metadata supports supervised positive,material_standard,cement,PRECAST CONCRETE MANHOLE COVER AND FRAME,,carry_sewage,steel,sewerage,high,high,False,,
IS 12701: 1996,SAFE_FOR_TRAINING,grounded product/subject metadata supports supervised positive,material_standard,water_tank,ROTATIONAL MOULDED POLYETHYLENE WATER STORAGE TANKS,,,,door and window construction,high,high,False,,
IS 12709: 1994,SAFE_FOR_TRAINING,grounded product/subject metadata supports supervised positive,material_standard,glass,"— which are 200, 250, 300, 350, 400, 450, 500, 600, 700, 800, 900, 1 000, 1 100, 1 200, 1 400, 1 600, 1 800, 2 000, 2 200, 2 400, 2 600, 2 800 and 3 000 mm",,carry_potable_water,glass fibre reinforced plastic,potable water supply,high,high,False,,
IS 12778: 2004,SAFE_FOR_TRAINING,grounded product/subject metadata supports supervised positive,material_standard,steel_section,"HOT ROLLED PARALLEL FLANGE STEEL SECTION FOR BEAMS, COLUMNS AND BEARING PILES DIMENSIONS AND SECTION PROPERTIES",,,cast iron,,high,high,False,,
IS 1278: 1972,SAFE_FOR_TRAINING,grounded product/subject metadata supports supervised positive,material_standard,rod,FILLER RODS FOR GAS WELDING,,,cast iron,,high,high,False,,
IS 12817: 1997,SAFE_FOR_TRAINING,grounded product/subject metadata supports supervised positive,material_standard,hinge,STAINLESS STEEL BUTT HINGES,,,steel,,high,high,False,,
IS 12818: 1992,SAFE_FOR_TRAINING,grounded product/subject metadata supports supervised positive,product_standard,pipe,UNPLASTICISED PVC SCREEN AND CASING PIPES FOR BORE/TUBE WELL,,,PVC,potable water supply,high,high,False,,
IS 12820: 2004,REVIEW_REQUIRED,low_confidence_metadata,product_standard,pipe,"DIMENSIONAL REQUIREMENTS OF RUBBER GASKETS FOR MECHANICAL JOINTS AND PUSH-ON JOINTS FOR USE WITH CAST IRON PIPES AND FITTINGS FOR CARRYING WATER, GAS AND SEWAGE",,carry_sewage,cast iron,sewerage,high,low,True,low_confidence_metadata,low_product_confidence;metadata_review_required
IS 12823: 1990,SAFE_FOR_TRAINING,grounded product/subject metadata supports supervised positive,other,board,WOOD PRODUCTS-PRELAMINATED PARTICLES BOARDS 3.3 Impregnated Overlay—An absorbent tissue paper having a weight of 18-40 g/m2 impregnated in a suitable synthetic resin and dried to a volatile content of 4-8,,,timber,,high,high,False,,
IS 12830: 1989,SEARCH_ONLY,non-product standard kept searchable but not used as procurement positive,installation,,RUBBER BASED ADHESIVE FOR FIXING PVC TILES TO CEMENT 1. Scope – Requirements and the methods of sampling and test for rubber based adhesives used for bonding,,,PVC,,high,high,False,,
IS 1285: 2002,SAFE_FOR_TRAINING,grounded product/subject metadata supports supervised positive,product_standard,pipe,WROUGHT ALUMINIUM AND ALUMINIUM ALLOY EXTRUDED ROUND TUBE AND HOLLOW SECTIONS FOR GENERAL ENGINEERING PURPOSES,,,aluminium,roofing,high,high,False,,
IS 12866: 1989,SAFE_FOR_TRAINING,grounded product/subject metadata supports supervised positive,other,glass,PLASTIC TRANSLUCENT SHEET MADE FROM THERMOSETTING POLYESTER RESIN,,,steel,,high,high,False,,
IS 12867: 1989,SAFE_FOR_TRAINING,grounded product/subject metadata supports supervised positive,product_standard,handrail,PVC HAND RAIL COVERS,,,PVC,,high,high,False,,
IS 12894: 2002,SAFE_FOR_TRAINING,grounded product/subject metadata supports supervised positive,product_standard,brick,PULVERIZED FUEL ASH-LIME BRICKS,,,clay,roofing,high,high,False,,
IS 12896: 1990,SAFE_FOR_TRAINING,grounded product/subject metadata supports supervised positive,material_standard,door,INDIAN TIMBERS FOR DOOR AND WINDOW SHUTTERS AND FRAMES – CLASSIFICATION,,,timber,door and window construction,high,high,False,,
IS 1293: 1988,SAFE_FOR_TRAINING,grounded product/subject metadata supports supervised positive,product_standard,plug_socket,PLUGS AND SOCKET-OUTLETS – RATED VOLTAGE UPTO AND INCLUDING 250 VOLTS AND RATED CURRENT UPTO AND INCLUDING 16 AMPERES,,,steel,thermal insulation,high,high,False,,
IS 12987: 1991,REVIEW_REQUIRED,low_confidence_metadata,material_standard,pipe,CAST IRON DETACHABLE JOINTS FOR USE WITH ASBESTOS CEMENT PRESSURE PIPES (LIGHT DUTY) Note — Nominal diameter of detachable joint shall refer to the corresponding nominal diameter of the asbestos cement pressure pipes,,,cast iron,potable water supply,high,low,True,low_confidence_metadata,low_product_confidence;metadata_review_required
IS 12988: 1991,SAFE_FOR_TRAINING,grounded product/subject metadata supports supervised positive,material_standard,pipe,DIMENSIONAL REQUIREMENTS FOR RUBBER SEALING RINGS FOR CID JOINTS FOR LIGHT DUTY AC PIPES – DIMENSIONAL REQUIREMENTS,,,cast iron,,high,high,False,,
IS 12994: 1990,SAFE_FOR_TRAINING,grounded product/subject metadata supports supervised positive,product_standard,adhesive,"EPOXY ADHESIVES, ROOM TEMPERATURE CURING, GENERAL PURPOSE",,,,,high,high,False,,
IS 13000: 1990,SEARCH_ONLY,non-product standard kept searchable but not used as procurement positive,test_method,,"SILICA ASBESTOS - CEMENT FLAT SHEETS Note— For methods of tests, refer to IS 5913:1989 Methods of test for asbestos cement products (first revision)",,,,,high,high,False,,
IS 13008: 1990,SAFE_FOR_TRAINING,grounded product/subject metadata supports supervised positive,material_standard,cement,SHALLOW CORRUGATED ASBESTOS CEMENT SHEETS 3.2 Impermeability — Shall not show during 24 hours of test any formation of drops of water except traces of moisture on the lower surface,,,,,high,high,False,,
IS 13026: 1991,REVIEW_REQUIRED,low_confidence_metadata,material_standard,aggregate,BITUMEN MASTIC FOR FLOORING FOR INDUSTRIES HANDLING LPG AND OTHER LIGHT HYDROCARBON PRODUCTS,,flooring,bitumen,flooring,high,low,True,low_confidence_metadata,low_product_confidence;metadata_review_required
IS 13049: 1991,SEARCH_ONLY,non-product standard kept searchable but not used as procurement positive,test_method,,DIAPHRAGM TYPE (PLASTIC BODY) FLOAT OPERATED VALVES FOR COLD WATER SERVICES Note— For method of test refer to Appendices Aot C of the standard,,,rubber,,high,high,False,,
IS 13114: 1991,SAFE_FOR_TRAINING,grounded product/subject metadata supports supervised positive,product_standard,valve,check valve,check_valve,prevent_reverse_flow,cast iron,water supply,high,high,False,,
IS 13204: 1991,SAFE_FOR_TRAINING,grounded product/subject metadata supports supervised positive,material_standard,thermal_insulation,RIGID PHENOLIC FOAM FOR THERMAL INSULATION 1. Scope – Requirements and methods of sampling and test for rigid for phenolic foam for thermal,,thermal_insulation,HDPE,thermal insulation,high,high,False,,
IS 1322: 1993,SAFE_FOR_TRAINING,grounded product/subject metadata supports supervised positive,product_standard,waterproofing_membrane,BITUMEN FELTS FOR WATER–PROOFING AND DAMP–PROOFING,,waterproofing,bitumen,waterproofing,high,high,False,,
IS 1326: 1992,SAFE_FOR_TRAINING,grounded product/subject metadata supports supervised positive,material_standard,timber,NON-CONIFEROUS SAWN TIMBER,,,timber,,high,high,False,,
IS 1328: 1996,SAFE_FOR_TRAINING,grounded product/subject metadata supports supervised positive,product_standard,board,plywood,plywood,,timber,,high,high,False,,
IS 13317: 1992,REVIEW_REQUIRED,missing_scope_no_reliable_reconstruction,other,tile,"CLAY ROOFING COUNTRY TILES, HALF ROUND AND FLAT TILES",,roofing,clay,roofing,high,high,True,missing_scope_no_reliable_reconstruction,metadata_review_required;missing_scope
IS 13349: 1992,SAFE_FOR_TRAINING,grounded product/subject metadata supports supervised positive,material_standard,gate,SINGLE FACED CAST IRON THIMBLE MOUNTED SLUICE GATES 5. Materials – see Table 3 TABLE 3 MATERIALS,,,cast iron,potable water supply,high,high,False,,
IS 13356: 1992,SAFE_FOR_TRAINING,grounded product/subject metadata supports supervised positive,material_standard,water_tank,PRECAST FERROCEMENT WATER TANKS UP TO 10 000 LITRES CAPACITY,,,steel,,high,high,False,,
IS 13382: 2004,SAFE_FOR_TRAINING,grounded product/subject metadata supports supervised positive,product_standard,pipe,"CAST IRON SPECIALS FOR MECHANICAL AND PUSH ON FLEXIBLE JOINTS FOR PRESSURE PIPE LINES FOR WATER, GAS AND SEWAGE",,carry_sewage,cast iron,sewerage,high,high,False,,
IS 1341: 1992,SAFE_FOR_TRAINING,grounded product/subject metadata supports supervised positive,material_standard,hinge,STEEL BUTT HINGES,,,steel,,high,high,False,,
IS 13592: 1992,SAFE_FOR_TRAINING,grounded product/subject metadata supports supervised positive,product_standard,pipe,UNPLASTILIZED POLYVINYL CHLORIDE (UPVC) PIPES FOR SOIL AND WASTE DISCHARGE SYSTEM FOR INSIDE AND OUTSIDE BUILDINGS INCLUDING VENTILATION AND RAIN WATER SYSTEM TABLE 1 DIAMETER AND WALL THICKNESS,,,PVC,potable water supply,high,high,False,,
IS 1361: 1978,SAFE_FOR_TRAINING,grounded product/subject metadata supports supervised positive,material_standard,window,STEEL WINDOWS FOR INDUSTRIAL BUILDINGS,,,steel,door and window construction,high,high,False,,
IS 13620: 1993,SAFE_FOR_TRAINING,grounded product/subject metadata supports supervised positive,material_standard,coating,FUSION BONDED EPOXY COATED REINFORCING BARS,,,steel,,high,high,False,,
IS 1363 (Part 1): 2002,SAFE_FOR_TRAINING,grounded product/subject metadata supports supervised positive,product_standard,bolt,"ISO 4016 : 1999 HEXAGON HEAD BOLTS, SCREWS AND NUTS OF PRODUCT GRADE C PART 1 : HEXAGON HEAD BOLTS (SIZE RANGE M5 TO M64)",,,steel,,high,high,False,,
IS 1363 (Part 2): 2002,SAFE_FOR_TRAINING,grounded product/subject metadata supports supervised positive,product_standard,screw,"ISO 4018 : 1999 HEXAGON HEAD BOLTS, SCREWS & NUTS OF PRODUCT GRADE C PART 2 : HEXAGON HEAD SCREWS (SIZE RANGE M5 TO M64)",,,steel,,high,high,False,,
IS 1363 (Part 3): 2002,SAFE_FOR_TRAINING,grounded product/subject metadata supports supervised positive,product_standard,nut,"ISO 4034 : 1999 HEXAGON HEAD BOLTS, SCREWS & NUTS OF PRODUCT GRADE C PART 3 : HEXAGON NUTS (SIZE RANGE M5 TO M64)",,,steel,,high,high,False,,
IS 1364 (Part 1): 2002,SAFE_FOR_TRAINING,grounded product/subject metadata supports supervised positive,product_standard,bolt,"ISO 4014 : 1999 HEXAGON HEAD BOLTS, SCREWS AND NUTS OF PRODUCT GRADES A AND B PART 1 : HEXAGON HEAD BOLTS (SIZE RANGE M1.6 TO M64)",,,steel,,high,high,False,,
IS 1364 (Part 2): 2002,REVIEW_REQUIRED,low_confidence_metadata,product_standard,screw,"ISO 4017 : 1999 HEXAGON HEAD BOLTS, SCREWS & NUTS OF PRODUCT GRADE A & B PART 2 : HEXAGON HEAD SCREWS (SIZE RANGE 1.6 TO M64)",,,steel,,high,low,True,low_confidence_metadata,low_product_confidence;metadata_review_required
IS 1364 (Part 3): 2002,SAFE_FOR_TRAINING,grounded product/subject metadata supports supervised positive,product_standard,nut,"ISO 4032 : 1999 HEXAGON HEAD BOLTS, SCREWS AND NUTS OF PRODUCT GRADES A & B PART 3 : HEXAGON NUTS (SIZE RANGE M1.6 TO M64)",,,steel,,high,high,False,,
IS 1364 (Part 4): 2003,SAFE_FOR_TRAINING,grounded product/subject metadata supports supervised positive,product_standard,nut,"ISO 4035 : 1999 HEXAGON HEAD BOLTS,SCREWS&NUTS OFPRODUCTGRADEA &B PART 4 HEXAGON THIN NUTS (CHAMFERED)",,,steel,,high,high,False,,
IS 1364 (Part 5): 2002,SAFE_FOR_TRAINING,grounded product/subject metadata supports supervised positive,product_standard,nut,"ISO 4036 : 1999 HEXAGON HEAD BOLTS, SCREWS AND NUTS OF PRODUCT GRADES A AND B PART 5 HEXAGON THIN NUTS",,,steel,,high,high,False,,
IS 1365: 1978,SAFE_FOR_TRAINING,grounded product/subject metadata supports supervised positive,product_standard,screw,SLOTTED COUNTERSUNK HEAD SCREWS,,,aluminium,,high,high,False,,
IS 1366: 2002,SAFE_FOR_TRAINING,grounded product/subject metadata supports supervised positive,product_standard,screw,ISO 1207 - 1992 SLOTTED CHEESE HEAD SCREWS,,,steel,,high,high,False,,
IS 13753: 1993,SAFE_FOR_TRAINING,grounded product/subject metadata supports supervised positive,product_standard,tile,DUST– PRESSED CERAMIC TILES WITH WATER ABSORPTION OF E>10% GROUP B III,,,,flooring,high,high,False,,
IS 13754: 1993,SAFE_FOR_TRAINING,grounded product/subject metadata supports supervised positive,product_standard,tile,DUST – PRESSED CERAMIC TILES WITH WATER ABSORPTION OF 6% < E ≤ 10%,,,,,high,high,False,,
IS 13755: 1993,SAFE_FOR_TRAINING,grounded product/subject metadata supports supervised positive,product_standard,tile,DUST– PRESSED CERAMIC TILES WITH WATER ABSORPTION OF 3% < E ≤ 6%,,,,,high,high,False,,
IS 13756: 1993,SAFE_FOR_TRAINING,grounded product/subject metadata supports supervised positive,product_standard,tile,DUST – PRESSED CERAMIC TILES WITH LOW WATER ABSORPTION OF E 3% GROUP B1,,,,,high,high,False,,
IS 13757: 1993,SAFE_FOR_TRAINING,grounded product/subject metadata supports supervised positive,product_standard,brick,BURNT CLAY FLY ASH BUILDING BRICKS * Heavy duty burnt clay building bricks (third revision). ** Common burnt day building bricks (fifth revision),,,clay,,high,high,False,,
IS 13957: 1994,SAFE_FOR_TRAINING,grounded product/subject metadata supports supervised positive,product_standard,board,plywood,plywood,,aluminium,,high,high,False,,
IS 13958: 1994,SAFE_FOR_TRAINING,grounded product/subject metadata supports supervised positive,product_standard,board,BAMBOO MAT BOARD FOR GENERAL PURPOSES 1. Scope – Covers the method of manufacture and the requirements of bamboo mat board used for general purposes,,,timber,,high,high,False,,
IS 1395: 1982,SAFE_FOR_TRAINING,grounded product/subject metadata supports supervised positive,material_standard,electrode,LOW AND MEDIUM ALLOY STEEL COVERED ELECTRODES FOR MANUAL METAL ARC WELDING,,,steel,,high,high,False,,
IS 13983: 1994,SEARCH_ONLY,non-product standard kept searchable but not used as procurement positive,installation,,STAINLESS STEELSINKS FOR DOMESTIC PURPOSES,,,steel,potable water supply,high,high,False,,
IS 13990: 1994,REVIEW_REQUIRED,low_confidence_metadata,product_standard,waterproofing_membrane,PRECAST REINFORCED CONCRETE PLANKS AND JOISTS FOR ROOFING AND FLOORING 2.3 Tolerances — Casting tolerances on various dimensions of plank shall be as given below — Dimension,,roofing,steel,roofing,high,low,True,low_confidence_metadata,low_product_confidence;metadata_review_required
IS 14143: 1994,SAFE_FOR_TRAINING,grounded product/subject metadata supports supervised positive,material_standard,brick,PREFABRICATED BRICK PANEL AND PARTIALLY PRECAST CONCRETE JOIST FOR FLOORING AND ROOFING 2.2.1 Shape— Partially precast joist shall be rectangular in shape with steel stirrups kept projecting out which shall be tied with reinforcement along ,,roofing,steel,roofing,high,high,False,,
IS 14182: 1994,SAFE_FOR_TRAINING,grounded product/subject metadata supports supervised positive,material_standard,pipe,SOLVENT CEMENT FOR USE WITH UNPLASTICIZED POLYVINYL CHLORIDE PLASTIC PIPE AND FITTINGS 1. Scope – Requirements and methods of sampling and test for solvent cements to be used in joining,,carry_potable_water,PVC,potable water supply,high,high,False,,
IS 14201: 1994,SAFE_FOR_TRAINING,grounded product/subject metadata supports supervised positive,product_standard,channel,PRECAST REINFORCED CONCRETE CHANNEL UNITS FOR CONSTRUCTION OF FLOORS AND ROOFS 2.3 Tolerances on Dimensions 2.3.1 Dimension,,,steel,,high,high,False,,
IS 14223 (Part 1): 1995,SAFE_FOR_TRAINING,grounded product/subject metadata supports supervised positive,product_standard,stone,POLISHED BUILDING STONES PART 1 GRANITE,,,clay,sewerage,high,high,False,,
IS 14241: 1995,SAFE_FOR_TRAINING,grounded product/subject metadata supports supervised positive,product_standard,channel,PRECAST REINFORCED CONCRETE L–PANEL FOR ROOFING 2.2 Dimensions 2.2.1 Length— The maximum span of L-panels shall be restricted to 4 m. Lower lengths may be preferred,,roofing,steel,roofing,high,high,False,,
IS 14268: 1995,REVIEW_REQUIRED,low_confidence_metadata,material_standard,steel_sheet,UNCOATED STRESS RELIEVED LOW RELAXATION SEVEN- PLY STRAND FOR PRESTRESSED CONCRETE . TABLE 1 PHYSICAL PROPERTIES,,,steel,,high,low,True,low_confidence_metadata,low_product_confidence;metadata_review_required
IS 14276: 1995,REVIEW_REQUIRED,low_confidence_metadata,material_standard,cement,CEMENT BONDED PARTICLE BOARDS,,,aluminium,,high,low,True,low_confidence_metadata,low_product_confidence;metadata_review_required
IS 14333: 1996,SAFE_FOR_TRAINING,grounded product/subject metadata supports supervised positive,material_standard,pipe,"HIGH DENSITY POLYETHYELENE PIPES FOR SEWERAGE of IS 7328 : 1992*, HDPE conforming to designation PEEWA -45-T-012 PEEWA -50-T-012 or PEEWA - 57 - T - 012 of IS 7328 : 1992 may also be used with the",,carry_sewage,HDPE,sewerage,high,high,False,,
IS 14402: 1996,SAFE_FOR_TRAINING,grounded product/subject metadata supports supervised positive,material_standard,glass,"GLASS FIBRE REINFORCED PLASTICS (GRP) PIPES JOINT AND FITTINGS FOR USE FOR SEWERAGE, INDUSTRIAL WASTE AND WATER (OTHER THAN POTABLE) Note— For details of other materials, see 6.3 of the standard",,carry_sewage,glass fibre reinforced plastic,sewerage,high,high,False,,
IS 14443: 1997,SAFE_FOR_TRAINING,grounded product/subject metadata supports supervised positive,material_standard,glass,POLYCARBONATE SHEETS,,,polycarbonate,,high,high,False,,
IS 14587: 1998,SAFE_FOR_TRAINING,grounded product/subject metadata supports supervised positive,other,board,medium density fibre board,medium_density_fibre_board,,timber,thermal insulation,high,high,False,,
IS 14588: 1999,REVIEW_REQUIRED,low_confidence_metadata,product_standard,board,BAMBOO MAT-VEENER COMPOSITE FOR GENERAL PURPOSES 1. Scope – Covers the method of manufacture and the requirement of bamboo mat-veneer composites for,,,timber,,high,low,True,low_confidence_metadata,low_product_confidence;metadata_review_required
IS 14616: 1999,REVIEW_REQUIRED,low_confidence_metadata,product_standard,door,LAMINATED VENEER LUMBER 1. Scope—Covers laminated veneer lumber (LVL) of density range 0.6 to 0.75 in which most natural structural wood fall. Its applications include all the end,,,timber,,high,low,True,low_confidence_metadata,low_product_confidence;metadata_review_required
IS 14643: 1999,SAFE_FOR_TRAINING,grounded product/subject metadata supports supervised positive,material_standard,pipe,UNSINTERED POLYTETRAFLUOROETHYLENE,,,,,high,high,False,,
IS 1464: 1992,SAFE_FOR_TRAINING,grounded product/subject metadata supports supervised positive,product_standard,tile,CLAY RIDGE AND CEILING TILES,,,clay,,high,high,False,,
IS 14695: 1999,SEARCH_ONLY,non-product standard kept searchable but not used as procurement positive,test_method,,"GLASS FIBRE BASE COAL TAR PITCH OUTER WRAP Note— For test procedure, refer to IS 13826 : 1993 Methods of test for bitumen based felts",,,HDPE,potable water supply,high,high,False,,
IS 14735: 1999,SAFE_FOR_TRAINING,grounded product/subject metadata supports supervised positive,material_standard,pipe_fitting,UNPLASTICIZED POLYVINYL CHLORIDE (UPVC) INJECTION MOULDED FITTING FOR SOIL AND WASTE DISCHARGE SYSTEM FOR INSIDE AND OUTSIDE BUILDINGS INCLUDING VENTILATION AND RAIN WATER SYSTEMS * UPVC pipes for soil and waste discharge systems inside bui,,,PVC,potable water supply,high,high,False,,
IS 14753: 1999,REVIEW_REQUIRED,low_confidence_metadata,product_standard,adhesive,POLYMETHYL METHACRYLATE (PMMA),,,PVC,,high,low,True,low_confidence_metadata,low_product_confidence;metadata_review_required
IS 14772: 2000,SEARCH_ONLY,non-product standard kept searchable but not used as procurement positive,installation,,GENERAL REQUIREMENTS FOR ENCLOSURES FOR ACCESSORIES FOR HOUSEHOLD AND SIMILAR FIXED ELECTRICAL INSTALLATIONS – SPECIFICAION 1. Scope – This standard applies to enclosures or parts,,thermal_insulation,concrete,thermal insulation,high,medium,False,,
IS 1478: 1992,SAFE_FOR_TRAINING,grounded product/subject metadata supports supervised positive,product_standard,tile,CLAY FLOORING TILES,,flooring,steel,flooring,high,high,False,,
IS 14842: 2000,SAFE_FOR_TRAINING,grounded product/subject metadata supports supervised positive,product_standard,board,COIR VENEER BOARD FOR GENERAL PURPOSES 1. Scope – Covers the method of manufacture and the requirement of coir veneer board (coconut fibre,,,timber,,high,high,False,,
IS 14846: 2000,SAFE_FOR_TRAINING,grounded product/subject metadata supports supervised positive,product_standard,valve,SLUICE VALVES FOR WATER WORKS PURPOSES,,,cast iron,water supply,high,high,False,,
IS 14856: 2000,SAFE_FOR_TRAINING,grounded product/subject metadata supports supervised positive,material_standard,glass,"GLASS FIBRE REINFORCED PLASTIC (GRP) PANEL TYPE DOOR SHUTTERS FOR INTERNAL USE 1. Scope – Requirements regarding types, sizes, material, construction, workmanship, finish",,,steel,flooring,high,high,False,,
IS 14862: 2000,SAFE_FOR_TRAINING,grounded product/subject metadata supports supervised positive,material_standard,cement,FIBRE CEMENT FLAT SHEETS,,,timber,,high,high,False,,
IS 14871: 2000,REVIEW_REQUIRED,low_confidence_metadata,material_standard,pipe_fitting,PRODUCTS IN FIBRE REINFORCED CEMENT—LONG CORRUGATED OR ASYMMETRICAL SECTION SHEETS AND FITTINGS FOR ROOFING AND CLADDING TABLE 1 CATEGORY AND CLASS (MINIMUM BREAKING LOAD IN N/M) Category,,roofing,,roofing,high,low,True,low_confidence_metadata,low_product_confidence;metadata_review_required
IS 1489 (Part 1): 1991,SAFE_FOR_TRAINING,grounded product/subject metadata supports supervised positive,material_standard,cement,portland pozzolana fly ash,portland_pozzolana_fly_ash,,,,high,high,False,,
IS 1489 (Part 2): 1991,SAFE_FOR_TRAINING,grounded product/subject metadata supports supervised positive,material_standard,cement,portland pozzolana fly ash,portland_pozzolana_fly_ash,,clay,,high,high,False,,
IS 14912: 2001,SAFE_FOR_TRAINING,grounded product/subject metadata supports supervised positive,other,door,DOOR CLOSERS - CONCEALED TYPE,,,cast iron,door and window construction,high,high,False,,
IS 1536: 2001,SAFE_FOR_TRAINING,grounded product/subject metadata supports supervised positive,product_standard,pipe,"CENTRIFUGALLY CAST (SPUN) IRON PRESSURE PIPES FOR WATER, GAS AND SEWAGE",,carry_sewage,cast iron,sewerage,high,high,False,,
IS 1537: 1976,SAFE_FOR_TRAINING,grounded product/subject metadata supports supervised positive,other,pipe,"VERTICALLY CAST IRON PRESSURE PIPES FOR WATER, GAS AND SEWAGE",,carry_sewage,cast iron,sewerage,high,high,False,,
IS 15380: 2003,SAFE_FOR_TRAINING,grounded product/subject metadata supports supervised positive,material_standard,door,"MOULDED RAISED HIGH DENSITY FIBRE (HDF) PANEL DOORS 1. Scope – This standard lays down requirements regarding types, sizes, material, construction",,,timber,door and window construction,high,high,False,,
IS 1538: 1993,SAFE_FOR_TRAINING,grounded product/subject metadata supports supervised positive,product_standard,pipe_fitting,socket,socket,carry_sewage,cast iron,sewerage,high,high,False,,
IS 1542: 1992,SAFE_FOR_TRAINING,grounded product/subject metadata supports supervised positive,material_standard,cement,SAND FOR PLASTER,,,clay,,high,high,False,,
IS 15476: 2004,SAFE_FOR_TRAINING,grounded product/subject metadata supports supervised positive,product_standard,roofing_sheet,BAMBOO MAT CORRUGATED SHEETS 1. Scope This standard covers the requirement of bamboo mat corrugated sheets (BMCS) for roofs of industrial,,,bamboo,,high,high,False,,
IS 15491: 2004,SAFE_FOR_TRAINING,grounded product/subject metadata supports supervised positive,product_standard,board,MEDIUM DENSITY COIRBOARDS FOR GENERAL PURPOSES 1. Scope 1.1 This standard covers the requirement of medium,,,steel,door and window construction,high,high,False,,
IS 1554 (Part 1): 1988,SAFE_FOR_TRAINING,grounded product/subject metadata supports supervised positive,product_standard,thermal_insulation,PVC INSULATED (HEAVY DUTY) ELECTRIC CABLES PART 1 – FOR WORKING VOLTAGES UPTO AND INCLUDING 1 100 VOLTS,,,PVC,,high,high,False,,
IS 1566: 1982,SAFE_FOR_TRAINING,grounded product/subject metadata supports supervised positive,material_standard,wire_fabric,HARD - DRAWN STEEL WIRE FABRIC FOR CON- CRETE REINFORCEMENT,,,steel,,high,high,False,,
IS 1580: 1991,SAFE_FOR_TRAINING,grounded product/subject metadata supports supervised positive,material_standard,waterproofing_membrane,BITUMINOUS COMPOUNDS FOR WATER-PROOFING AND CAULKING PURPOSES,,waterproofing,steel,waterproofing,high,high,False,,
IS 1592: 2003,SAFE_FOR_TRAINING,grounded product/subject metadata supports supervised positive,material_standard,pipe,ASBESTOS CEMENT PRESSURE PIPES,,carry_sewage,cast iron,sewerage,high,high,False,,
IS 1626 (Part 1): 1994,SAFE_FOR_TRAINING,grounded product/subject metadata supports supervised positive,material_standard,pipe_fitting,bend,bend,,,roofing,high,high,False,,
IS 1626 (Part 2): 1994,SAFE_FOR_TRAINING,grounded product/subject metadata supports supervised positive,material_standard,pipe_fitting,"ASBESTOS CEMENT BUILDING PIPES AND PIPE FITTINGS, GUTTERS AND GUTTER FITTINGS AND ROOF FITTINGS PART 2 GUTTERS AND GUTTER FITTINGS",,,,roofing,high,high,False,,
IS 1626: 1984,SAFE_FOR_TRAINING,grounded product/subject metadata supports supervised positive,material_standard,pipe_fitting,"ASBESTOS CEMENT BUILDING PIPES AND PIPE FITTINGS, GUTTERS AND GUTER FITTINGS AND ROOF FITTINGS PART 3 ROOF FITTINGS",,roofing,,roofing,high,high,False,,
IS 1658: 1977,SAFE_FOR_TRAINING,grounded product/subject metadata supports supervised positive,product_standard,board,FIBRE HARD BOARDS,,,timber,,high,high,False,,
IS 1659: 2004,SAFE_FOR_TRAINING,grounded product/subject metadata supports supervised positive,product_standard,board,BLOCK BOARDS,,,timber,flooring,high,high,False,,
IS 1700: 1973,REVIEW_REQUIRED,low_confidence_metadata,material_standard,pipe_fitting,DRINKING FOUNTAINS,,,cast iron,water supply,high,low,True,low_confidence_metadata,low_product_confidence;metadata_review_required
IS 1701: 1960,SAFE_FOR_TRAINING,grounded product/subject metadata supports supervised positive,material_standard,valve,MIXING VALVES FOR ABLUTIONARY AND DOMESTIC PURPOSE,,,steel,,high,high,False,,
IS 1703: 2000,SAFE_FOR_TRAINING,grounded product/subject metadata supports supervised positive,material_standard,valve,WATER FITTINGS COPPER ALLOY FLOAT VALVES (HORIZONTAL PLUNGER TYPE),,,rubber,water supply,high,high,False,,
IS 1711: 1984,REVIEW_REQUIRED,low_confidence_metadata,product_standard,washer,SELF–CLOSING TAPS FOR WATER SUPPLY PURPOSES,,,cast iron,water supply,high,low,True,low_confidence_metadata,low_product_confidence;metadata_review_required
IS 1726: 1991,REVIEW_REQUIRED,low_confidence_metadata,product_standard,coating,CAST IRON MANHOLE COVERS AND FRAMES,,,cast iron,water supply,high,low,True,low_confidence_metadata,low_product_confidence;metadata_review_required
IS 1730: 1989,REVIEW_REQUIRED,source_grounded_fallback_requires_review,material_standard,flats_structural_engineering_purposes,"STEEL PLATES SHEETS STRIPS AND FLATS, FOR STRUCTURAL AND GENERAL ENGINEERING PURPOSES",,,steel,,high,medium,True,source_grounded_fallback_requires_review,metadata_review_required
IS 1732: 1989,SAFE_FOR_TRAINING,grounded product/subject metadata supports supervised positive,material_standard,rivet,"STEEL BARS, ROUND AND SQUARE FOR STRUCTURAL AND GENERAL ENGIINEERING PURPOSES-DIMENSIONS",,,steel,,high,high,False,,
IS 1785 (Part 2): 1983,SAFE_FOR_TRAINING,grounded product/subject metadata supports supervised positive,material_standard,pipe,PLAIN HARD- DRAWNSTEEL WIRE FOR PRESTRESSED CONCRETE. RART 2 -AS DRAWN WIRE,,,steel,,high,high,False,,
IS 1785 (Part I): 1983,REVIEW_REQUIRED,low_confidence_metadata,material_standard,pipe_fitting,PLAIN HARD-DRAWN STEEL WIRE FOR PRESTRESSED CONCRETE PART I COLD DRAWN STRESS-RELIEVED WIRE,,,steel,,high,low,True,low_confidence_metadata,low_product_confidence;metadata_review_required
IS 1786: 1985,REVIEW_REQUIRED,low_confidence_metadata,material_standard,pipe_fitting,PLAIN HIGH STRENGTH DEFORMED STEEL BARS AND WIRES FOR CONCRETE REINFORCEMENT,,,steel,,high,low,True,low_confidence_metadata,low_product_confidence;metadata_review_required
IS 1795: 1982,REVIEW_REQUIRED,low_confidence_metadata,material_standard,pipe,PILLAR TAPS FOR WATER SUPPLY PURPOSES,,,,water supply,high,low,True,low_confidence_metadata,low_product_confidence;metadata_review_required
IS 1823: 1980,SAFE_FOR_TRAINING,grounded product/subject metadata supports supervised positive,product_standard,door,FLOOR DOOR STOPPERS,,,steel,flooring,high,high,False,,
IS 1826: 1961,SAFE_FOR_TRAINING,grounded product/subject metadata supports supervised positive,material_standard,window,"VENETIAN BLINDS FOR WINDOWS 1. Scope – Covers material, constructional details, sizes and requirements of open head custom made Venetian blinds made of either wood or metal slats",,,aluminium,,high,high,False,,
IS 1834: 1984,REVIEW_REQUIRED,low_confidence_metadata,material_standard,sealant,HOT APPLIED SEALING COMPOUNDS FOR JOINTS IN CONCRETE,,,bitumen,,high,low,True,low_confidence_metadata,low_product_confidence;metadata_review_required
IS 1838 (Part 2): 1984,REVIEW_REQUIRED,low_confidence_metadata,material_standard,paint,PREFORMED FILLERS FOR EXPANSION JOINT IN CONCRETE PAVEMENT AND STRUCTURES,,,concrete,,high,low,True,low_confidence_metadata,low_product_confidence;metadata_review_required
IS 1863: 1979,REVIEW_REQUIRED,source_grounded_fallback_requires_review,material_standard,rolled_steel_bulb_flats,ROLLED STEEL BULB FLATS,,,steel,,high,medium,True,source_grounded_fallback_requires_review,metadata_review_required
IS 1879: 1987,REVIEW_REQUIRED,missing_scope_no_reliable_reconstruction,other,pipe_fitting,MALLEABLE CAST IRON PIPE FITTINGS,,,cast iron,,high,high,True,missing_scope_no_reliable_reconstruction,metadata_review_required;missing_scope
IS 190: 1991,SAFE_FOR_TRAINING,grounded product/subject metadata supports supervised positive,material_standard,timber,CONIFEROUS SAWN TIMBER,,,timber,,high,high,False,,
IS 1929: 1982,SAFE_FOR_TRAINING,grounded product/subject metadata supports supervised positive,material_standard,rivet,HOT FORGED STEEL RIVETS FOR HOT CLOSING,,,steel,,high,high,False,,
IS 1948: 1961,SAFE_FOR_TRAINING,grounded product/subject metadata supports supervised positive,material_standard,window,"ALUMINIUM DOORS, WINDOWS AND VENTILATORS",,,aluminium,door and window construction,high,high,False,,
IS 1949: 1961,SAFE_FOR_TRAINING,grounded product/subject metadata supports supervised positive,other,window,ALUMINIUM WINDOWS FOR INDUSTRIAL BUILDINGS 1. Scope – Deals with aluminium windows suitable for use in industrial buildings and designed to suit,,,steel,door and window construction,high,high,False,,
IS 1977: 1996,REVIEW_REQUIRED,low_confidence_metadata,material_standard,pipe_fitting,LOW TENSILE STRUCTURAL STEEL,,,steel,,high,low,True,low_confidence_metadata,low_product_confidence;metadata_review_required
IS 2002: 1979,SAFE_FOR_TRAINING,grounded product/subject metadata supports supervised positive,product_standard,pipe_fitting,socket,socket,,cast iron,roofing,high,high,False,,
IS 2016: 1967,SAFE_FOR_TRAINING,grounded product/subject metadata supports supervised positive,product_standard,washer,PLAIN WASHERS,,,steel,,high,high,False,,
IS 2036: 1995,REVIEW_REQUIRED,low_confidence_metadata,material_standard,thermal_insulation,PHENOLIC LAMINATED SHEETS,,,,,high,low,True,low_confidence_metadata,low_product_confidence;metadata_review_required
IS 204 (Part 1): 1991,SAFE_FOR_TRAINING,grounded product/subject metadata supports supervised positive,product_standard,bolt,TOWER BOLTS PART 1 FERROUS METALS,,,cast iron,,high,high,False,,
IS 204 (Part 2): 1992,SAFE_FOR_TRAINING,grounded product/subject metadata supports supervised positive,product_standard,bolt,TOWER BOLTS PART 2 NON FERROUS METALS,,,aluminium,,high,high,False,,
IS 2046: 1995,REVIEW_REQUIRED,low_confidence_metadata,material_standard,glass,DECORATIVE THERMOSETTING SYNTHETIC RESIN BONDED LAMINATED SHEETS,,,,flooring,high,low,True,low_confidence_metadata,low_product_confidence;metadata_review_required
IS 205: 1992,SAFE_FOR_TRAINING,grounded product/subject metadata supports supervised positive,product_standard,hinge,NON FERROUS METAL BUTT HINGES,,,steel,,high,high,False,,
IS 2062: 1999,REVIEW_REQUIRED,low_confidence_metadata,material_standard,pipe_fitting,STEEL FOR GENERAL STRUCTURAL PURPOSES,,,steel,,high,low,True,low_confidence_metadata,low_product_confidence;metadata_review_required
IS 206: 1992,REVIEW_REQUIRED,low_confidence_metadata,material_standard,pipe_fitting,tee,tee,,steel,,high,low,True,low_confidence_metadata,low_product_confidence;metadata_review_required
IS 207: 1964,SAFE_FOR_TRAINING,grounded product/subject metadata supports supervised positive,product_standard,door,GATE AND SHUTTER HOOKS AND EYES,,,steel,,high,high,False,,
IS 2086: 1993,REVIEW_REQUIRED,low_confidence_metadata,product_standard,thermal_insulation,CARRIERS AND BASES USED IN REWIRABLE TYPE ELECTRIC FUSES FOR VOLTAGES UP TO 650 VOLTS,,,,,high,low,True,low_confidence_metadata,low_product_confidence;metadata_review_required
IS 208: 1996,SAFE_FOR_TRAINING,grounded product/subject metadata supports supervised positive,material_standard,door,DOOR HANDLES,,,cast iron,door and window construction,high,high,False,,
IS 2090: 1983,REVIEW_REQUIRED,source_grounded_fallback_requires_review,material_standard,used_in_prestressed_concrete,HIGH TENSILE STEEL BARS USED IN PRESTRESSED CONCRETE,,,steel,,high,medium,True,source_grounded_fallback_requires_review,metadata_review_required
IS 2095 (Part 1): 1996,SAFE_FOR_TRAINING,grounded product/subject metadata supports supervised positive,product_standard,board,GYPSUM PLASTER BOARDS PART 1 PLAIN GYPSUM PLASTER BOARDS,,,concrete,,high,high,False,,
IS 2095 (Part 3): 1996,REVIEW_REQUIRED,low_confidence_metadata,material_standard,board,GYPSUM PLASTER BOARDS PART 3 REINFORCED GYPSUM PLASTER BOARDS,,,steel,door and window construction,high,low,True,low_confidence_metadata,low_product_confidence;metadata_review_required
IS 2096: 1992,SAFE_FOR_TRAINING,grounded product/subject metadata supports supervised positive,material_standard,cement,ASBESTOS CEMENT FLAT SHEETS,,,,,high,high,False,,
IS 2098: 1997,REVIEW_REQUIRED,low_confidence_metadata,material_standard,board,ASBESTOS CEMENT BUILDING BOARDS,,,,,high,low,True,low_confidence_metadata,low_product_confidence;metadata_review_required
IS 2104: 1981,REVIEW_REQUIRED,low_confidence_metadata,material_standard,pipe,WATER METER BOXES (DOMESTIC TYPE),,,cast iron,,high,low,True,low_confidence_metadata,low_product_confidence;metadata_review_required
IS 2116: 1980,REVIEW_REQUIRED,unsafe quality flags: duplicate_source_records,product_standard,stone,SAND FOR MASONRY MORTARS,,,clay,,high,high,False,,duplicate_source_records
IS 212: 1983,REVIEW_REQUIRED,source_grounded_fallback_requires_review,product_standard,crude_coal_tar_use,CRUDE COAL TAR FOR GENERAL USE,,,timber,,high,medium,True,source_grounded_fallback_requires_review,metadata_review_required
IS 2140: 1978,REVIEW_REQUIRED,low_confidence_metadata,material_standard,aggregate,STRANDED GALVANIZED STEEL WIRE FOR FENCING,,,steel,,high,low,True,low_confidence_metadata,low_product_confidence;metadata_review_required
IS 2155: 1982,SAFE_FOR_TRAINING,grounded product/subject metadata supports supervised positive,material_standard,rivet,COLD FORGED SOLID STEEL RIVETS FOR HOT CLOSING (6 TO 16 mm DIAMETER),,,steel,,high,high,False,,
IS 215: 1995,REVIEW_REQUIRED,low_confidence_metadata,product_standard,waterproofing_membrane,ROAD TAR,,,bitumen,waterproofing,high,low,True,low_confidence_metadata,low_product_confidence;metadata_review_required
IS 216: 1961,REVIEW_REQUIRED,low_confidence_metadata,material_standard,timber,COAL TAR PITCH,,roofing,steel,roofing,high,low,True,low_confidence_metadata,low_product_confidence;metadata_review_required
IS 2180: 1988,SAFE_FOR_TRAINING,grounded product/subject metadata supports supervised positive,product_standard,brick,HEAVY DUTY BURNT CLAY BUILDING BRICKS,,,clay,,high,high,False,,
IS 2185 (Part 1): 1979,SAFE_FOR_TRAINING,grounded product/subject metadata supports supervised positive,material_standard,block,CONCRETE MASONRY UNITS PART 1 HOLLOW AND SOLID CONCRETE BLOCKS,,,concrete,flooring,high,high,False,,
IS 2185 (Part 2): 1983,SAFE_FOR_TRAINING,grounded product/subject metadata supports supervised positive,product_standard,block,CONCRETE MASONRY UNITS PART 2 HOLLOW AND SOLID LIGHTWEIGHT CONCRETE BLOCKS,,,steel,,high,high,False,,
IS 2185 (Part 3): 1984,SAFE_FOR_TRAINING,grounded product/subject metadata supports supervised positive,material_standard,block,CONCRETE MASONRY UNITS PART 3 AUTOCLAVED CELLULAR (AERATED) CONCRETE BLOCKS,,,concrete,,high,high,False,,
IS 218: 1983,REVIEW_REQUIRED,source_grounded_fallback_requires_review,material_standard,use_as_wood_preservatives,CREOSOTE OIL FOR USE AS WOOD PRESERVATIVES,,,timber,,high,medium,True,source_grounded_fallback_requires_review,metadata_review_required
IS 2191 (Part 1): 1983,SAFE_FOR_TRAINING,grounded product/subject metadata supports supervised positive,material_standard,door,WOODEN FLUSH DOOR SHUTTERS,,,timber,flooring,high,high,False,,
IS 2191 (Part 2): 1983,SAFE_FOR_TRAINING,grounded product/subject metadata supports supervised positive,material_standard,door,WOODEN FLUSH DOOR SHUTTERS,,,timber,door and window construction,high,high,False,,
IS 2202 (Part 1): 1999,SAFE_FOR_TRAINING,grounded product/subject metadata supports supervised positive,material_standard,door,WOODEN FLUSH DOOR SHUTTERS,,,timber,flooring,high,high,False,,
IS 2202 (Part 2): 1983,SAFE_FOR_TRAINING,grounded product/subject metadata supports supervised positive,material_standard,door,WOODEN FLUSH DOOR SHUTTERS,,,timber,flooring,high,high,False,,
IS 2209: 1976,REVIEW_REQUIRED,low_confidence_metadata,product_standard,bolt,MORTICE LOCKS (VERTICAL TYPE),,,steel,,high,low,True,low_confidence_metadata,low_product_confidence;metadata_review_required
IS 2222: 1991,SAFE_FOR_TRAINING,grounded product/subject metadata supports supervised positive,product_standard,brick,BURNT CLAY PERFORATED BUILDING BRICKS,,,clay,,high,high,False,,
IS 2314: 1986,SAFE_FOR_TRAINING,grounded product/subject metadata supports supervised positive,material_standard,steel_sheet,STEEL SHEET PILLING SECTIONS,,,steel,,high,high,False,,
IS 2326: 1987,REVIEW_REQUIRED,low_confidence_metadata,material_standard,pipe,AUTOMATIC FLUSHING CISTERNS FOR URINALS,,,cast iron,,high,low,True,low_confidence_metadata,low_product_confidence;metadata_review_required
IS 2365: 1977,REVIEW_REQUIRED,source_grounded_fallback_requires_review,material_standard,ropes_lifts_elevators_hoists,"STEEL WIRE SUSPENSION ROPES FOR LIFTS, ELEVATORS AND HOISTS",,,steel,,high,medium,True,source_grounded_fallback_requires_review,metadata_review_required
IS 2372: 2004,SAFE_FOR_TRAINING,grounded product/subject metadata supports supervised positive,material_standard,timber,TIMBER FOR COOLING TOWERS,,,timber,,high,high,False,,
IS 2373: 1981,REVIEW_REQUIRED,low_confidence_metadata,product_standard,latch,WATER METERS (BULK TYPE),,,PVC,flooring,high,low,True,low_confidence_metadata,low_product_confidence;metadata_review_required
IS 2412: 1975,REVIEW_REQUIRED,low_confidence_metadata,product_standard,pipe_fitting,LINK CLIPS FOR ELECTRICAL WIRING,,,cast iron,,high,low,True,low_confidence_metadata,low_product_confidence;metadata_review_required
IS 2501: 1995,SAFE_FOR_TRAINING,grounded product/subject metadata supports supervised positive,product_standard,pipe,SOLID DRAWN COPPER TUBES FOR GENERAL ENGINEERING PURPOSES,,,,,high,high,False,,
IS 2508: 1984,REVIEW_REQUIRED,source_grounded_fallback_requires_review,material_standard,low_density_polythylene_films,LOW DENSITY POLYTHYLENE FILMS,,,,,high,medium,True,source_grounded_fallback_requires_review,metadata_review_required
IS 2525: 1982,REVIEW_REQUIRED,source_grounded_fallback_requires_review,other,aluminium_aluminium_alloys_wire,"DIMENSION FOR WROUGHT ALUMINIUM AND ALUMINIUM ALLOYS, WIRE",,,aluminium,,high,medium,True,source_grounded_fallback_requires_review,metadata_review_required
IS 2547 (Part 1): 1976,REVIEW_REQUIRED,low_confidence_metadata,product_standard,board,GYPSUM BUILDING PLASTERS PART 1 EXCLUDING PREMIXED LIGHTWEIGHT PLASTERS,,,concrete,,high,low,True,low_confidence_metadata,low_product_confidence;metadata_review_required
IS 2547 (Part 2): 1976,SAFE_FOR_TRAINING,grounded product/subject metadata supports supervised positive,product_standard,aggregate,GYPSUM BUILDING PLASTER PART 2 PREMIXED LIGHTWEIGHT PLASTERS,,,concrete,,high,high,False,,
IS 2548 (Part 1): 1996,REVIEW_REQUIRED,low_confidence_metadata,product_standard,bolt,"PLASTIC SEATS AND COVERS FOR WATER- CLOSETS, PART 1 THERMOSET SEATS AND COVERS",,,steel,,high,low,True,low_confidence_metadata,low_product_confidence;metadata_review_required
IS 2548 (Part 2): 1996,REVIEW_REQUIRED,low_confidence_metadata,product_standard,bolt,"PLASTIC SEATS AND COVERS FOR WATER-CLOSETS, PART 2 – THERMOPLASTIC SEATS AND COVERS",,,steel,,high,low,True,low_confidence_metadata,low_product_confidence;metadata_review_required
IS 2556 (Part 1): 1994,SEARCH_ONLY,non-product standard kept searchable but not used as procurement positive,test_method,,VITREOUS SANITARY APPLIANCES,,,,,high,medium,False,,
IS 2556 (Part 14): 1994,REVIEW_REQUIRED,low_confidence_metadata,product_standard,pipe_fitting,VITREOUS SANITARY APPLIANCES,,,,,high,low,True,low_confidence_metadata,low_product_confidence;metadata_review_required
IS 2556 (Part 2): 1994,REVIEW_REQUIRED,source_grounded_fallback_requires_review,product_standard,vitreous_sanitary_appliances,VITREOUS SANITARY APPLIANCES,,,,,high,medium,True,source_grounded_fallback_requires_review,metadata_review_required
IS 2556 (Part 4): 1994,REVIEW_REQUIRED,low_confidence_metadata,product_standard,bolt,VITREOUS SANITARY APLLIANCES,,,,flooring,high,low,True,low_confidence_metadata,low_product_confidence;metadata_review_required
IS 2556 (Part 9): 1994,REVIEW_REQUIRED,source_grounded_fallback_requires_review,product_standard,vitreous_sanitary_appliances,VITREOUS SANITARY APPLIANCES,,,,,high,medium,True,source_grounded_fallback_requires_review,metadata_review_required
IS 2585: 1968,REVIEW_REQUIRED,low_confidence_metadata,product_standard,nut,BLACK SQUARE BOLTS AND NUTS,,,,,high,low,True,low_confidence_metadata,low_product_confidence;metadata_review_required
IS 2645: 2003,REVIEW_REQUIRED,low_confidence_metadata,material_standard,cement,INTEGRAL CEMENT WATER-PROOFING COMPOUNDS,,waterproofing,concrete,waterproofing,high,low,True,low_confidence_metadata,low_product_confidence;metadata_review_required
IS 2676: 1981,REVIEW_REQUIRED,source_grounded_fallback_requires_review,other,aluminium_alloys_sheet_strip,"DIMENSIONS FOR WROUGHT ALUMINIUM AND ALUMINIUM ALLOYS, SHEET AND STRIP",,,aluminium,,high,medium,True,source_grounded_fallback_requires_review,metadata_review_required
IS 2677: 1979,REVIEW_REQUIRED,source_grounded_fallback_requires_review,other,plates_hot_rolled_sheets,DIMENSIONS FOR WROUGHT ALUMINIUM AND ALLOYS PLATES AND HOT-ROLLED SHEETS,,,aluminium,,high,medium,True,source_grounded_fallback_requires_review,metadata_review_required
IS 2678: 1987,SAFE_FOR_TRAINING,grounded product/subject metadata supports supervised positive,other,pipe,DIMENSIONS AND TOLERANCE FOR WROUGHT ALUMINIUM AND ALUMINIUM ALLOYS DRAWN ROUND TUBES,,,steel,,high,high,False,,
IS 2681: 1993,SAFE_FOR_TRAINING,grounded product/subject metadata supports supervised positive,other,door,NON-FERROUS METAL SLIDING DOOR BOLTS,,,aluminium,door and window construction,high,high,False,,
IS 2686: 1977,SAFE_FOR_TRAINING,grounded product/subject metadata supports supervised positive,product_standard,aggregate,CINDER AS FINE AGGREGATES FOR USE IN LIME CONCRETE,,,timber,,high,high,False,,
IS 2687: 1991,SAFE_FOR_TRAINING,grounded product/subject metadata supports supervised positive,material_standard,nut,CAP NUTS,,structural_fastening,steel,,high,high,False,,
IS 2690 (Part 1): 1993,SAFE_FOR_TRAINING,grounded product/subject metadata supports supervised positive,product_standard,tile,BURNT CLAY–FLAT TERRACING TILES PART 1 MACHINE-MADE,,,clay,,high,high,False,,
IS 2690 (Part 2): 1992,SAFE_FOR_TRAINING,grounded product/subject metadata supports supervised positive,product_standard,tile,BURNT CLAY FLAT TERRACING TILES PART 2 HAND – MADE,,,clay,,high,high,False,,
IS 2691: 1988,SAFE_FOR_TRAINING,grounded product/subject metadata supports supervised positive,other,brick,BURNT CLAY FACING BRICKS,,,clay,,high,high,False,,
IS 2692: 1989,SAFE_FOR_TRAINING,grounded product/subject metadata supports supervised positive,material_standard,screw,FERRULES FOR WATER SERVICES,,structural_fastening,rubber,water supply,high,high,False,,
IS 269: 1989,SAFE_FOR_TRAINING,grounded product/subject metadata supports supervised positive,material_standard,cement,ordinary portland 33 grade,ordinary_portland_33_grade,,,,high,high,False,,
IS 2721: 1979,SAFE_FOR_TRAINING,grounded product/subject metadata supports supervised positive,material_standard,pipe_fitting,GALVANIZED STEEL CHAIN LINK FENCE FABRIC,,,steel,,high,high,False,,
IS 277: 2003,SAFE_FOR_TRAINING,grounded product/subject metadata supports supervised positive,material_standard,steel_sheet,GALVANIZED STEEL SHEETS,,,steel,roofing,high,high,False,,
IS 278: 1978,REVIEW_REQUIRED,low_confidence_metadata,material_standard,coating,GALVANIZED STEEL BARBED WIRE FOR FENCING,,,steel,,high,low,True,low_confidence_metadata,low_product_confidence;metadata_review_required
IS 280: 1978,REVIEW_REQUIRED,low_confidence_metadata,material_standard,pipe_fitting,MILD STEEL WIRE FOR GENERAL ENGINEERING PURPOSES,,,steel,,high,low,True,low_confidence_metadata,low_product_confidence;metadata_review_required
IS 281: 1991,SAFE_FOR_TRAINING,grounded product/subject metadata supports supervised positive,material_standard,door,MILD STEEL SLIDING DOOR BOLTS FOR USE WITH PADLOCKS,,,steel,door and window construction,high,high,False,,
IS 2835: 1987,SAFE_FOR_TRAINING,grounded product/subject metadata supports supervised positive,product_standard,glass,FLAT TRANSPARENT SHEET GLASS,,,,flooring,high,high,False,,
IS 2849: 1983,SAFE_FOR_TRAINING,grounded product/subject metadata supports supervised positive,product_standard,block,NON-LOAD BEARING GYPSUM PARTITION BLOCKS (SOLID AND HOLLOW TYPES),,,concrete,,high,high,False,,
IS 2907: 1998,SAFE_FOR_TRAINING,grounded product/subject metadata supports supervised positive,product_standard,rivet,NON-FERROUS RIVETS (1.6 TO 10 mm),,,aluminium,,high,high,False,,
IS 2963: 1979,REVIEW_REQUIRED,low_confidence_metadata,material_standard,pipe_fitting,COPPER ALLOY WASTE FITTINGS FOR WASH-BASINS AND SINKS,,,,,high,low,True,low_confidence_metadata,low_product_confidence;metadata_review_required
IS 2998: 1982,SAFE_FOR_TRAINING,grounded product/subject metadata supports supervised positive,material_standard,rivet,COLD FORGED STEEL RIVETS FOR COLD CLOSING (1 TO 16 MM DIAMETER),,,steel,,high,high,False,,
IS 3004: 1979,SAFE_FOR_TRAINING,grounded product/subject metadata supports supervised positive,product_standard,plug_socket,PLUG COCKS FOR WATER SUPPLY PURPOSES,,,,water supply,high,high,False,,
IS 3006: 1979,REVIEW_REQUIRED,low_confidence_metadata,material_standard,pipe_fitting,bend,bend,,,,high,low,True,low_confidence_metadata,low_product_confidence;metadata_review_required
IS 3037: 1986,SAFE_FOR_TRAINING,grounded product/subject metadata supports supervised positive,material_standard,waterproofing_membrane,BITUMEN MASTIC FOR USE IN WATER—PROOFING OF ROOFS,,waterproofing,bitumen,waterproofing,high,high,False,,
IS 3063: 1994,REVIEW_REQUIRED,low_confidence_metadata,product_standard,washer,FASTENERS-SINGLE COIL RECTANGULAR SECTION SPRING LOCK WASHERS,,structural_fastening,steel,,high,low,True,low_confidence_metadata,low_product_confidence;metadata_review_required
IS 3068: 1986,REVIEW_REQUIRED,low_confidence_metadata,product_standard,brick,BROKEN BRICK (BURNT CLAY) COARSE AGGREGATE FOR USE IN LIME CONCRETE,,,clay,,high,low,True,low_confidence_metadata,low_product_confidence;metadata_review_required
IS 3076: 1985,SAFE_FOR_TRAINING,grounded product/subject metadata supports supervised positive,product_standard,pipe,LOW DENSITY POLYETHYLENE PIPES FOR POTABLE WATER SUPPLIES,,carry_potable_water,,potable water supply,high,high,False,,
IS 3087: 1985,SAFE_FOR_TRAINING,grounded product/subject metadata supports supervised positive,product_standard,board,WOOD PARTICLE BOARDS (MEDIUM DENSITY) FOR GENERAL PURPOSES,,,timber,,high,high,False,,
IS 3097: 1980,SAFE_FOR_TRAINING,grounded product/subject metadata supports supervised positive,material_standard,board,VENEERED PARTICLE BOARDS,,,timber,,high,high,False,,
IS 3115: 1992,SAFE_FOR_TRAINING,grounded product/subject metadata supports supervised positive,product_standard,block,LIME BASED BLOCKS,,,concrete,,high,high,False,,
IS 3117: 2004,REVIEW_REQUIRED,low_confidence_metadata,product_standard,cement,BITUMEN EMULSION FOR ROADS AND ALLIED APPLICATIONS (ANIONIC TYPE),,,bitumen,,high,low,True,low_confidence_metadata,low_product_confidence;metadata_review_required
IS 3121: 1981,SAFE_FOR_TRAINING,grounded product/subject metadata supports supervised positive,material_standard,screw,RIGGING SCREWS AND STRETCHING SCREWS,,,steel,,high,high,False,,
IS 3129: 1985,SAFE_FOR_TRAINING,grounded product/subject metadata supports supervised positive,other,board,LOW DENSITY PARTICLE BOARDS,,,timber,,high,high,False,,
IS 3182: 1986,REVIEW_REQUIRED,low_confidence_metadata,product_standard,brick,BROKEN BRICK (BURNT CLAY) FINE AGGREGATE FOR USE IN LIME MORTAR,,,clay,,high,low,True,low_confidence_metadata,low_product_confidence;metadata_review_required
IS 3308: 1981,REVIEW_REQUIRED,low_confidence_metadata,product_standard,thermal_insulation,WOOD WOOL BUILDING SLABS,,,timber,roofing,high,low,True,low_confidence_metadata,low_product_confidence;metadata_review_required
IS 3311: 1979,REVIEW_REQUIRED,low_confidence_metadata,material_standard,plug_socket,WASTE PLUG AND ITS ACCESSORIES FOR SINKS AND WASH-BASINS,,,rubber,,high,low,True,low_confidence_metadata,low_product_confidence;metadata_review_required
IS 3316: 1974,SAFE_FOR_TRAINING,grounded product/subject metadata supports supervised positive,product_standard,stone,STRUCTURAL GRANITE,,,,,high,high,False,,
IS 3337: 1978,REVIEW_REQUIRED,low_confidence_metadata,product_standard,timber,BALLIES FOR GENERAL PURPOSES,,,timber,,high,low,True,low_confidence_metadata,low_product_confidence;metadata_review_required
IS 3348: 1965,SAFE_FOR_TRAINING,grounded product/subject metadata supports supervised positive,product_standard,board,"FIBRE INSULATION BOARD 2. Dimensions and Tolerances: a) Bitumen – Bonded fibre insulating board,and b) Flame – Retardant treated fibre insulating board",,thermal_insulation,timber,thermal insulation,high,high,False,,
IS 3367: 1993,SAFE_FOR_TRAINING,grounded product/subject metadata supports supervised positive,product_standard,tile,BURNT CLAY TILES FOR USE IN LINING IRRIGATION AND DRAINAGE WORKS,,carry_sewage,clay,sewerage,high,high,False,,
IS 3384: 1986,SAFE_FOR_TRAINING,grounded product/subject metadata supports supervised positive,product_standard,waterproofing_membrane,BITUMEN PRIMER FOR USE IN WATER–PROOFING AND DAMP–PROOFING,,waterproofing,bitumen,waterproofing,high,high,False,,
IS 3419: 1989,SEARCH_ONLY,non-product standard kept searchable but not used as procurement positive,test_method,,FITTINGS FOR RIGID NON-METALLIC CONDUITS,tee,thermal_insulation,,thermal insulation,high,high,False,,
IS 3438: 1994,SAFE_FOR_TRAINING,grounded product/subject metadata supports supervised positive,product_standard,glass,SILVERED GLASS MIRRORS FOR GENERAL PURPOSES,,,,,high,high,False,,
IS 3443: 1980,REVIEW_REQUIRED,source_grounded_fallback_requires_review,product_standard,crane_rail_section,CRANE RAIL SECTION,,,steel,,high,medium,True,source_grounded_fallback_requires_review,metadata_review_required
IS 3461: 1980,SAFE_FOR_TRAINING,grounded product/subject metadata supports supervised positive,product_standard,tile,PVC ASBESTOS FLOOR TILES,,,PVC,flooring,high,high,False,,
IS 3462: 1986,REVIEW_REQUIRED,low_confidence_metadata,product_standard,tile,UNBACKED FLEXIBLE PVC FLOORING,,flooring,PVC,flooring,high,low,True,low_confidence_metadata,low_product_confidence;metadata_review_required
IS 3466: 1988,SAFE_FOR_TRAINING,grounded product/subject metadata supports supervised positive,material_standard,cement,MASONRY CEMENT,,flooring,concrete,flooring,high,high,False,,
IS 3468: 1991,REVIEW_REQUIRED,low_confidence_metadata,product_standard,nut,PIPE NUTS,,,steel,,high,low,True,low_confidence_metadata,low_product_confidence;metadata_review_required
IS 3478: 1966,SEARCH_ONLY,non-product standard kept searchable but not used as procurement positive,test_method,,"HIGH DENSITY WOOD PARTICLE BOARDS Note —For test procedures, refer to various parts of IS 2380 : 1997 Methods of test for wood particle boards and boards from other lignocellulosic materials ( first revision ) and 9.3 of the standard",,,timber,,high,high,False,,
IS 3480: 1966,SEARCH_ONLY,non-product standard kept searchable but not used as procurement positive,installation,,FLEXIBLE STEEL CONDUITS FOR ELECTRICAL WIRING TABLE 1 REQUIREMENTS FOR FLEXIBLE STEEL CONDUCTS NOMINAL INTERNAL,,,steel,,high,medium,False,,
IS 3489: 1985,REVIEW_REQUIRED,low_confidence_metadata,material_standard,steel_sheet,ENAMELLED STEEL BATH TUBS,,,steel,flooring,high,low,True,low_confidence_metadata,low_product_confidence;metadata_review_required
IS 3502: 1994,REVIEW_REQUIRED,low_confidence_metadata,material_standard,pipe,STEEL CHEQUERED PLATES,,,steel,,high,low,True,low_confidence_metadata,low_product_confidence;metadata_review_required
IS 3564: 1995,SAFE_FOR_TRAINING,grounded product/subject metadata supports supervised positive,product_standard,door,HYDRAULICALLY REGULATED DOOR CLOSER,,,cast iron,door and window construction,high,high,False,,
IS 3583: 1988,SAFE_FOR_TRAINING,grounded product/subject metadata supports supervised positive,product_standard,brick,BURNT CLAY PAVING BRICKS,,,clay,,high,high,False,,
IS 3589: 2001,SAFE_FOR_TRAINING,grounded product/subject metadata supports supervised positive,material_standard,pipe,"SEAMLESS OR ELECTRICALLY WELDED STEEL PIPES FOR WATER, GAS AND SEWAGE",,carry_sewage,steel,sewerage,high,high,False,,
IS 3620: 1979,REVIEW_REQUIRED,low_confidence_metadata,product_standard,block,LATERITE STONE BLOCK FOR MASONRY,,,,,high,low,True,low_confidence_metadata,low_product_confidence;metadata_review_required
IS 3622: 1977,SAFE_FOR_TRAINING,grounded product/subject metadata supports supervised positive,product_standard,tile,SANDSTONE (SLABS AND TILES),,roofing,,roofing,high,high,False,,
IS 3629: 1986,SAFE_FOR_TRAINING,grounded product/subject metadata supports supervised positive,material_standard,timber,STRUCTURAL TIMBER IN BUILDINGS,,,timber,,high,high,False,,
IS 362: 1991,SAFE_FOR_TRAINING,grounded product/subject metadata supports supervised positive,material_standard,hinge,PARLIAMENT HINGES,,,steel,,high,high,False,,
IS 363: 1993,REVIEW_REQUIRED,source_grounded_fallback_requires_review,material_standard,hasps_staples,HASPS AND STAPLES,,,steel,,high,medium,True,source_grounded_fallback_requires_review,metadata_review_required
IS 364: 1993,REVIEW_REQUIRED,low_confidence_metadata,material_standard,window,FAN LIGHT CATCH,,,steel,,high,low,True,low_confidence_metadata,low_product_confidence;metadata_review_required
IS 3677: 1985,SAFE_FOR_TRAINING,grounded product/subject metadata supports supervised positive,product_standard,thermal_insulation,UNBONDED ROCK AND SLAG WOOL FOR THERMAL INSULATION,,thermal_insulation,aluminium,thermal insulation,high,high,False,,
IS 3709: 1966,SAFE_FOR_TRAINING,grounded product/subject metadata supports supervised positive,material_standard,window,MASTIC CEMENT FOR BEDDING OF METAL WINDOW 1. Scope – Requirements and methods of sampling and test for mastic cement for bedding of metal windows,,,steel,thermal insulation,high,high,False,,
IS 3731: 1985,REVIEW_REQUIRED,low_confidence_metadata,product_standard,timber,TEAK SQUARES,,,timber,,high,low,True,low_confidence_metadata,low_product_confidence;metadata_review_required
IS 3757: 1985,SAFE_FOR_TRAINING,grounded product/subject metadata supports supervised positive,material_standard,bolt,HIGH STRENGTH STRUCTURAL BOLTS,,,steel,,high,high,False,,
IS 3818: 1992,SAFE_FOR_TRAINING,grounded product/subject metadata supports supervised positive,product_standard,hinge,CONTINUOUS (PIANO) HINGES,,,steel,,high,high,False,,
IS 3828: 1966,SAFE_FOR_TRAINING,grounded product/subject metadata supports supervised positive,product_standard,window,VENTILATOR CHAINS,,,steel,door and window construction,high,high,False,,
IS 3837: 1976,REVIEW_REQUIRED,low_confidence_metadata,material_standard,plug_socket,ACCESSORIES FOR RIGID STEEL CONDUITS FOR ELECTRICAL WIRING,,,steel,thermal insulation,high,low,True,low_confidence_metadata,low_product_confidence;metadata_review_required
IS 383: 1970,SAFE_FOR_TRAINING,grounded product/subject metadata supports supervised positive,product_standard,aggregate,COARSE AND FINE AGGREGATES FROM NATURAL SOURCES FOR CONCRETE,,,concrete,,high,high,False,,
IS 3843: 1995,SAFE_FOR_TRAINING,grounded product/subject metadata supports supervised positive,material_standard,hinge,STEEL BACK FLAP HINGES,,,steel,,high,high,False,,
IS 3847: 1992,SAFE_FOR_TRAINING,grounded product/subject metadata supports supervised positive,product_standard,latch,MORTICE NIGHT LATCHES,,,steel,door and window construction,high,high,False,,
IS 3854: 1997,SEARCH_ONLY,non-product standard kept searchable but not used as procurement positive,installation,,SWITCHES FOR DOMESTIC AND SIMILAR PURPOSES,,,,,high,medium,False,,
IS 3908: 1986,REVIEW_REQUIRED,low_confidence_metadata,material_standard,rod,ALUMINIUM EQUAL LEG ANGLES,,,aluminium,,high,low,True,low_confidence_metadata,low_product_confidence;metadata_review_required
IS 3909: 1986,REVIEW_REQUIRED,low_confidence_metadata,material_standard,rod,ALUMINIUM UNEQUAL LEG ANGLES,,,aluminium,,high,low,True,low_confidence_metadata,low_product_confidence;metadata_review_required
IS 3921: 1985,SAFE_FOR_TRAINING,grounded product/subject metadata supports supervised positive,material_standard,channel,ALUMINIUM CHANNELS,,,aluminium,,high,high,False,,
IS 3951 (Part 1): 1975,REVIEW_REQUIRED,low_confidence_metadata,product_standard,tile,HOLLOW CLAY TILES FOR FLOORS AND ROOFS PART 1 FILLER TYPE,,,clay,,high,low,True,low_confidence_metadata,low_product_confidence;metadata_review_required
IS 3951 (Part 2): 1975,SAFE_FOR_TRAINING,grounded product/subject metadata supports supervised positive,product_standard,tile,HOLLOW CLAY TILES FOR FLOORS AND ROOFS PART 2 STRUCTURAL TYPE,,,clay,roofing,high,high,False,,
IS 3952: 1988,SAFE_FOR_TRAINING,grounded product/subject metadata supports supervised positive,product_standard,brick,BURNT CLAY HOLLOW BRICKS FOR WALLS AND PARTITIONS,,,clay,,high,high,False,,
IS 3954: 1991,SAFE_FOR_TRAINING,grounded product/subject metadata supports supervised positive,material_standard,channel,HOT ROLLED CHANNEL SECTIONS FOR GENERAL ENGINEERING PURPOSES – DIMENSIONS,,,steel,,high,high,False,,
IS 3964: 1980,REVIEW_REQUIRED,source_grounded_fallback_requires_review,product_standard,light_rails,LIGHT RAILS,,,steel,,high,medium,True,source_grounded_fallback_requires_review,metadata_review_required
IS 3989: 1984,SAFE_FOR_TRAINING,grounded product/subject metadata supports supervised positive,product_standard,pipe_fitting,socket,socket,,cast iron,flooring,high,high,False,,
IS 399: 1963,SAFE_FOR_TRAINING,grounded product/subject metadata supports supervised positive,material_standard,timber,CLASSIFICATION OF COMMERCIAL TIMBERS AND THEIR ZONAL DISTRIBUTION,,,timber,,high,high,False,,
IS 4021: 1995,SAFE_FOR_TRAINING,grounded product/subject metadata supports supervised positive,material_standard,window,"TIMBER DOOR, WINDOW AND VENTILATOR FRAMES",,,timber,door and window construction,high,high,False,,
IS 404 (Part 1): 1993,SAFE_FOR_TRAINING,grounded product/subject metadata supports supervised positive,product_standard,pipe,LEAD PIPES – FOR OTHER THAN CHEMICAL PURPOSES,,carry_potable_water,,potable water supply,high,high,False,,
IS 407: 1981,SAFE_FOR_TRAINING,grounded product/subject metadata supports supervised positive,other,pipe,BRASS TUBES FORGENERAL PURPOSES,,,,,high,high,False,,
IS 4098: 1983,SAFE_FOR_TRAINING,grounded product/subject metadata supports supervised positive,product_standard,cement,LIME POZZOLANA MIXTURE,,,HDPE,,high,high,False,,
IS 412: 1975,SAFE_FOR_TRAINING,grounded product/subject metadata supports supervised positive,material_standard,steel_sheet,EXPANDED METAL STEEL SHEETS FOR GENERAL PURPOSES,,,steel,,high,high,False,,
IS 4139: 1989,SAFE_FOR_TRAINING,grounded product/subject metadata supports supervised positive,product_standard,brick,CALCIUM SILICATE BRICKS,,,clay,,high,high,False,,
IS 4160: 1967,SAFE_FOR_TRAINING,grounded product/subject metadata supports supervised positive,product_standard,plug_socket,INTERLOCKING SWITCH SOCKET OUTLET,,,steel,thermal insulation,high,high,False,,
IS 419: 1967,SEARCH_ONLY,non-product standard kept searchable but not used as procurement positive,installation,,"PUTTY, FOR USE ON WINDOW FRAMES",,,timber,door and window construction,high,high,False,,
IS 423: 1961,SEARCH_ONLY,non-product standard kept searchable but not used as procurement positive,test_method,,PLASTIC WOOD FOR JOINERS FILLER,,,timber,,high,high,False,,
IS 4270: 2001,SAFE_FOR_TRAINING,grounded product/subject metadata supports supervised positive,material_standard,pipe,STEEL TUBES USED FOR WATER WELLS,,,steel,,high,high,False,,
IS 432 (Part 1): 1982,REVIEW_REQUIRED,low_confidence_metadata,material_standard,pipe_fitting,MILD STEEL AND MEDIUM TENSILE STEEL BARS AND HARD-DRAWN STEEL WIRE FOR CONCRETE REINFORCEMENT PART 1 MILD STEEL AND MEDIUM TENSILE STEEL BARS,,,steel,,high,low,True,low_confidence_metadata,low_product_confidence;metadata_review_required
IS 432 (Part II): 1982,REVIEW_REQUIRED,low_confidence_metadata,material_standard,pipe_fitting,MILD STEEL AND MEDIUM TENSILE STEEL BARS AND HARD-DRAWN STEEL WIRE FOR CONCRETE REINFORCEMENT PART 2 HARD-DRAWN STEEL WIRE,,,steel,,high,low,True,low_confidence_metadata,low_product_confidence;metadata_review_required
IS 4346: 1982,SAFE_FOR_TRAINING,grounded product/subject metadata supports supervised positive,product_standard,washer,WASHERS FOR USE WITH FITTINGS FOR WATER SERVICES,,,rubber,potable water supply,high,high,False,,
IS 4350: 1967,SAFE_FOR_TRAINING,grounded product/subject metadata supports supervised positive,product_standard,pipe,CONCRETE POROUS PIPES FOR UNDER DRAINAGE 2.4.1 Deviation from straightness — Not to exceed 3 mm per metre run,,,concrete,sewerage,high,high,False,,
IS 4351: 2003,SAFE_FOR_TRAINING,grounded product/subject metadata supports supervised positive,material_standard,door,steel door,steel_door,,steel,flooring,high,high,False,,
IS 4457: 1982,SAFE_FOR_TRAINING,grounded product/subject metadata supports supervised positive,product_standard,tile,CERAMIC UNGLAZED VITREOUS ACID RESISTING TILES,,,,,high,high,False,,
IS 452: 1973,SAFE_FOR_TRAINING,grounded product/subject metadata supports supervised positive,material_standard,door,DOOR SPRING RAT- TAIL TYPE,,,steel,door and window construction,high,high,False,,
IS 453: 1993,SAFE_FOR_TRAINING,grounded product/subject metadata supports supervised positive,material_standard,hinge,DOUBLE-ACTING SPRING HINGES,,,steel,door and window construction,high,high,False,,
IS 454: 1994,REVIEW_REQUIRED,source_grounded_fallback_requires_review,product_standard,bitumen_from_waxy_crude,CUTBACK BITUMEN FROM WAXY CRUDE,,,bitumen,,high,medium,True,source_grounded_fallback_requires_review,metadata_review_required
IS 455: 1989,SAFE_FOR_TRAINING,grounded product/subject metadata supports supervised positive,material_standard,cement,PORTLAND SLAG CEMENT,,,concrete,,high,high,False,,
IS 458: 2003,SAFE_FOR_TRAINING,grounded product/subject metadata supports supervised positive,material_standard,pipe,PRECAST CONCRETE PIPES (WITH AND WITHOUT REINFORCEMENT) – SPECIFICATION,,,rubber,,high,high,False,,
IS 459: 1992,SAFE_FOR_TRAINING,grounded product/subject metadata supports supervised positive,material_standard,cement,CORRUGATED AND SEMI-CORRUGATED ASBESTOS CEMENT SHEETS,,,,,high,high,False,,
IS 4615: 1968,REVIEW_REQUIRED,low_confidence_metadata,product_standard,plug_socket,SWITCH SOCKET-OUTLETS,,,steel,thermal insulation,high,low,True,low_confidence_metadata,low_product_confidence;metadata_review_required
IS 4621: 1975,SAFE_FOR_TRAINING,grounded product/subject metadata supports supervised positive,product_standard,bolt,INDICATING BOLT FOR USE IN PUBLIC BATHS AND LAVATORIES,,structural_fastening,aluminium,,high,high,False,,
IS 4649: 1968,SEARCH_ONLY,non-product standard kept searchable but not used as procurement positive,installation,,ADAPTORS FOR FLEXIBLE STEEL CONDUITS,,,steel,,high,high,False,,
IS 4671: 1984,SAFE_FOR_TRAINING,grounded product/subject metadata supports supervised positive,product_standard,thermal_insulation,EXPANDED POLYSTYRENE FOR THERMAL INSULATION PURPOSES,,thermal_insulation,,thermal insulation,high,high,False,,
IS 4762: 1984,REVIEW_REQUIRED,low_confidence_metadata,product_standard,pipe_fitting,WORM DRIVE CLAMPS FOR GENERAL PURPOSE,,,,,high,low,True,low_confidence_metadata,low_product_confidence;metadata_review_required
IS 4832 (Part 1): 1969,REVIEW_REQUIRED,low_confidence_metadata,test_method,,"CHEMICAL RESISTANT MORTARS PART I – SILICATE TYPE Note 1— For method of tests, refer to IS 4456 (Part 1) : 1967 Methods of test for chemical resistant mortar: Part I Silicate type and resin type Note 2— For general guide for chemical resist",portland_pozzolana_fly_ash,,,,high,low,True,low_confidence_metadata,low_product_confidence;metadata_review_required
IS 4832 (Part 2): 1969,REVIEW_REQUIRED,low_confidence_metadata,product_standard,tile,CHEMICAL RESISTANT MORTARS PART 2 RESIN TYPE TABLE 1 PHYSICAL REQUIREMENTS OF RESIN TYPE CHEMICAL RESISTANT MORTARS Sl No,,,,,high,low,True,low_confidence_metadata,low_product_confidence;metadata_review_required
IS 4832 (Part 3): 1968,REVIEW_REQUIRED,low_confidence_metadata,product_standard,tile,CHEMICAL RESISTANT MORTARS PART 3 – SULPHUR TYPE TABLE 1 PHYSICAL REQUIRE- MENTS OF SULPHUR TYPE CHEMI- CAL,,,,,high,low,True,low_confidence_metadata,low_product_confidence;metadata_review_required
IS 4860: 1968,SAFE_FOR_TRAINING,grounded product/subject metadata supports supervised positive,product_standard,brick,ACID – RESISTANT BRICKS,,flooring,clay,flooring,high,high,False,,
IS 4885: 1988,SAFE_FOR_TRAINING,grounded product/subject metadata supports supervised positive,other,brick,SEWER BRICKS,,carry_sewage,clay,sewerage,high,high,False,,
IS 4891: 1988,SAFE_FOR_TRAINING,grounded product/subject metadata supports supervised positive,material_standard,timber,PREFERRED CUT SIZES OF STRUCTURAL TIMBER,,,timber,roofing,high,high,False,,
IS 4895: 1985,REVIEW_REQUIRED,low_confidence_metadata,product_standard,timber,TEAK LOGS,,,timber,,high,low,True,low_confidence_metadata,low_product_confidence;metadata_review_required
IS 4923: 1997,SAFE_FOR_TRAINING,grounded product/subject metadata supports supervised positive,material_standard,steel_section,HOLLOW STEEL SECTIONS FOR STRUCTURAL USE,,,steel,,high,high,False,,
IS 4948: 2002,SAFE_FOR_TRAINING,grounded product/subject metadata supports supervised positive,material_standard,wire_fabric,WELDED STEEL WIRE FABRIC FOR GENERAL USE,,,steel,door and window construction,high,high,False,,
IS 4962: 1968,SAFE_FOR_TRAINING,grounded product/subject metadata supports supervised positive,material_standard,door,WOODEN SIDE SLIDING DOORS,,,cast iron,door and window construction,high,high,False,,
IS 4972: 1968,SAFE_FOR_TRAINING,grounded product/subject metadata supports supervised positive,product_standard,electrode,RESISTANCE SPOT – WELDING ELECTRODES,,,aluminium,,high,high,False,,
IS 4984: 1995,SAFE_FOR_TRAINING,grounded product/subject metadata supports supervised positive,material_standard,pipe,HIGH DENSITY POLYETHYLENE PIPES FOR WATER SUPPLY,,,HDPE,water supply,high,high,False,,
IS 4985: 2000,SAFE_FOR_TRAINING,grounded product/subject metadata supports supervised positive,product_standard,pipe,UNPLASTICIZED PVC PIPES FOR POTABLE WATER SUPPLIES,,carry_potable_water,PVC,potable water supply,high,high,False,,
IS 4990: 1993,SAFE_FOR_TRAINING,grounded product/subject metadata supports supervised positive,product_standard,board,plywood,plywood,,timber,,high,high,False,,
IS 4992: 1975,SAFE_FOR_TRAINING,grounded product/subject metadata supports supervised positive,product_standard,door,DOOR HANDLES FOR MORTICE LOCKS,,,steel,door and window construction,high,high,False,,
IS 4996: 1984,REVIEW_REQUIRED,source_grounded_fallback_requires_review,product_standard,reinforced_concrete_fence_posts,REINFORCED CONCRETE FENCE POSTS,,,concrete,,high,medium,True,source_grounded_fallback_requires_review,metadata_review_required
IS 513: 1994,SAFE_FOR_TRAINING,grounded product/subject metadata supports supervised positive,material_standard,steel_sheet,COLD ROLLED LOW CARBON STEEL SHEETS AND STRIPS,,,steel,,high,high,False,,
IS 5187: 1972,SAFE_FOR_TRAINING,grounded product/subject metadata supports supervised positive,product_standard,bolt,FLUSH BOLTS,,,steel,,high,high,False,,
IS 5219: 1969,REVIEW_REQUIRED,low_confidence_metadata,product_standard,sink,CAST COPPER ALLOYS TRAPS PART 1 P AND S TRAPS,,,,,high,low,True,low_confidence_metadata,low_product_confidence;metadata_review_required
IS 5246: 2000,SAFE_FOR_TRAINING,grounded product/subject metadata supports supervised positive,material_standard,timber,CONIFEROUS LOGS,,,timber,,high,high,False,,
IS 5312 (Part 1): 2004,REVIEW_REQUIRED,low_confidence_metadata,product_standard,valve,SWING CHECK TYPE REFLUX,,prevent_reverse_flow,cast iron,water supply,high,low,True,low_confidence_metadata,low_product_confidence;metadata_review_required
IS 5312 (Part 2): 1986,REVIEW_REQUIRED,low_confidence_metadata,product_standard,door,SWING CHECK TYPE REFLUX,,prevent_reverse_flow,cast iron,water supply,high,low,True,low_confidence_metadata,low_product_confidence;metadata_review_required
IS 5317: 2002,REVIEW_REQUIRED,low_confidence_metadata,material_standard,aggregate,BITUMEN MASTIC FOR BRIDGE DECKING AND ROADS,,,bitumen,,high,low,True,low_confidence_metadata,low_product_confidence;metadata_review_required
IS 5369: 1975,SAFE_FOR_TRAINING,grounded product/subject metadata supports supervised positive,product_standard,washer,GENERAL REQUIREMENTS FOR PLAIN WASHERS AND LOCK WASHERS,,,,,high,high,False,,
IS 5372: 1975,REVIEW_REQUIRED,low_confidence_metadata,product_standard,washer,TAPER WASHERS FOR CHANNELS (ISMC),,,,,high,low,True,low_confidence_metadata,low_product_confidence;metadata_review_required
IS 5373: 1969,REVIEW_REQUIRED,low_confidence_metadata,product_standard,bolt,SQUARE WASHERS FOR WOOD FASTENINGS 1. Scope – Requirements for square washers intended for use in wood fastenings with bolts in diameter range 10 to 52 mm,,,timber,,high,low,True,low_confidence_metadata,low_product_confidence;metadata_review_required
IS 5374: 1975,SAFE_FOR_TRAINING,grounded product/subject metadata supports supervised positive,product_standard,washer,TAPER WASHERS FOR I-BEAMS (ISMB),,,,,high,high,False,,
IS 5382: 1985,REVIEW_REQUIRED,low_confidence_metadata,material_standard,pipe,"RUBBER SEALIG RINGS FOR GAS MAINS, WATER MAINS AND SEWERS",,,steel,water supply,high,low,True,low_confidence_metadata,low_product_confidence;metadata_review_required
IS 5384: 1985,REVIEW_REQUIRED,low_confidence_metadata,material_standard,rod,ALUMINIUM I–BEAM,,,aluminium,,high,low,True,low_confidence_metadata,low_product_confidence;metadata_review_required
IS 5437: 1994,SAFE_FOR_TRAINING,grounded product/subject metadata supports supervised positive,product_standard,glass,"FIGURED, ROLLED AND WIRED GLASS",,,steel,door and window construction,high,high,False,,
IS 5455: 1969,REVIEW_REQUIRED,low_confidence_metadata,product_standard,nut,CAST IRON STEPS FOR MANHOLES,,,cast iron,,high,low,True,low_confidence_metadata,low_product_confidence;metadata_review_required
IS 5504: 1997,SAFE_FOR_TRAINING,grounded product/subject metadata supports supervised positive,material_standard,pipe,SPIRAL WELDED PIPES,,,steel,,high,high,False,,
IS 5509: 2000,SAFE_FOR_TRAINING,grounded product/subject metadata supports supervised positive,product_standard,board,plywood,plywood,,timber,,high,high,False,,
IS 5511: 1991,SAFE_FOR_TRAINING,grounded product/subject metadata supports supervised positive,product_standard,electrode,COVERED ELECTRODES FOR MANUAL METAL ARC WELDING OF CAST IRON,,,cast iron,,high,high,False,,
IS 5531: 1988,REVIEW_REQUIRED,low_confidence_metadata,material_standard,pipe,"CAST IRON SPECIALS FOR ASBESTOS CEMENT PRESSURE PIPES FOR WATER, GAS AND SEWAGE",,carry_sewage,cast iron,sewerage,high,low,True,low_confidence_metadata,low_product_confidence;metadata_review_required
IS 5539: 1969,SAFE_FOR_TRAINING,grounded product/subject metadata supports supervised positive,other,board,plywood,plywood,,timber,roofing,high,high,False,,
IS 5624: 1993,SAFE_FOR_TRAINING,grounded product/subject metadata supports supervised positive,product_standard,bolt,FOUNDATION BOLTS,,,steel,,high,high,False,,
IS 5751: 1984,SAFE_FOR_TRAINING,grounded product/subject metadata supports supervised positive,material_standard,block,PRECAST CONCRETE COPING BLOCKS,,,concrete,,high,high,False,,
IS 5758: 1984,SAFE_FOR_TRAINING,grounded product/subject metadata supports supervised positive,product_standard,channel,PRECAST CONCRETE KERBS,,,concrete,,high,high,False,,
IS 5779: 1986,SAFE_FOR_TRAINING,grounded product/subject metadata supports supervised positive,product_standard,brick,BURNT CLAY SOLING BRICKS,,,clay,,high,high,False,,
IS 5820: 1970,REVIEW_REQUIRED,source_grounded_fallback_requires_review,product_standard,w_length_width_t,"PRECAST CONCRETE CABLE COVERS Note 1 — L,W= Length, Width. T",,,concrete,,high,medium,True,source_grounded_fallback_requires_review,metadata_review_required
IS 5871: 1987,REVIEW_REQUIRED,low_confidence_metadata,material_standard,aggregate,BITUMEN MASTIC FOR TANKING AND DAMP–PROOFING,,,bitumen,,high,low,True,low_confidence_metadata,low_product_confidence;metadata_review_required
IS 5897: 1985,SAFE_FOR_TRAINING,grounded product/subject metadata supports supervised positive,product_standard,rod,ALUMINIUM AND ALUMINIUM ALLOY WELDING RODS AND WIRES AND MAGNESIUM ALLOY WELDING RODS,,,aluminium,,high,high,False,,
IS 5898: 1970,SAFE_FOR_TRAINING,grounded product/subject metadata supports supervised positive,product_standard,rod,COPPER AND COPPER ALLOY BARE SOLID WELDING RODS AND ELECTRODES,,,steel,,high,high,False,,
IS 5899: 1970,SAFE_FOR_TRAINING,grounded product/subject metadata supports supervised positive,material_standard,latch,"BATH ROOM LATCHES 1. Scope – Requirements for material, size and finish of bathroom latches. 2",,,cast iron,,high,high,False,,
IS 5930: 1970,SAFE_FOR_TRAINING,grounded product/subject metadata supports supervised positive,product_standard,latch,MORTICE LATCH,,,steel,door and window construction,high,high,False,,
IS 5961: 1970,REVIEW_REQUIRED,low_confidence_metadata,product_standard,coating,CAST IRON GRATING FOR DRAINAGE PURPOSES the frame ± 2 mm. Note — For detailed dimensions see Fig. 1 of the standard,,,cast iron,sewerage,high,low,True,low_confidence_metadata,low_product_confidence;metadata_review_required
IS 6003: 1983,REVIEW_REQUIRED,low_confidence_metadata,product_standard,pipe_fitting,INDENTED WIRE FOR PRESTRESSED CONCRETE,,,steel,,high,low,True,low_confidence_metadata,low_product_confidence;metadata_review_required
IS 6006: 1983,REVIEW_REQUIRED,source_grounded_fallback_requires_review,material_standard,relieved_strand_prestressed_concrete,UNCOATED STRESS RELIEVED STRAND FOR PRESTRESSED CONCRETE,,,steel,,high,medium,True,source_grounded_fallback_requires_review,metadata_review_required
IS 6056: 1970,SAFE_FOR_TRAINING,grounded product/subject metadata supports supervised positive,material_standard,timber,JOINTED WOOD POLES FOR OVERHEAD POWER TELECOMMUNICATION LINES TABLE 1 DIMENSION OF THE JOINTED WOOD POLES Overall Groundline,,,timber,,high,high,False,,
IS 6072: 1971,REVIEW_REQUIRED,low_confidence_metadata,product_standard,cement,"AUTOCLAVED REINFORCED CELLULAR CONCRETE WALL SLABS 5.2Tolerances — For 500 mm and below, ± 2 mm over 500 mm, ± 5 mm. Note — For form tolerances for wall slabs, refer to Table 1 of",,,aluminium,,high,low,True,low_confidence_metadata,low_product_confidence;metadata_review_required
IS 6073: 1971,REVIEW_REQUIRED,low_confidence_metadata,product_standard,cement,"AUTOCLAVED REINFORCED CELLULAR CONCRETE FLOOR AND ROOF SLABS 5.2Tolerances — For 500 mm and below, ± 2 mm over 500 mm, ± 5 mm. Note — For form tolerances for wall slabs, refer to",,,aluminium,roofing,high,low,True,low_confidence_metadata,low_product_confidence;metadata_review_required
IS 6113: 1970,SAFE_FOR_TRAINING,grounded product/subject metadata supports supervised positive,material_standard,bolt,"ALUMINIUM FASTENERS FOR BUILDING PURPOSES 4. Designation — As an example, seam bolt size M8, length 20 mm and material HG 19 shall be designated as",,roofing,aluminium,roofing,high,high,False,,
IS 6163: 1978,SAFE_FOR_TRAINING,grounded product/subject metadata supports supervised positive,product_standard,pipe,"CENTRIFUGALLY CAST (SPUN) IRON LOW PRESSURE PIPES FOR WATER, GAS AND SEWAGE",,carry_sewage,cast iron,potable water supply,high,high,False,,
IS 6165: 1992,SAFE_FOR_TRAINING,grounded product/subject metadata supports supervised positive,product_standard,brick,DIMENSIONS FOR SPECIAL SHAPES OF CLAY BRICKS,,,clay,,high,high,False,,
IS 6198: 1992,SAFE_FOR_TRAINING,grounded product/subject metadata supports supervised positive,material_standard,door,"LEDGED, BRACED AND BATTENED TIMBER DOOR SHUTTERS",,,timber,door and window construction,high,high,False,,
IS 6248: 1979,SAFE_FOR_TRAINING,grounded product/subject metadata supports supervised positive,product_standard,door,METAL ROLLING SHUTTERS AND ROLLING GRILLS,,,steel,,high,high,False,,
IS 6250: 1981,SEARCH_ONLY,non-product standard kept searchable but not used as procurement positive,installation,,ROOFING SLATE TILES,,roofing,,roofing,high,high,False,,
IS 6286: 1971,SAFE_FOR_TRAINING,grounded product/subject metadata supports supervised positive,material_standard,pipe,SEAMLESS AND WELDED STEEL PIPE FOR SUB-ZERO TEMPERATURE SERVICE,,,steel,,high,high,False,,
IS 6307: 1985,REVIEW_REQUIRED,source_grounded_fallback_requires_review,product_standard,rigid_pvc_sheets,RIGID PVC SHEETS,,,PVC,,high,medium,True,source_grounded_fallback_requires_review,metadata_review_required
IS 6315: 1992,SAFE_FOR_TRAINING,grounded product/subject metadata supports supervised positive,other,door,FLOOR SPRINGS (HYDRAULICALLY REGULATED) FOR HEAVY DOORS,,,cast iron,flooring,high,high,False,,
IS 6318: 1971,SAFE_FOR_TRAINING,grounded product/subject metadata supports supervised positive,product_standard,fastener,PLASTIC WINDOW STAYS AND FASTENERS 1. Scope – Lays down performance and functional requirements of window stays made of polypropylene and fasteners (handles) made of nylon,,,,door and window construction,high,high,False,,
IS 6343: 1982,SAFE_FOR_TRAINING,grounded product/subject metadata supports supervised positive,product_standard,door,DOOR CLOSERS (PNEUMATICALLY REGULATED) FOR LIGHT DOORS WEIGHING UPTO 40 KG,,,cast iron,door and window construction,high,high,False,,
IS 638: 1979,REVIEW_REQUIRED,low_confidence_metadata,product_standard,pipe_fitting,SHEET RUBBER JOINTING AND RUBBER INSERTION JOINTING,,,rubber,,high,low,True,low_confidence_metadata,low_product_confidence;metadata_review_required
IS 6418: 1971,REVIEW_REQUIRED,low_confidence_metadata,material_standard,bolt,CAST IRON AND MALLEABLE CAST IRON FLANGES FOR GENERAL ENGINEERING PURPOSES 1.2. Type of gasket and gasket materials are not covered in the standard and shall be subject to agreement between the manufacturer and the purchaser,,,cast iron,,high,low,True,low_confidence_metadata,low_product_confidence;metadata_review_required
IS 6445: 1985,SAFE_FOR_TRAINING,grounded product/subject metadata supports supervised positive,material_standard,pipe_fitting,tee,tee,,aluminium,,high,high,False,,
IS 6452: 1989,SAFE_FOR_TRAINING,grounded product/subject metadata supports supervised positive,material_standard,cement,HIGH ALUMINA CEMENT FOR STRUCTURAL USE,,,concrete,,high,high,False,,
IS 651: 1992,SAFE_FOR_TRAINING,grounded product/subject metadata supports supervised positive,product_standard,pipe_fitting,bend,bend,carry_potable_water,,potable water supply,high,high,False,,
IS 6523: 1983,REVIEW_REQUIRED,low_confidence_metadata,product_standard,door,PRECAST REINFORCED CONCRETE DOOR AND WINDOW FRAMES,,,steel,door and window construction,high,low,True,low_confidence_metadata,low_product_confidence;metadata_review_required
IS 6538: 1971,SAFE_FOR_TRAINING,grounded product/subject metadata supports supervised positive,material_standard,plug_socket,THREE-PIN PLUGS MADE OF RESILIENTMATERIAL,,,steel,thermal insulation,high,high,False,,
IS 653: 1992,SAFE_FOR_TRAINING,grounded product/subject metadata supports supervised positive,material_standard,tile,LINOLEUM SHEET AND TILES,,,timber,flooring,high,high,False,,
IS 654: 1992,SAFE_FOR_TRAINING,grounded product/subject metadata supports supervised positive,product_standard,tile,"CLAY ROOFING TILES, MANGALORE PATTERN",,roofing,clay,roofing,high,high,False,,
IS 6560: 1996,SAFE_FOR_TRAINING,grounded product/subject metadata supports supervised positive,material_standard,rod,MOLYBDENUM AND CHROMIUM-MOLYBDENUM LOW ALLOY STEEL WELDING RODS AND BARE ELECTRODES FOR GAS SHIELDED ARC WELDING,,,steel,,high,high,False,,
IS 6579: 1981,SAFE_FOR_TRAINING,grounded product/subject metadata supports supervised positive,other,aggregate,COARSE AGGREGATE FOR WATER BOUND MACADAM,,,clay,,high,high,False,,
IS 6598: 1972,SAFE_FOR_TRAINING,grounded product/subject metadata supports supervised positive,material_standard,thermal_insulation,CELLULAR CONCRETE FOR THERMAL INSULATION 1. Scope – Requirements and the methods of sampling and test for cellular concrete for thermal linsulation. Note – Cellular concrete (formed by producing gas or air,,thermal_insulation,aluminium,thermal insulation,high,high,False,,
IS 6607: 1972,SAFE_FOR_TRAINING,grounded product/subject metadata supports supervised positive,product_standard,door,REBATED MORTICE LOCKS (VERTICAL TYPE),,,steel,,high,high,False,,
IS 6610: 1972,SAFE_FOR_TRAINING,grounded product/subject metadata supports supervised positive,material_standard,washer,HEAVY WASHERS FOR STEEL STRUCTURES 2. Dimensions (in mm) 4. Designation – By nominal size and the number of,,structural_fastening,steel,,high,high,False,,
IS 6623: 2004,SAFE_FOR_TRAINING,grounded product/subject metadata supports supervised positive,material_standard,nut,HIGH STRENGTH STRUCTURAL NUTS,,,steel,,high,high,False,,
IS 6639: 1972,SAFE_FOR_TRAINING,grounded product/subject metadata supports supervised positive,material_standard,bolt,HEXAGON BOLTS FOR STEEL STRUCTURES,,,steel,,high,high,False,,
IS 6649: 1985,REVIEW_REQUIRED,low_confidence_metadata,material_standard,bolt,HARDENED AND TEMPERED WASHERS FOR HIGH STRENGTH STRUCTURAL BOLTS AND NUTS,,,steel,,high,low,True,low_confidence_metadata,low_product_confidence;metadata_review_required
IS 6733: 1972,REVIEW_REQUIRED,low_confidence_metadata,product_standard,pipe_fitting,WALL AND ROOFING NAILS,,roofing,,roofing,high,low,True,low_confidence_metadata,low_product_confidence;metadata_review_required
IS 6736: 1972,SAFE_FOR_TRAINING,grounded product/subject metadata supports supervised positive,product_standard,screw,SLOTTED RAISED COUNTERSUNK HEAD WOOD SCREWS,,,steel,,high,high,False,,
IS 6739: 1972,SAFE_FOR_TRAINING,grounded product/subject metadata supports supervised positive,product_standard,screw,SLOTTED ROUND HEAD WOOD SCREWS 1. Scope – Requirements for slotted round head wood screws. 2,,,steel,,high,high,False,,
IS 6760: 1972,SAFE_FOR_TRAINING,grounded product/subject metadata supports supervised positive,product_standard,screw,SLOTTED COUNTERSUNK HEAD WOOD SCREWS,,,steel,,high,high,False,,
IS 6908: 1991,REVIEW_REQUIRED,low_confidence_metadata,material_standard,pipe_fitting,ASBESTOS CEMENT PIPES AND FITTINGS FOR SEWERAGE AND DRAINAGE,,carry_sewage,cast iron,sewerage,high,low,True,low_confidence_metadata,low_product_confidence;metadata_review_required
IS 6909: 1990,SAFE_FOR_TRAINING,grounded product/subject metadata supports supervised positive,material_standard,cement,SUPERSULPHATED CEMENT,,,steel,,high,high,False,,
IS 694: 1990,REVIEW_REQUIRED,low_confidence_metadata,product_standard,pipe_fitting,bend,bend,,PVC,door and window construction,high,low,True,low_confidence_metadata,low_product_confidence;metadata_review_required
IS 702: 1988,REVIEW_REQUIRED,source_grounded_fallback_requires_review,product_standard,industrial_bitumen,INDUSTRIAL BITUMEN,,,bitumen,,high,medium,True,source_grounded_fallback_requires_review,metadata_review_required
IS 7098 (Part 1): 1988,REVIEW_REQUIRED,low_confidence_metadata,product_standard,thermal_insulation,CROSSLINKED POLYETHYLENE INSULATED THERMOPLASTIC SHEATHED CABLES PART-1 FOR WORKING VOLTAGES UP TO AND INCLUDING 1 100 VOLTS,,,PVC,,high,low,True,low_confidence_metadata,low_product_confidence;metadata_review_required
IS 712: 1984,REVIEW_REQUIRED,source_grounded_fallback_requires_review,product_standard,building_limes,BUILDING LIMES,,,concrete,,high,medium,True,source_grounded_fallback_requires_review,metadata_review_required
IS 7181: 1986,SAFE_FOR_TRAINING,grounded product/subject metadata supports supervised positive,product_standard,pipe,"HORIZONTALLY CAST IRON DOUBLE FLANGED PIPES FOR WATER, GAS AND SEWAGE",,carry_sewage,cast iron,sewerage,high,high,False,,
IS 7193: 1974,SAFE_FOR_TRAINING,grounded product/subject metadata supports supervised positive,product_standard,glass,GLASS FIBRE BASE BITUMEN FELTS,,waterproofing,bitumen,waterproofing,high,high,False,,
IS 7196: 1974,REVIEW_REQUIRED,low_confidence_metadata,material_standard,door,HOLD FAST . 1. Scope — Requirements for mild steel hold fasts for use with wooden doors and window frames,,,steel,door and window construction,high,low,True,low_confidence_metadata,low_product_confidence;metadata_review_required
IS 7197: 1974,SAFE_FOR_TRAINING,grounded product/subject metadata supports supervised positive,product_standard,door,DOUBLE ACTION FLOOR SPRINGS,,,cast iron,flooring,high,high,False,,
IS 7226: 1974,SAFE_FOR_TRAINING,grounded product/subject metadata supports supervised positive,material_standard,steel_strip,"COLD–ROLLED MEDIUM, HIGH CARBON AND LOW ALLOY STEEL STRIP FOR GENERAL ENGINEERING PURPOSES For detailed information, refer to IS 7226 : 1974 Specification for cold-rolled medium, high carbon and low alloy steel strip for general engineering",,,steel,,high,high,False,,
IS 7231: 1994,REVIEW_REQUIRED,low_confidence_metadata,product_standard,pipe,PLASTIC FLUSHING CISTERNS FOR WATER CLOSETS AND URINALS,,,HDPE,,high,low,True,low_confidence_metadata,low_product_confidence;metadata_review_required
IS 723: 1972,REVIEW_REQUIRED,low_confidence_metadata,material_standard,pipe_fitting,STEEL COUNTER SUNK HEAD WIRE NAILS,,,steel,,high,low,True,low_confidence_metadata,low_product_confidence;metadata_review_required
IS 724: 1964,SAFE_FOR_TRAINING,grounded product/subject metadata supports supervised positive,material_standard,screw,"MILD STEEL AND BRASS CUP, RULER AND SQUARE HOOKS AND SCREW EYES",,structural_fastening,steel,,high,high,False,,
IS 725: 1961,REVIEW_REQUIRED,low_confidence_metadata,product_standard,coating,COPPER WIRE NAILS,,,,,high,low,True,low_confidence_metadata,low_product_confidence;metadata_review_required
IS 7280: 1974,REVIEW_REQUIRED,low_confidence_metadata,material_standard,paint,BARE WIRE ELECTRODES FOR SUBMERGED ARC WELDING OF STRUCTURAL STEELS 1. Scope – Requirements of solid filler wires for submerged arc welding of structural steels,,,,,high,low,True,low_confidence_metadata,low_product_confidence;metadata_review_required
IS 7308: 1999,SAFE_FOR_TRAINING,grounded product/subject metadata supports supervised positive,material_standard,timber,NON-CONIFEROUS LOGS,,,timber,,high,high,False,,
IS 730: 1978,REVIEW_REQUIRED,low_confidence_metadata,product_standard,bolt,HOOK BOLTS FOR CORRUGATED SHEET ROOFING,,roofing,steel,roofing,high,low,True,low_confidence_metadata,low_product_confidence;metadata_review_required
IS 7316: 1974,SAFE_FOR_TRAINING,grounded product/subject metadata supports supervised positive,product_standard,board,plywood,plywood,,timber,,high,high,False,,
IS 7319: 1974,SAFE_FOR_TRAINING,grounded product/subject metadata supports supervised positive,material_standard,pipe,PERFORATED CONCRETE PIPES,,,concrete,,high,high,False,,
IS 7322: 1985,SEARCH_ONLY,non-product standard kept searchable but not used as procurement positive,test_method,,SPECIALS FOR STEEL CYLINDER REINFORCED CONCRETE PIPES,,,steel,,high,high,False,,
IS 733: 1983,SAFE_FOR_TRAINING,grounded product/subject metadata supports supervised positive,product_standard,rod,"WROUGHT ALUMINIUM AND ALUMINIUM ALLOY BARS, RODS AND SECTIONS FOR GENERAL ENGINEERING PURPOSES",,,aluminium,roofing,high,high,False,,
IS 736: 1986,REVIEW_REQUIRED,low_confidence_metadata,product_standard,pipe_fitting,WROUGHT ALUMINIUM AND ALUMINIUM ALLOY PLATE FOR GENERAL ENGINEERING PURPOSES,,,aluminium,roofing,high,low,True,low_confidence_metadata,low_product_confidence;metadata_review_required
IS 737: 1986,REVIEW_REQUIRED,low_confidence_metadata,product_standard,pipe_fitting,WROUGHT ALUMINIUM AND ALUMINIUM ALLOY SHEET AND STRIP FOR GENERAL ENGINEERING PURPOSES,,,aluminium,roofing,high,low,True,low_confidence_metadata,low_product_confidence;metadata_review_required
IS 738: 1994,SAFE_FOR_TRAINING,grounded product/subject metadata supports supervised positive,product_standard,pipe,WROUGHT ALUMINIUM AND ITS ALLOYS-DRAWN TUBES FOR GENERAL ENGINEERING PURPOSES,,,aluminium,roofing,high,high,False,,
IS 739: 1992,REVIEW_REQUIRED,low_confidence_metadata,product_standard,rivet,WROUGHT ALUMINIUM AND ALUMINIUM ALLOYS-WIRE FOR GENERAL ENGINEERING PURPOSES,,,aluminium,roofing,high,low,True,low_confidence_metadata,low_product_confidence;metadata_review_required
IS 73: 1992,REVIEW_REQUIRED,source_grounded_fallback_requires_review,product_standard,paving_bitumen,PAVING BITUMEN,,,bitumen,,high,medium,True,source_grounded_fallback_requires_review,metadata_review_required
IS 740: 1977,SAFE_FOR_TRAINING,grounded product/subject metadata supports supervised positive,product_standard,rivet,WROUGHT ALUMINIUM ALLOY RIVET STOCK FOR GENERAL ENGINEERING PURPOSES,,structural_fastening,aluminium,roofing,high,high,False,,
IS 7452: 1990,SAFE_FOR_TRAINING,grounded product/subject metadata supports supervised positive,material_standard,window,"HOT ROLLED STEEL SECTIONS FOR DOORS, WINDOWS AND VENTILATORS",,,steel,,high,high,False,,
IS 7509: 1993,SAFE_FOR_TRAINING,grounded product/subject metadata supports supervised positive,material_standard,thermal_insulation,THERMAL INSULATING CEMENT,,thermal_insulation,steel,thermal insulation,high,high,False,,
IS 7534: 1985,SAFE_FOR_TRAINING,grounded product/subject metadata supports supervised positive,material_standard,bolt,SLIDING LOCKING BOLTS FOR USE WITH PADLOCKS,,,steel,,high,high,False,,
IS 7540: 1974,REVIEW_REQUIRED,low_confidence_metadata,product_standard,bolt,MORTICE DEAD LOCKS,,structural_fastening,steel,,high,low,True,low_confidence_metadata,low_product_confidence;metadata_review_required
IS 7556: 1988,REVIEW_REQUIRED,source_grounded_fallback_requires_review,product_standard,burnt_clay_jallies,BURNT CLAY JALLIES,,,clay,,high,medium,True,source_grounded_fallback_requires_review,metadata_review_required
IS 771 (Part 1): 1979,SEARCH_ONLY,non-product standard kept searchable but not used as procurement positive,test_method,,GLAZED FIRE–CLAY SANITARY APPLIANCES PART 1 GENERAL REQUIREMENTS,,,clay,flooring,high,medium,False,,
IS 771 (Part 2): 1985,SAFE_FOR_TRAINING,grounded product/subject metadata supports supervised positive,product_standard,sink,GLAZED FIRE – CLAY SANITARY APPLIANCES PART 2 SPECIFIC REQUIREMENTS OF KITCHEN AND LABORATORY SINKS,,,clay,,high,high,False,,
IS 771 (Part 5): 1979,REVIEW_REQUIRED,source_grounded_fallback_requires_review,product_standard,clay_appliances_shower_trays,"GLAZED FIRE CLAY APPLIANCES, PART 5 SPECIFIC REQUIREMENTS OF SHOWER TRAYS",,,clay,,high,medium,True,source_grounded_fallback_requires_review,metadata_review_required
IS 771 (Part 7): 1981,SAFE_FOR_TRAINING,grounded product/subject metadata supports supervised positive,product_standard,sink,"GLAZED FIRE CLAY SANITARY APPLIANCES, PART 7 SPECIFIC REQUIREMENTS OF SLOP SINKS",,,clay,flooring,high,high,False,,
IS 772: 1973,REVIEW_REQUIRED,low_confidence_metadata,material_standard,window,GENERAL REQUIREMENT FOR ENAMELLED CAST IRON SANITARY APPLIANCES,,,cast iron,flooring,high,low,True,low_confidence_metadata,low_product_confidence;metadata_review_required
IS 773: 1988,REVIEW_REQUIRED,low_confidence_metadata,material_standard,pipe,"ENAMELLED CAST IRON WATER–CLOSETS, RAILWAY COACHING STOCK TYPE",,,cast iron,,high,low,True,low_confidence_metadata,low_product_confidence;metadata_review_required
IS 774: 2004,SAFE_FOR_TRAINING,grounded product/subject metadata supports supervised positive,product_standard,pipe,FLUSHING CISTERNS FOR WATER-CLOSETS AND URINALS (OTHER THAN PLASTIC CISTERNS) PART 1 GENERAL REQUIREMENTS,,,PVC,,high,high,False,,
IS 775: 1970,SAFE_FOR_TRAINING,grounded product/subject metadata supports supervised positive,material_standard,sink,CAST IRON BRACKETS AND SUPPORTS FOR WASH-BASINS AND SINKS,,,cast iron,flooring,high,high,False,,
IS 778: 1984,SAFE_FOR_TRAINING,grounded product/subject metadata supports supervised positive,product_standard,valve,check valve,check_valve,prevent_reverse_flow,cast iron,water supply,high,high,False,,
IS 779: 1994,SEARCH_ONLY,non-product standard kept searchable but not used as procurement positive,terminology,,WATER METERS (DOMESTIC TYPE),,carry_potable_water,steel,potable water supply,high,medium,False,,
IS 781: 1984,REVIEW_REQUIRED,low_confidence_metadata,product_standard,valve,CASTCOPPER ALLOYSCREW DOWN BIB TAPS ANDSTOPVALVES FOR WATERSERVICES,,structural_fastening,,,high,low,True,low_confidence_metadata,low_product_confidence;metadata_review_required
IS 782: 1978,REVIEW_REQUIRED,low_confidence_metadata,installation,,CAULKING LEAD,,,,water supply,high,low,True,low_confidence_metadata,low_product_confidence;metadata_review_required
IS 7834 (Part 2): 1987,SAFE_FOR_TRAINING,grounded product/subject metadata supports supervised positive,material_standard,pipe_fitting,socket,socket,,PVC,,high,high,False,,
IS 7834 (Part 3): 1987,SAFE_FOR_TRAINING,grounded product/subject metadata supports supervised positive,material_standard,pipe_fitting,socket,socket,,PVC,,high,high,False,,
IS 7834 (Part 4): 1987,SAFE_FOR_TRAINING,grounded product/subject metadata supports supervised positive,material_standard,pipe_fitting,tee,tee,,PVC,,high,high,False,,
IS 7834 (Part 5): 1987,SAFE_FOR_TRAINING,grounded product/subject metadata supports supervised positive,material_standard,pipe_fitting,tee,tee,,PVC,,high,high,False,,
IS 7834 (Part 6): 1987,SAFE_FOR_TRAINING,grounded product/subject metadata supports supervised positive,material_standard,pipe_fitting,socket,socket,,PVC,,high,high,False,,
IS 7834 (Part 7): 1987,REVIEW_REQUIRED,low_confidence_metadata,material_standard,pipe_fitting,socket,socket,,PVC,,high,low,True,low_confidence_metadata,low_product_confidence;metadata_review_required
IS 7834 (Part 8): 1987,SAFE_FOR_TRAINING,grounded product/subject metadata supports supervised positive,material_standard,pipe_fitting,socket,socket,,PVC,,high,high,False,,
IS 7834: 1987,SEARCH_ONLY,non-product standard kept searchable but not used as procurement positive,test_method,,INJECTION MOULDED PVC SOCKET FITTINGS WITH SOLVENT CEMENT JOINTS FOR WATER SUPPLIES PART – 1 GENERAL REQUIREMENT,socket,,PVC,potable water supply,high,high,False,,
IS 784: 2001,SAFE_FOR_TRAINING,grounded product/subject metadata supports supervised positive,material_standard,pipe,PRESTRESSED CONCRETE PIPES,,,steel,sewerage,high,high,False,,
IS 7887: 1992,SAFE_FOR_TRAINING,grounded product/subject metadata supports supervised positive,material_standard,rod,MILD STEEL WIRE ROD FOR GENERAL ENGINEERING PURPOSES,,,steel,,high,high,False,,
IS 8008 (Part 1): 2003,SEARCH_ONLY,non-product standard kept searchable but not used as procurement positive,test_method,,INJECTION MOULDED HIGH DENSITY POLYETHYLENE (HDPE) FITTINGS FOR POTABLE WATER SUPPLIES PART 1 GENERAL REQUIREMENTS FOR FITTINGS,,carry_potable_water,HDPE,potable water supply,high,high,False,,
IS 8008 (Part 2): 2003,SAFE_FOR_TRAINING,grounded product/subject metadata supports supervised positive,product_standard,pipe_fitting,bend,bend,carry_potable_water,HDPE,potable water supply,high,high,False,,
IS 8008 (Part 3): 2003,SAFE_FOR_TRAINING,grounded product/subject metadata supports supervised positive,product_standard,pipe_fitting,tee,tee,carry_potable_water,HDPE,potable water supply,high,high,False,,
IS 8008 (Part 4): 2003,SAFE_FOR_TRAINING,grounded product/subject metadata supports supervised positive,product_standard,pipe_fitting,reducer,reducer,carry_potable_water,HDPE,potable water supply,high,high,False,,
IS 8008 (Part 5): 2003,SAFE_FOR_TRAINING,grounded product/subject metadata supports supervised positive,product_standard,pipe_fitting,reducer,reducer,carry_potable_water,HDPE,potable water supply,high,high,False,,
IS 8008 (Part 6): 2003,SAFE_FOR_TRAINING,grounded product/subject metadata supports supervised positive,product_standard,pipe,INJECTION MOULDED HIGH DENSITY POLYETHYLENE (HDPE) FITTINGS FOR POTABLE WATER SUPPLIES PART 6 SPECIFIC REQUIREMENTS FOR PIPE ENDS,,carry_potable_water,HDPE,potable water supply,high,high,False,,
IS 8008 (Part 7): 2003,SEARCH_ONLY,non-product standard kept searchable but not used as procurement positive,test_method,,INJECTION MOULDED HIGH DENSITY POLYETHYLENE (HDPE) FITTINGS FOR POTABLE WATER SUPPLIES PART 7 SPECIFIC REQUIREMENTS FOR SANDWITCH FLANGES,,carry_potable_water,HDPE,potable water supply,high,high,False,,
IS 8033: 1976,SAFE_FOR_TRAINING,grounded product/subject metadata supports supervised positive,product_standard,washer,"WASHERS WITH SQUARE HOLE FOR WOOD FASTENINGS 4. Designation – As an example, a round washer with square hole of nominal size 14 mm shall be designated",,structural_fastening,timber,,high,high,False,,
IS 8041: 1990,SAFE_FOR_TRAINING,grounded product/subject metadata supports supervised positive,material_standard,cement,RAPID HARDENING PORTLAND CEMENT,,,,,high,high,False,,
IS 8042: 1989,SAFE_FOR_TRAINING,grounded product/subject metadata supports supervised positive,material_standard,cement,WHITE PORTLAND CEMENT,,,,,high,high,False,,
IS 8043: 1991,SAFE_FOR_TRAINING,grounded product/subject metadata supports supervised positive,material_standard,cement,ordinary portland 33 grade,ordinary_portland_33_grade,waterproofing,,waterproofing,high,high,False,,
IS 804: 1967,SAFE_FOR_TRAINING,grounded product/subject metadata supports supervised positive,material_standard,water_tank,RECTANGULAR PRESSED STEEL TANKS,,,steel,flooring,high,high,False,,
IS 8081: 1976,SAFE_FOR_TRAINING,grounded product/subject metadata supports supervised positive,material_standard,steel_section,SLOTTED SECTIONS,,,steel,,high,high,False,,
IS 808: 1989,SAFE_FOR_TRAINING,grounded product/subject metadata supports supervised positive,material_standard,channel,"DIMENSIONS FOR HOT ROLLED STEELBEAM, COLUMN, CHANNEL AND ANGLE SECTIONS",,,steel,,high,high,False,,
IS 809: 1992,REVIEW_REQUIRED,low_confidence_metadata,material_standard,waterproofing_membrane,RUBBER FLOORING MATERIALS FOR GENERAL PURPOSE,,thermal_insulation,bitumen,flooring,high,low,True,low_confidence_metadata,low_product_confidence;metadata_review_required
IS 8112: 1989,SAFE_FOR_TRAINING,grounded product/subject metadata supports supervised positive,material_standard,cement,ordinary portland 43 grade,ordinary_portland_43_grade,,concrete,,high,high,False,,
IS 811: 1987,SAFE_FOR_TRAINING,grounded product/subject metadata supports supervised positive,material_standard,steel_section,COLD FORMED LIGHT GAUGE STRUCTURAL STEEL SECTIONS,,,steel,,high,high,False,,
IS 814: 2004,SAFE_FOR_TRAINING,grounded product/subject metadata supports supervised positive,material_standard,electrode,COVERED ELECTRODES FOR MANUAL METAL ARC WELDING OF CARBON AND CARBON MANGANESE STEEL,,,steel,,high,high,False,,
IS 8154: 1993,SAFE_FOR_TRAINING,grounded product/subject metadata supports supervised positive,product_standard,thermal_insulation,PREORMED CALCIUM SILICATE INSULATION,,,,thermal insulation,high,high,False,,
IS 8183: 1993,SAFE_FOR_TRAINING,grounded product/subject metadata supports supervised positive,product_standard,thermal_insulation,BONDED MINERAL WOOL,,thermal_insulation,,thermal insulation,high,high,False,,
IS 8272: 1984,SAFE_FOR_TRAINING,grounded product/subject metadata supports supervised positive,product_standard,board,GYPSUM PLASTER FOR USE IN THE MANUFACTURE OF FIBROUS PLASTER BOARDS,,,timber,railway track,high,high,False,,
IS 8329: 2000,SEARCH_ONLY,non-product standard kept searchable but not used as procurement positive,test_method,,"CENTRIFUGALLY CAST (SPUN) DUCTILE IRON PRESSURE PIPES FOR WATER, GAS AND SEWAGE",,carry_sewage,cast iron,sewerage,high,high,False,,
IS 8360 (Part 1): 1977,REVIEW_REQUIRED,low_confidence_metadata,material_standard,pipe_fitting,FABRICATED HIGH DENSITY POLYETHYLENE (HDPE) FITTINGS FOR POTABLE WATER SUPPLIES PART 1 GENERAL REQUIREMENTS outside diameters of pipes given in IS 4984 : 1995,,carry_potable_water,HDPE,potable water supply,high,low,True,low_confidence_metadata,low_product_confidence;metadata_review_required
IS 8360 (Part 2): 1977,SAFE_FOR_TRAINING,grounded product/subject metadata supports supervised positive,product_standard,pipe_fitting,tee,tee,carry_potable_water,HDPE,potable water supply,high,high,False,,
IS 8360 (Part 3): 1977,SAFE_FOR_TRAINING,grounded product/subject metadata supports supervised positive,product_standard,pipe_fitting,bend,bend,carry_potable_water,HDPE,potable water supply,high,high,False,,
IS 8363: 1976,SAFE_FOR_TRAINING,grounded product/subject metadata supports supervised positive,material_standard,electrode,BARE WIRE ELECTRODES FOR ELECTROSLAG WELDING OF STEELS,,,steel,roofing,high,high,False,,
IS 8374: 1977,REVIEW_REQUIRED,low_confidence_metadata,product_standard,aggregate,"BITUMEN MASTIC, ANTI-STATIC AND ELECTRICALLY CONDUCTING GRADE",,flooring,bitumen,flooring,high,low,True,low_confidence_metadata,low_product_confidence;metadata_review_required
IS 8412: 1977,SAFE_FOR_TRAINING,grounded product/subject metadata supports supervised positive,material_standard,bolt,SLOTTED COUNTERSUNK HEAD BOLTS FOR STEEL STRUCTURES,,,steel,,high,high,False,,
IS 849: 1994,REVIEW_REQUIRED,low_confidence_metadata,product_standard,adhesive,COLD SETTING CASE IN GLUE FOR WOOD,,,timber,,high,low,True,low_confidence_metadata,low_product_confidence;metadata_review_required
IS 8500: 1991,REVIEW_REQUIRED,low_confidence_metadata,material_standard,pipe_fitting,STRUCTURAL STEEL- MICRO ALLOYED,,,steel,,high,low,True,low_confidence_metadata,low_product_confidence;metadata_review_required
IS 851: 1978,SAFE_FOR_TRAINING,grounded product/subject metadata supports supervised positive,product_standard,adhesive,SYNTHETIC RESIN ADHESIVES FOR CONSTRUCTION WORK (NON-STRUCTURAL) IN WOOD,,,timber,,high,high,False,,
IS 852: 1994,REVIEW_REQUIRED,low_confidence_metadata,product_standard,board,ANIMAL GLUE FOR GENERAL WOOD-WORKING PURPOSES,,,timber,,high,low,True,low_confidence_metadata,low_product_confidence;metadata_review_required
IS 8718: 1978,SAFE_FOR_TRAINING,grounded product/subject metadata supports supervised positive,material_standard,sink,VITREOUS ENAMELLED STEELKITCHEN SINKS,,,steel,,high,high,False,,
IS 8727: 1978,SEARCH_ONLY,non-product standard kept searchable but not used as procurement positive,test_method,,"VITREOUS ENAMELLED STEEL WASH–BASINS Note — For test procedures refer to IS 772 : 1973 General requirements for enamelled cast iron sanitary appliances(second revision), and IS 3972. Methods of test for vitreous enamel ware. For detailed in",,,cast iron,,high,medium,False,,
IS 875 (Part 1): 1987,SEARCH_ONLY,non-product standard kept searchable but not used as procurement positive,code_of_practice,,CODE OF PRACTICE FOR DESIGN LOADS,,,cast iron,roofing,high,medium,False,,
IS 8760: 1978,SAFE_FOR_TRAINING,grounded product/subject metadata supports supervised positive,product_standard,door,MORTICE SLIDING DOOR LOCKS WITH LEVER MECHANISM,,,steel,door and window construction,high,high,False,,
IS 876: 1992,SAFE_FOR_TRAINING,grounded product/subject metadata supports supervised positive,material_standard,timber,WOOD POLES FOR OVER HEAD POWER AND TELECOMMUNICATION LINES,,,timber,,high,high,False,,
IS 8794: 1988,REVIEW_REQUIRED,low_confidence_metadata,material_standard,pipe,CAST IRON DETACHABLE JOINTS FOR USE WITH ASBESTOS CEMENT PRESSURE PIPES,,,cast iron,,high,low,True,low_confidence_metadata,low_product_confidence;metadata_review_required
IS 8828: 1996,SEARCH_ONLY,non-product standard kept searchable but not used as procurement positive,installation,,/IEC 898 (1995) CIRCUIT BREAKERS FOR OVER CURRENT PROTECTION FOR HOUSEHOLD AND SIMILAR INSTALLATIONS,,,,,high,medium,False,,
IS 8869: 1978,REVIEW_REQUIRED,low_confidence_metadata,product_standard,washer,WASHERS FOR CORRUGATED SHEET ROOFING,,roofing,steel,roofing,high,low,True,low_confidence_metadata,low_product_confidence;metadata_review_required
IS 8870: 1978,SAFE_FOR_TRAINING,grounded product/subject metadata supports supervised positive,material_standard,pipe_fitting,bend,bend,,rubber,,high,high,False,,
IS 8887: 2004,REVIEW_REQUIRED,low_confidence_metadata,product_standard,cement,BITUMEN EMULSION FOR ROADS,,,bitumen,,high,low,True,low_confidence_metadata,low_product_confidence;metadata_review_required
IS 8931: 1993,SAFE_FOR_TRAINING,grounded product/subject metadata supports supervised positive,material_standard,valve,COPPER ALLOY FANCY SINGLE TAPS COMBINATION TAP ASSEMBLY AND STOP VALVES FOR WATER SERVICES,,,steel,,high,high,False,,
IS 9106: 1979,SAFE_FOR_TRAINING,grounded product/subject metadata supports supervised positive,material_standard,hinge,RISING BUTT HINGES,,,cast iron,,high,high,False,,
IS 9131: 1979,SAFE_FOR_TRAINING,grounded product/subject metadata supports supervised positive,material_standard,door,RIM LOCKS,,,steel,,high,high,False,,
IS 9142: 1979,SAFE_FOR_TRAINING,grounded product/subject metadata supports supervised positive,product_standard,aggregate,"ARTIFICIAL LIGHTWEIGHT AGGREGATES FOR CONCRETE MASONRY UNITS 1. Scope — Requirements of artificial lightweight aggregates, such as foamed blast furnace slag, bloated",,,clay,,high,high,False,,
IS 9197: 1979,REVIEW_REQUIRED,low_confidence_metadata,material_standard,aggregate,"EPOXY RESIN, HARDENERS AND EPOXY RESIN COMPOSITIONS FOR FLOOR TOPPING } 2.3 Accelerator — Liquids generally tertiary amines. 2.4 Plasticizers and Non-reactive Diluents —",,,concrete,flooring,high,low,True,low_confidence_metadata,low_product_confidence;metadata_review_required
IS 9338: 1984,SAFE_FOR_TRAINING,grounded product/subject metadata supports supervised positive,product_standard,valve,check valve,check_valve,prevent_reverse_flow,cast iron,water supply,high,high,False,,
IS 9394: 1979,SAFE_FOR_TRAINING,grounded product/subject metadata supports supervised positive,other,stone,STONE LINTELS *Recommendation for dressing of natural building stones,,,,,high,high,False,,
IS 9428: 1993,SAFE_FOR_TRAINING,grounded product/subject metadata supports supervised positive,product_standard,thermal_insulation,PREFORMED CALCIUM SILICATE INSULATION,,,,thermal insulation,high,high,False,,
IS 9510: 1980,SAFE_FOR_TRAINING,grounded product/subject metadata supports supervised positive,other,aggregate,"BITUMEN MASTIC, ACID – RESISTING GRADE TABLE 2 GRADING OF FINE AGGREGATES Sl. No. Grading Percent by Mass",,,bitumen,,high,high,False,,
IS 9523: 2000,SAFE_FOR_TRAINING,grounded product/subject metadata supports supervised positive,product_standard,pipe_fitting,socket,socket,carry_sewage,bitumen,sewerage,high,high,False,,
IS 9537 (Part 1): 1980,SEARCH_ONLY,non-product standard kept searchable but not used as procurement positive,installation,,CONDUITS FOR ELECTRICAL INSTALLATIONS PART 1 - GENERAL REQUIREMENTS,,,,thermal insulation,high,medium,False,,
IS 9537 (Part 3): 1983,SEARCH_ONLY,non-product standard kept searchable but not used as procurement positive,test_method,,CONDUITS FOR ELECTRICAL INSTALLATIONS PART 3 – RIGID PLAIN CONDUITS OF INSULATING MATERIALS,socket,thermal_insulation,,thermal insulation,high,high,False,,
IS 9537 (Part 4): 1983,REVIEW_REQUIRED,low_confidence_metadata,test_method,,CONDUITS FOR ELECTRICAL INSTALLATIONS PART 4 – PLIABLE SELF RECOVERING CONDUITS OF INSULATING MATERIALS Note – For details requirements refer to the standard,,thermal_insulation,,thermal insulation,high,low,True,low_confidence_metadata,low_product_confidence;metadata_review_required
IS 9537 (Part 5): 2000,SEARCH_ONLY,non-product standard kept searchable but not used as procurement positive,installation,,CONDUITS FOR ELECTRICAL INSTALLATIONS PART 5 – PLIABLE CONDUITS OF INSULATING MATERIAL 1. Scope – This clause of Part 1 of the Standard is,,thermal_insulation,concrete,thermal insulation,high,medium,False,,
IS 9537 (Part II): 1981,SEARCH_ONLY,non-product standard kept searchable but not used as procurement positive,test_method,,"CONDUITS FOR ELECTRICAL WIRING PART 2 RIGID STEEL CONDUITS Note 1 – For requirement regarding gauge for checking minimum and maximum outside diameter of conduits, measurement of thickness and screw threads, refer to the standard. Note 2 – F",,structural_fastening,steel,,high,high,False,,
IS 9627: 1980,REVIEW_REQUIRED,low_confidence_metadata,material_standard,pipe,ASBESTOS CEMENT PRESSURE PIPES,,,cast iron,,high,low,True,low_confidence_metadata,low_product_confidence;metadata_review_required
IS 9739: 1981,SAFE_FOR_TRAINING,grounded product/subject metadata supports supervised positive,material_standard,valve,PRESSURE REDUCING VALVES FOR DOMESTIC WATER SUPPLY SYSTEM,,reduce_pressure,cast iron,water supply,high,high,False,,
IS 9742: 1993,SAFE_FOR_TRAINING,grounded product/subject metadata supports supervised positive,product_standard,thermal_insulation,SPRAYED MINERAL WOOL THERMAL INSULATION,,thermal_insulation,,thermal insulation,high,high,False,,
IS 9743: 1990,SAFE_FOR_TRAINING,grounded product/subject metadata supports supervised positive,material_standard,thermal_insulation,THERMAL INSULATION FINISHING CEMENTS,,thermal_insulation,clay,thermal insulation,high,high,False,,
IS 9758: 1981,SAFE_FOR_TRAINING,grounded product/subject metadata supports supervised positive,product_standard,valve,"FLUSH VALVES AND FITTINGS FOR WATER CLOSETS AND URINAL 4. Manufacture and Construction 4.1 Flush valve of nominal sizes 15, 25 and 32mm shall",,,PVC,,high,high,False,,
IS 9762: 1994,SAFE_FOR_TRAINING,grounded product/subject metadata supports supervised positive,product_standard,valve,POLYETHYLENE FLOATS (SPHERICAL) FOR FLOAT VALVES,,,HDPE,flooring,high,high,False,,
IS 9763: 2000,SAFE_FOR_TRAINING,grounded product/subject metadata supports supervised positive,material_standard,valve,"PLASTIC BIB TAPS, PILLAR TAPS, ANGLE VALVES FOR HOT AND COLD WATER SERVICES",,shut_off_flow,PVC,,high,high,False,,
IS 9842: 1994,SAFE_FOR_TRAINING,grounded product/subject metadata supports supervised positive,product_standard,thermal_insulation,PREFORMED FIBROUS PIPE INSULATION,,,aluminium,roofing,high,high,False,,
IS 9893: 1981,SAFE_FOR_TRAINING,grounded product/subject metadata supports supervised positive,material_standard,block,"PRECAST CONCRETE BLOCKS FOR LINTELS AND SILLS Note 1 — For details of material, refer to 3 of the standard. Note 2—",,,timber,door and window construction,high,high,False,,
IS 9912: 1981,SAFE_FOR_TRAINING,grounded product/subject metadata supports supervised positive,material_standard,coating,COAL TAR BASED COATING MATERIALS AND SUTABLE PRIMERS FOR PROTECTING IRON OR STEEL PIPE LINES,,,PVC,roofing,high,high,False,,
IS 9968 (Part 1): 1998,REVIEW_REQUIRED,low_confidence_metadata,product_standard,thermal_insulation,"ELASTOMER INSULATED CABLES, PART1 FOR WORKING VOLTAGES UPTO AND INCLUDING 1 100 VOLTS",,,PVC,thermal insulation,high,low,True,low_confidence_metadata,low_product_confidence;metadata_review_required
