query_id,query,positive_standard,positive_title,specificity,style,hard_negative_codes,review_status,review_notes
rq_is_654_1992_01,Require Mangalore-pattern interlocking clay roofing tiles for machine-pressed roof covering where the distinguishing feature is Mangalore pattern interlocking roofing-tile form,IS 654: 1992,"CLAY ROOFING TILES, MANGALORE PATTERN",specific,formal,IS 13317: 1992;IS 1478: 1992;IS 2690 (Part 1): 1993;IS 2690 (Part 2): 1992,pending,
rq_is_654_1992_02,Procure Mangalore-pattern interlocking clay roofing tiles for machine-pressed roof covering; material or form should be clay,IS 654: 1992,"CLAY ROOFING TILES, MANGALORE PATTERN",specific,procurement,IS 13317: 1992;IS 1478: 1992;IS 2690 (Part 1): 1993;IS 2690 (Part 2): 1992,pending,
rq_is_654_1992_03,Need an Indian Standard for Mangalore-pattern interlocking clay roofing tiles used in machine-pressed roof covering with Mangalore pattern interlocking roofing-tile form,IS 654: 1992,"CLAY ROOFING TILES, MANGALORE PATTERN",specific,technical_natural,IS 13317: 1992;IS 1478: 1992;IS 2690 (Part 1): 1993;IS 2690 (Part 2): 1992,pending,
rq_is_654_1992_04,Looking for Mangalore-pattern interlocking clay roofing tiles suited to machine-pressed roof covering,IS 654: 1992,"CLAY ROOFING TILES, MANGALORE PATTERN",general_but_sufficient,general_natural,IS 13317: 1992;IS 1478: 1992;IS 2690 (Part 1): 1993;IS 2690 (Part 2): 1992,pending,
rq_is_654_1992_05,"We need Mangalore-pattern interlocking clay roofing tiles for machine-pressed roof covering, especially Mangalore pattern interlocking roofing-tile form",IS 654: 1992,"CLAY ROOFING TILES, MANGALORE PATTERN",general_but_sufficient,conversational,IS 13317: 1992;IS 1478: 1992;IS 2690 (Part 1): 1993;IS 2690 (Part 2): 1992,pending,
rq_is_654_1992_06,Select the standard for a building roof using machine-pressed Mangalore-pattern clay tiles,IS 654: 1992,"CLAY ROOFING TILES, MANGALORE PATTERN",specific,use_case,IS 13317: 1992;IS 1478: 1992;IS 2690 (Part 1): 1993;IS 2690 (Part 2): 1992,pending,
rq_is_654_1992_07,Specification needed for clay Mangalore-pattern interlocking clay roofing tiles in machine-pressed roof covering,IS 654: 1992,"CLAY ROOFING TILES, MANGALORE PATTERN",specific,formal,IS 13317: 1992;IS 1478: 1992;IS 2690 (Part 1): 1993;IS 2690 (Part 2): 1992,pending,
rq_is_654_1992_08,Purchase requirement for Mangalore-pattern interlocking clay roofing tiles covering machine-pressed roof covering,IS 654: 1992,"CLAY ROOFING TILES, MANGALORE PATTERN",general_but_sufficient,procurement,IS 13317: 1992;IS 1478: 1992;IS 2690 (Part 1): 1993;IS 2690 (Part 2): 1992,pending,
rq_is_654_1992_09,"Find the standard that covers Mangalore-pattern interlocking clay roofing tiles, Mangalore pattern interlocking roofing-tile form",IS 654: 1992,"CLAY ROOFING TILES, MANGALORE PATTERN",specific,technical_natural,IS 13317: 1992;IS 1478: 1992;IS 2690 (Part 1): 1993;IS 2690 (Part 2): 1992,pending,
rq_is_654_1992_10,Need compliant Mangalore-pattern interlocking clay roofing tiles for machine-pressed roof covering,IS 654: 1992,"CLAY ROOFING TILES, MANGALORE PATTERN",general_but_sufficient,general_natural,IS 13317: 1992;IS 1478: 1992;IS 2690 (Part 1): 1993;IS 2690 (Part 2): 1992,pending,
rq_is_654_1992_11,Which IS should I use for Mangalore-pattern interlocking clay roofing tiles when the job is machine-pressed roof covering?,IS 654: 1992,"CLAY ROOFING TILES, MANGALORE PATTERN",specific,conversational,IS 13317: 1992;IS 1478: 1992;IS 2690 (Part 1): 1993;IS 2690 (Part 2): 1992,pending,
rq_is_654_1992_12,Standard selection for machine-pressed roof covering: Mangalore-pattern interlocking clay roofing tiles with Mangalore pattern interlocking roofing-tile form,IS 654: 1992,"CLAY ROOFING TILES, MANGALORE PATTERN",specific,use_case,IS 13317: 1992;IS 1478: 1992;IS 2690 (Part 1): 1993;IS 2690 (Part 2): 1992,pending,
rq_is_1464_1992_01,Require machine-pressed clay ridge and ceiling tiles for roof ridge or ceiling tile work where the distinguishing feature is ridge or ceiling tile use rather than ordinary roof tiles,IS 1464: 1992,CLAY RIDGE AND CEILING TILES,specific,formal,IS 3951 (Part 2): 1975;IS 3951 (Part 1): 1975;IS 1478: 1992;IS 2690 (Part 1): 1993,pending,
rq_is_1464_1992_02,Procure machine-pressed clay ridge and ceiling tiles for roof ridge or ceiling tile work; material or form should be clay,IS 1464: 1992,CLAY RIDGE AND CEILING TILES,specific,procurement,IS 3951 (Part 2): 1975;IS 3951 (Part 1): 1975;IS 1478: 1992;IS 2690 (Part 1): 1993,pending,
rq_is_1464_1992_03,Need an Indian Standard for machine-pressed clay ridge and ceiling tiles used in roof ridge or ceiling tile work with ridge or ceiling tile use rather than ordinary roof tiles,IS 1464: 1992,CLAY RIDGE AND CEILING TILES,specific,technical_natural,IS 3951 (Part 2): 1975;IS 3951 (Part 1): 1975;IS 1478: 1992;IS 2690 (Part 1): 1993,pending,
rq_is_1464_1992_04,Looking for machine-pressed clay ridge and ceiling tiles suited to roof ridge or ceiling tile work,IS 1464: 1992,CLAY RIDGE AND CEILING TILES,general_but_sufficient,general_natural,IS 3951 (Part 2): 1975;IS 3951 (Part 1): 1975;IS 1478: 1992;IS 2690 (Part 1): 1993,pending,
rq_is_1464_1992_05,"We need machine-pressed clay ridge and ceiling tiles for roof ridge or ceiling tile work, especially ridge or ceiling tile use rather than ordinary roof tiles",IS 1464: 1992,CLAY RIDGE AND CEILING TILES,general_but_sufficient,conversational,IS 3951 (Part 2): 1975;IS 3951 (Part 1): 1975;IS 1478: 1992;IS 2690 (Part 1): 1993,pending,
rq_is_1464_1992_06,Select the standard for ridge and ceiling applications using machine-pressed clay tiles,IS 1464: 1992,CLAY RIDGE AND CEILING TILES,specific,use_case,IS 3951 (Part 2): 1975;IS 3951 (Part 1): 1975;IS 1478: 1992;IS 2690 (Part 1): 1993,pending,
rq_is_1464_1992_07,Specification needed for clay machine-pressed clay ridge and ceiling tiles in roof ridge or ceiling tile work,IS 1464: 1992,CLAY RIDGE AND CEILING TILES,specific,formal,IS 3951 (Part 2): 1975;IS 3951 (Part 1): 1975;IS 1478: 1992;IS 2690 (Part 1): 1993,pending,
rq_is_1464_1992_08,Purchase requirement for machine-pressed clay ridge and ceiling tiles covering roof ridge or ceiling tile work,IS 1464: 1992,CLAY RIDGE AND CEILING TILES,general_but_sufficient,procurement,IS 3951 (Part 2): 1975;IS 3951 (Part 1): 1975;IS 1478: 1992;IS 2690 (Part 1): 1993,pending,
rq_is_1464_1992_09,"Find the standard that covers machine-pressed clay ridge and ceiling tiles, ridge or ceiling tile use rather than ordinary roof tiles",IS 1464: 1992,CLAY RIDGE AND CEILING TILES,specific,technical_natural,IS 3951 (Part 2): 1975;IS 3951 (Part 1): 1975;IS 1478: 1992;IS 2690 (Part 1): 1993,pending,
rq_is_1464_1992_10,Need compliant machine-pressed clay ridge and ceiling tiles for roof ridge or ceiling tile work,IS 1464: 1992,CLAY RIDGE AND CEILING TILES,general_but_sufficient,general_natural,IS 3951 (Part 2): 1975;IS 3951 (Part 1): 1975;IS 1478: 1992;IS 2690 (Part 1): 1993,pending,
rq_is_1464_1992_11,Which IS should I use for machine-pressed clay ridge and ceiling tiles when the job is roof ridge or ceiling tile work?,IS 1464: 1992,CLAY RIDGE AND CEILING TILES,specific,conversational,IS 3951 (Part 2): 1975;IS 3951 (Part 1): 1975;IS 1478: 1992;IS 2690 (Part 1): 1993,pending,
rq_is_1464_1992_12,Standard selection for roof ridge or ceiling tile work: machine-pressed clay ridge and ceiling tiles with ridge or ceiling tile use rather than ordinary roof tiles,IS 1464: 1992,CLAY RIDGE AND CEILING TILES,specific,use_case,IS 3951 (Part 2): 1975;IS 3951 (Part 1): 1975;IS 1478: 1992;IS 2690 (Part 1): 1993,pending,
rq_is_1478_1992_01,Require clay flooring tiles for floor covering in buildings where the distinguishing feature is flooring use with clay tile quality and strength requirements,IS 1478: 1992,CLAY FLOORING TILES,specific,formal,IS 3951 (Part 2): 1975;IS 2690 (Part 2): 1992;IS 3951 (Part 1): 1975;IS 13317: 1992,pending,
rq_is_1478_1992_02,Procure clay flooring tiles for floor covering in buildings; material or form should be clay,IS 1478: 1992,CLAY FLOORING TILES,specific,procurement,IS 3951 (Part 2): 1975;IS 2690 (Part 2): 1992;IS 3951 (Part 1): 1975;IS 13317: 1992,pending,
rq_is_1478_1992_03,Need an Indian Standard for clay flooring tiles used in floor covering in buildings with flooring use with clay tile quality and strength requirements,IS 1478: 1992,CLAY FLOORING TILES,specific,technical_natural,IS 3951 (Part 2): 1975;IS 2690 (Part 2): 1992;IS 3951 (Part 1): 1975;IS 13317: 1992,pending,
rq_is_1478_1992_04,Looking for clay flooring tiles suited to floor covering in buildings,IS 1478: 1992,CLAY FLOORING TILES,general_but_sufficient,general_natural,IS 3951 (Part 2): 1975;IS 2690 (Part 2): 1992;IS 3951 (Part 1): 1975;IS 13317: 1992,pending,
rq_is_1478_1992_05,"We need clay flooring tiles for floor covering in buildings, especially flooring use with clay tile quality and strength requirements",IS 1478: 1992,CLAY FLOORING TILES,general_but_sufficient,conversational,IS 3951 (Part 2): 1975;IS 2690 (Part 2): 1992;IS 3951 (Part 1): 1975;IS 13317: 1992,pending,
rq_is_1478_1992_06,Select the standard for a building floor finished with clay flooring tiles,IS 1478: 1992,CLAY FLOORING TILES,specific,use_case,IS 3951 (Part 2): 1975;IS 2690 (Part 2): 1992;IS 3951 (Part 1): 1975;IS 13317: 1992,pending,
rq_is_1478_1992_07,Specification needed for clay clay flooring tiles in floor covering in buildings,IS 1478: 1992,CLAY FLOORING TILES,specific,formal,IS 3951 (Part 2): 1975;IS 2690 (Part 2): 1992;IS 3951 (Part 1): 1975;IS 13317: 1992,pending,
rq_is_1478_1992_08,Purchase requirement for clay flooring tiles covering floor covering in buildings,IS 1478: 1992,CLAY FLOORING TILES,general_but_sufficient,procurement,IS 3951 (Part 2): 1975;IS 2690 (Part 2): 1992;IS 3951 (Part 1): 1975;IS 13317: 1992,pending,
rq_is_1478_1992_09,"Find the standard that covers clay flooring tiles, flooring use with clay tile quality and strength requirements",IS 1478: 1992,CLAY FLOORING TILES,specific,technical_natural,IS 3951 (Part 2): 1975;IS 2690 (Part 2): 1992;IS 3951 (Part 1): 1975;IS 13317: 1992,pending,
rq_is_1478_1992_10,Need compliant clay flooring tiles for floor covering in buildings,IS 1478: 1992,CLAY FLOORING TILES,general_but_sufficient,general_natural,IS 3951 (Part 2): 1975;IS 2690 (Part 2): 1992;IS 3951 (Part 1): 1975;IS 13317: 1992,pending,
rq_is_1478_1992_11,Which IS should I use for clay flooring tiles when the job is floor covering in buildings?,IS 1478: 1992,CLAY FLOORING TILES,specific,conversational,IS 3951 (Part 2): 1975;IS 2690 (Part 2): 1992;IS 3951 (Part 1): 1975;IS 13317: 1992,pending,
rq_is_1478_1992_12,Standard selection for floor covering in buildings: clay flooring tiles with flooring use with clay tile quality and strength requirements,IS 1478: 1992,CLAY FLOORING TILES,specific,use_case,IS 3951 (Part 2): 1975;IS 2690 (Part 2): 1992;IS 3951 (Part 1): 1975;IS 13317: 1992,pending,
rq_is_2690_part_1_1993_01,Require machine-made burnt clay flat terracing tiles for terrace covering where the distinguishing feature is machine-made flat terracing tile construction,IS 2690 (Part 1): 1993,BURNT CLAY–FLAT TERRACING TILES,specific,formal,IS 2690 (Part 2): 1992;IS 3367: 1993;IS 3951 (Part 1): 1975;IS 13317: 1992,pending,
rq_is_2690_part_1_1993_02,Procure machine-made burnt clay flat terracing tiles for terrace covering; material or form should be burnt clay,IS 2690 (Part 1): 1993,BURNT CLAY–FLAT TERRACING TILES,specific,procurement,IS 2690 (Part 2): 1992;IS 3367: 1993;IS 3951 (Part 1): 1975;IS 13317: 1992,pending,
rq_is_2690_part_1_1993_03,Need an Indian Standard for machine-made burnt clay flat terracing tiles used in terrace covering with machine-made flat terracing tile construction,IS 2690 (Part 1): 1993,BURNT CLAY–FLAT TERRACING TILES,specific,technical_natural,IS 2690 (Part 2): 1992;IS 3367: 1993;IS 3951 (Part 1): 1975;IS 13317: 1992,pending,
rq_is_2690_part_1_1993_04,Looking for machine-made burnt clay flat terracing tiles suited to terrace covering,IS 2690 (Part 1): 1993,BURNT CLAY–FLAT TERRACING TILES,general_but_sufficient,general_natural,IS 2690 (Part 2): 1992;IS 3367: 1993;IS 3951 (Part 1): 1975;IS 13317: 1992,pending,
rq_is_2690_part_1_1993_05,"We need machine-made burnt clay flat terracing tiles for terrace covering, especially machine-made flat terracing tile construction",IS 2690 (Part 1): 1993,BURNT CLAY–FLAT TERRACING TILES,general_but_sufficient,conversational,IS 2690 (Part 2): 1992;IS 3367: 1993;IS 3951 (Part 1): 1975;IS 13317: 1992,pending,
rq_is_2690_part_1_1993_06,Select the standard for a terrace finished with machine-made burnt clay flat tiles,IS 2690 (Part 1): 1993,BURNT CLAY–FLAT TERRACING TILES,specific,use_case,IS 2690 (Part 2): 1992;IS 3367: 1993;IS 3951 (Part 1): 1975;IS 13317: 1992,pending,
rq_is_2690_part_1_1993_07,Specification needed for burnt clay machine-made burnt clay flat terracing tiles in terrace covering,IS 2690 (Part 1): 1993,BURNT CLAY–FLAT TERRACING TILES,specific,formal,IS 2690 (Part 2): 1992;IS 3367: 1993;IS 3951 (Part 1): 1975;IS 13317: 1992,pending,
rq_is_2690_part_1_1993_08,Purchase requirement for machine-made burnt clay flat terracing tiles covering terrace covering,IS 2690 (Part 1): 1993,BURNT CLAY–FLAT TERRACING TILES,general_but_sufficient,procurement,IS 2690 (Part 2): 1992;IS 3367: 1993;IS 3951 (Part 1): 1975;IS 13317: 1992,pending,
rq_is_2690_part_1_1993_09,"Find the standard that covers machine-made burnt clay flat terracing tiles, machine-made flat terracing tile construction",IS 2690 (Part 1): 1993,BURNT CLAY–FLAT TERRACING TILES,specific,technical_natural,IS 2690 (Part 2): 1992;IS 3367: 1993;IS 3951 (Part 1): 1975;IS 13317: 1992,pending,
rq_is_2690_part_1_1993_10,Need compliant machine-made burnt clay flat terracing tiles for terrace covering,IS 2690 (Part 1): 1993,BURNT CLAY–FLAT TERRACING TILES,general_but_sufficient,general_natural,IS 2690 (Part 2): 1992;IS 3367: 1993;IS 3951 (Part 1): 1975;IS 13317: 1992,pending,
rq_is_2690_part_1_1993_11,Which IS should I use for machine-made burnt clay flat terracing tiles when the job is terrace covering?,IS 2690 (Part 1): 1993,BURNT CLAY–FLAT TERRACING TILES,specific,conversational,IS 2690 (Part 2): 1992;IS 3367: 1993;IS 3951 (Part 1): 1975;IS 13317: 1992,pending,
rq_is_2690_part_1_1993_12,Standard selection for terrace covering: machine-made burnt clay flat terracing tiles with machine-made flat terracing tile construction,IS 2690 (Part 1): 1993,BURNT CLAY–FLAT TERRACING TILES,specific,use_case,IS 2690 (Part 2): 1992;IS 3367: 1993;IS 3951 (Part 1): 1975;IS 13317: 1992,pending,
rq_is_2690_part_2_1992_01,Require hand-made burnt clay flat terracing tiles for terrace covering where the distinguishing feature is hand-made flat terracing tile construction,IS 2690 (Part 2): 1992,BURNT CLAY FLAT TERRACING TILES,specific,formal,IS 2690 (Part 1): 1993;IS 3367: 1993;IS 3951 (Part 1): 1975;IS 13317: 1992,pending,
rq_is_2690_part_2_1992_02,Procure hand-made burnt clay flat terracing tiles for terrace covering; material or form should be burnt clay,IS 2690 (Part 2): 1992,BURNT CLAY FLAT TERRACING TILES,specific,procurement,IS 2690 (Part 1): 1993;IS 3367: 1993;IS 3951 (Part 1): 1975;IS 13317: 1992,pending,
rq_is_2690_part_2_1992_03,Need an Indian Standard for hand-made burnt clay flat terracing tiles used in terrace covering with hand-made flat terracing tile construction,IS 2690 (Part 2): 1992,BURNT CLAY FLAT TERRACING TILES,specific,technical_natural,IS 2690 (Part 1): 1993;IS 3367: 1993;IS 3951 (Part 1): 1975;IS 13317: 1992,pending,
rq_is_2690_part_2_1992_04,Looking for hand-made burnt clay flat terracing tiles suited to terrace covering,IS 2690 (Part 2): 1992,BURNT CLAY FLAT TERRACING TILES,general_but_sufficient,general_natural,IS 2690 (Part 1): 1993;IS 3367: 1993;IS 3951 (Part 1): 1975;IS 13317: 1992,pending,
rq_is_2690_part_2_1992_05,"We need hand-made burnt clay flat terracing tiles for terrace covering, especially hand-made flat terracing tile construction",IS 2690 (Part 2): 1992,BURNT CLAY FLAT TERRACING TILES,general_but_sufficient,conversational,IS 2690 (Part 1): 1993;IS 3367: 1993;IS 3951 (Part 1): 1975;IS 13317: 1992,pending,
rq_is_2690_part_2_1992_06,Select the standard for a terrace finished with hand-made burnt clay flat tiles,IS 2690 (Part 2): 1992,BURNT CLAY FLAT TERRACING TILES,specific,use_case,IS 2690 (Part 1): 1993;IS 3367: 1993;IS 3951 (Part 1): 1975;IS 13317: 1992,pending,
rq_is_2690_part_2_1992_07,Specification needed for burnt clay hand-made burnt clay flat terracing tiles in terrace covering,IS 2690 (Part 2): 1992,BURNT CLAY FLAT TERRACING TILES,specific,formal,IS 2690 (Part 1): 1993;IS 3367: 1993;IS 3951 (Part 1): 1975;IS 13317: 1992,pending,
rq_is_2690_part_2_1992_08,Purchase requirement for hand-made burnt clay flat terracing tiles covering terrace covering,IS 2690 (Part 2): 1992,BURNT CLAY FLAT TERRACING TILES,general_but_sufficient,procurement,IS 2690 (Part 1): 1993;IS 3367: 1993;IS 3951 (Part 1): 1975;IS 13317: 1992,pending,
rq_is_2690_part_2_1992_09,"Find the standard that covers hand-made burnt clay flat terracing tiles, hand-made flat terracing tile construction",IS 2690 (Part 2): 1992,BURNT CLAY FLAT TERRACING TILES,specific,technical_natural,IS 2690 (Part 1): 1993;IS 3367: 1993;IS 3951 (Part 1): 1975;IS 13317: 1992,pending,
rq_is_2690_part_2_1992_10,Need compliant hand-made burnt clay flat terracing tiles for terrace covering,IS 2690 (Part 2): 1992,BURNT CLAY FLAT TERRACING TILES,general_but_sufficient,general_natural,IS 2690 (Part 1): 1993;IS 3367: 1993;IS 3951 (Part 1): 1975;IS 13317: 1992,pending,
rq_is_2690_part_2_1992_11,Which IS should I use for hand-made burnt clay flat terracing tiles when the job is terrace covering?,IS 2690 (Part 2): 1992,BURNT CLAY FLAT TERRACING TILES,specific,conversational,IS 2690 (Part 1): 1993;IS 3367: 1993;IS 3951 (Part 1): 1975;IS 13317: 1992,pending,
rq_is_2690_part_2_1992_12,Standard selection for terrace covering: hand-made burnt clay flat terracing tiles with hand-made flat terracing tile construction,IS 2690 (Part 2): 1992,BURNT CLAY FLAT TERRACING TILES,specific,use_case,IS 2690 (Part 1): 1993;IS 3367: 1993;IS 3951 (Part 1): 1975;IS 13317: 1992,pending,
rq_is_3367_1993_01,Require rectangular burnt clay lining tiles for irrigation canal and drainage channel lining where the distinguishing feature is lining use for canals or drainage channels other than sewage works,IS 3367: 1993,BURNT CLAY TILES FOR USE IN LINING,specific,formal,IS 2690 (Part 1): 1993;IS 2690 (Part 2): 1992;IS 654: 1992;IS 1478: 1992,pending,
rq_is_3367_1993_02,Procure rectangular burnt clay lining tiles for irrigation canal and drainage channel lining; material or form should be burnt clay,IS 3367: 1993,BURNT CLAY TILES FOR USE IN LINING,specific,procurement,IS 2690 (Part 1): 1993;IS 2690 (Part 2): 1992;IS 654: 1992;IS 1478: 1992,pending,
rq_is_3367_1993_03,Need an Indian Standard for rectangular burnt clay lining tiles used in irrigation canal and drainage channel lining with lining use for canals or drainage channels other than sewage works,IS 3367: 1993,BURNT CLAY TILES FOR USE IN LINING,specific,technical_natural,IS 2690 (Part 1): 1993;IS 2690 (Part 2): 1992;IS 654: 1992;IS 1478: 1992,pending,
rq_is_3367_1993_04,Looking for rectangular burnt clay lining tiles suited to irrigation canal and drainage channel lining,IS 3367: 1993,BURNT CLAY TILES FOR USE IN LINING,general_but_sufficient,general_natural,IS 2690 (Part 1): 1993;IS 2690 (Part 2): 1992;IS 654: 1992;IS 1478: 1992,pending,
rq_is_3367_1993_05,"We need rectangular burnt clay lining tiles for irrigation canal and drainage channel lining, especially lining use for canals or drainage channels other than sewage works",IS 3367: 1993,BURNT CLAY TILES FOR USE IN LINING,general_but_sufficient,conversational,IS 2690 (Part 1): 1993;IS 2690 (Part 2): 1992;IS 654: 1992;IS 1478: 1992,pending,
rq_is_3367_1993_06,Select the standard for lining an irrigation canal or drainage channel with burnt clay tiles,IS 3367: 1993,BURNT CLAY TILES FOR USE IN LINING,specific,use_case,IS 2690 (Part 1): 1993;IS 2690 (Part 2): 1992;IS 654: 1992;IS 1478: 1992,pending,
rq_is_3367_1993_07,Specification needed for burnt clay rectangular burnt clay lining tiles in irrigation canal and drainage channel lining,IS 3367: 1993,BURNT CLAY TILES FOR USE IN LINING,specific,formal,IS 2690 (Part 1): 1993;IS 2690 (Part 2): 1992;IS 654: 1992;IS 1478: 1992,pending,
rq_is_3367_1993_08,Purchase requirement for rectangular burnt clay lining tiles covering irrigation canal and drainage channel lining,IS 3367: 1993,BURNT CLAY TILES FOR USE IN LINING,general_but_sufficient,procurement,IS 2690 (Part 1): 1993;IS 2690 (Part 2): 1992;IS 654: 1992;IS 1478: 1992,pending,
rq_is_3367_1993_09,"Find the standard that covers rectangular burnt clay lining tiles, lining use for canals or drainage channels other than sewage works",IS 3367: 1993,BURNT CLAY TILES FOR USE IN LINING,specific,technical_natural,IS 2690 (Part 1): 1993;IS 2690 (Part 2): 1992;IS 654: 1992;IS 1478: 1992,pending,
rq_is_3367_1993_10,Need compliant rectangular burnt clay lining tiles for irrigation canal and drainage channel lining,IS 3367: 1993,BURNT CLAY TILES FOR USE IN LINING,general_but_sufficient,general_natural,IS 2690 (Part 1): 1993;IS 2690 (Part 2): 1992;IS 654: 1992;IS 1478: 1992,pending,
rq_is_3367_1993_11,Which IS should I use for rectangular burnt clay lining tiles when the job is irrigation canal and drainage channel lining?,IS 3367: 1993,BURNT CLAY TILES FOR USE IN LINING,specific,conversational,IS 2690 (Part 1): 1993;IS 2690 (Part 2): 1992;IS 654: 1992;IS 1478: 1992,pending,
rq_is_3367_1993_12,Standard selection for irrigation canal and drainage channel lining: rectangular burnt clay lining tiles with lining use for canals or drainage channels other than sewage works,IS 3367: 1993,BURNT CLAY TILES FOR USE IN LINING,specific,use_case,IS 2690 (Part 1): 1993;IS 2690 (Part 2): 1992;IS 654: 1992;IS 1478: 1992,pending,
rq_is_3951_part_1_1975_01,Require hollow clay filler tiles for floors and roofs where the distinguishing feature is filler tiles with perforations parallel to length,IS 3951 (Part 1): 1975,HOLLOW CLAY TILES FOR,specific,formal,IS 3951 (Part 2): 1975;IS 1478: 1992;IS 1464: 1992;IS 654: 1992,pending,
rq_is_3951_part_1_1975_02,Procure hollow clay filler tiles for floors and roofs; material or form should be clay,IS 3951 (Part 1): 1975,HOLLOW CLAY TILES FOR,specific,procurement,IS 3951 (Part 2): 1975;IS 1478: 1992;IS 1464: 1992;IS 654: 1992,pending,
rq_is_3951_part_1_1975_03,Need an Indian Standard for hollow clay filler tiles used in floors and roofs with filler tiles with perforations parallel to length,IS 3951 (Part 1): 1975,HOLLOW CLAY TILES FOR,specific,technical_natural,IS 3951 (Part 2): 1975;IS 1478: 1992;IS 1464: 1992;IS 654: 1992,pending,
rq_is_3951_part_1_1975_04,Looking for hollow clay filler tiles suited to floors and roofs,IS 3951 (Part 1): 1975,HOLLOW CLAY TILES FOR,general_but_sufficient,general_natural,IS 3951 (Part 2): 1975;IS 1478: 1992;IS 1464: 1992;IS 654: 1992,pending,
rq_is_3951_part_1_1975_05,"We need hollow clay filler tiles for floors and roofs, especially filler tiles with perforations parallel to length",IS 3951 (Part 1): 1975,HOLLOW CLAY TILES FOR,general_but_sufficient,conversational,IS 3951 (Part 2): 1975;IS 1478: 1992;IS 1464: 1992;IS 654: 1992,pending,
rq_is_3951_part_1_1975_06,Select the standard for floor or roof filler work using hollow clay tiles,IS 3951 (Part 1): 1975,HOLLOW CLAY TILES FOR,specific,use_case,IS 3951 (Part 2): 1975;IS 1478: 1992;IS 1464: 1992;IS 654: 1992,pending,
rq_is_3951_part_1_1975_07,Specification needed for clay hollow clay filler tiles in floors and roofs,IS 3951 (Part 1): 1975,HOLLOW CLAY TILES FOR,specific,formal,IS 3951 (Part 2): 1975;IS 1478: 1992;IS 1464: 1992;IS 654: 1992,pending,
rq_is_3951_part_1_1975_08,Purchase requirement for hollow clay filler tiles covering floors and roofs,IS 3951 (Part 1): 1975,HOLLOW CLAY TILES FOR,general_but_sufficient,procurement,IS 3951 (Part 2): 1975;IS 1478: 1992;IS 1464: 1992;IS 654: 1992,pending,
rq_is_3951_part_1_1975_09,"Find the standard that covers hollow clay filler tiles, filler tiles with perforations parallel to length",IS 3951 (Part 1): 1975,HOLLOW CLAY TILES FOR,specific,technical_natural,IS 3951 (Part 2): 1975;IS 1478: 1992;IS 1464: 1992;IS 654: 1992,pending,
rq_is_3951_part_1_1975_10,Need compliant hollow clay filler tiles for floors and roofs,IS 3951 (Part 1): 1975,HOLLOW CLAY TILES FOR,general_but_sufficient,general_natural,IS 3951 (Part 2): 1975;IS 1478: 1992;IS 1464: 1992;IS 654: 1992,pending,
rq_is_3951_part_1_1975_11,Which IS should I use for hollow clay filler tiles when the job is floors and roofs?,IS 3951 (Part 1): 1975,HOLLOW CLAY TILES FOR,specific,conversational,IS 3951 (Part 2): 1975;IS 1478: 1992;IS 1464: 1992;IS 654: 1992,pending,
rq_is_3951_part_1_1975_12,Standard selection for floors and roofs: hollow clay filler tiles with filler tiles with perforations parallel to length,IS 3951 (Part 1): 1975,HOLLOW CLAY TILES FOR,specific,use_case,IS 3951 (Part 2): 1975;IS 1478: 1992;IS 1464: 1992;IS 654: 1992,pending,
rq_is_3951_part_2_1975_01,Require structural hollow clay tiles for floor and roof structural tile work where the distinguishing feature is structural hollow clay tile requirements,IS 3951 (Part 2): 1975,HOLLOW CLAY TILES FOR,specific,formal,IS 3951 (Part 1): 1975;IS 1478: 1992;IS 1464: 1992;IS 654: 1992,pending,
rq_is_3951_part_2_1975_02,Procure structural hollow clay tiles for floor and roof structural tile work; material or form should be clay,IS 3951 (Part 2): 1975,HOLLOW CLAY TILES FOR,specific,procurement,IS 3951 (Part 1): 1975;IS 1478: 1992;IS 1464: 1992;IS 654: 1992,pending,
rq_is_3951_part_2_1975_03,Need an Indian Standard for structural hollow clay tiles used in floor and roof structural tile work with structural hollow clay tile requirements,IS 3951 (Part 2): 1975,HOLLOW CLAY TILES FOR,specific,technical_natural,IS 3951 (Part 1): 1975;IS 1478: 1992;IS 1464: 1992;IS 654: 1992,pending,
rq_is_3951_part_2_1975_04,Looking for structural hollow clay tiles suited to floor and roof structural tile work,IS 3951 (Part 2): 1975,HOLLOW CLAY TILES FOR,general_but_sufficient,general_natural,IS 3951 (Part 1): 1975;IS 1478: 1992;IS 1464: 1992;IS 654: 1992,pending,
rq_is_3951_part_2_1975_05,"We need structural hollow clay tiles for floor and roof structural tile work, especially structural hollow clay tile requirements",IS 3951 (Part 2): 1975,HOLLOW CLAY TILES FOR,general_but_sufficient,conversational,IS 3951 (Part 1): 1975;IS 1478: 1992;IS 1464: 1992;IS 654: 1992,pending,
rq_is_3951_part_2_1975_06,Select the standard for floor or roof construction using structural hollow clay tiles,IS 3951 (Part 2): 1975,HOLLOW CLAY TILES FOR,specific,use_case,IS 3951 (Part 1): 1975;IS 1478: 1992;IS 1464: 1992;IS 654: 1992,pending,
rq_is_3951_part_2_1975_07,Specification needed for clay structural hollow clay tiles in floor and roof structural tile work,IS 3951 (Part 2): 1975,HOLLOW CLAY TILES FOR,specific,formal,IS 3951 (Part 1): 1975;IS 1478: 1992;IS 1464: 1992;IS 654: 1992,pending,
rq_is_3951_part_2_1975_08,Purchase requirement for structural hollow clay tiles covering floor and roof structural tile work,IS 3951 (Part 2): 1975,HOLLOW CLAY TILES FOR,general_but_sufficient,procurement,IS 3951 (Part 1): 1975;IS 1478: 1992;IS 1464: 1992;IS 654: 1992,pending,
rq_is_3951_part_2_1975_09,"Find the standard that covers structural hollow clay tiles, structural hollow clay tile requirements",IS 3951 (Part 2): 1975,HOLLOW CLAY TILES FOR,specific,technical_natural,IS 3951 (Part 1): 1975;IS 1478: 1992;IS 1464: 1992;IS 654: 1992,pending,
rq_is_3951_part_2_1975_10,Need compliant structural hollow clay tiles for floor and roof structural tile work,IS 3951 (Part 2): 1975,HOLLOW CLAY TILES FOR,general_but_sufficient,general_natural,IS 3951 (Part 1): 1975;IS 1478: 1992;IS 1464: 1992;IS 654: 1992,pending,
rq_is_3951_part_2_1975_11,Which IS should I use for structural hollow clay tiles when the job is floor and roof structural tile work?,IS 3951 (Part 2): 1975,HOLLOW CLAY TILES FOR,specific,conversational,IS 3951 (Part 1): 1975;IS 1478: 1992;IS 1464: 1992;IS 654: 1992,pending,
rq_is_3951_part_2_1975_12,Standard selection for floor and roof structural tile work: structural hollow clay tiles with structural hollow clay tile requirements,IS 3951 (Part 2): 1975,HOLLOW CLAY TILES FOR,specific,use_case,IS 3951 (Part 1): 1975;IS 1478: 1992;IS 1464: 1992;IS 654: 1992,pending,
rq_is_13317_1992_01,Require hand-made country clay roofing tiles for country-style roof covering where the distinguishing feature is half-round or flat country roofing tile form,IS 13317: 1992,"CLAY ROOFING COUNTRY TILES,",specific,formal,IS 654: 1992;IS 1478: 1992;IS 2690 (Part 2): 1992;IS 2690 (Part 1): 1993,pending,
rq_is_13317_1992_02,Procure hand-made country clay roofing tiles for country-style roof covering; material or form should be clay,IS 13317: 1992,"CLAY ROOFING COUNTRY TILES,",specific,procurement,IS 654: 1992;IS 1478: 1992;IS 2690 (Part 2): 1992;IS 2690 (Part 1): 1993,pending,
rq_is_13317_1992_03,Need an Indian Standard for hand-made country clay roofing tiles used in country-style roof covering with half-round or flat country roofing tile form,IS 13317: 1992,"CLAY ROOFING COUNTRY TILES,",specific,technical_natural,IS 654: 1992;IS 1478: 1992;IS 2690 (Part 2): 1992;IS 2690 (Part 1): 1993,pending,
rq_is_13317_1992_04,Looking for hand-made country clay roofing tiles suited to country-style roof covering,IS 13317: 1992,"CLAY ROOFING COUNTRY TILES,",general_but_sufficient,general_natural,IS 654: 1992;IS 1478: 1992;IS 2690 (Part 2): 1992;IS 2690 (Part 1): 1993,pending,
rq_is_13317_1992_05,"We need hand-made country clay roofing tiles for country-style roof covering, especially half-round or flat country roofing tile form",IS 13317: 1992,"CLAY ROOFING COUNTRY TILES,",general_but_sufficient,conversational,IS 654: 1992;IS 1478: 1992;IS 2690 (Part 2): 1992;IS 2690 (Part 1): 1993,pending,
rq_is_13317_1992_06,Select the standard for a roof built with hand-made country clay roofing tiles,IS 13317: 1992,"CLAY ROOFING COUNTRY TILES,",specific,use_case,IS 654: 1992;IS 1478: 1992;IS 2690 (Part 2): 1992;IS 2690 (Part 1): 1993,pending,
rq_is_13317_1992_07,Specification needed for clay hand-made country clay roofing tiles in country-style roof covering,IS 13317: 1992,"CLAY ROOFING COUNTRY TILES,",specific,formal,IS 654: 1992;IS 1478: 1992;IS 2690 (Part 2): 1992;IS 2690 (Part 1): 1993,pending,
rq_is_13317_1992_08,Purchase requirement for hand-made country clay roofing tiles covering country-style roof covering,IS 13317: 1992,"CLAY ROOFING COUNTRY TILES,",general_but_sufficient,procurement,IS 654: 1992;IS 1478: 1992;IS 2690 (Part 2): 1992;IS 2690 (Part 1): 1993,pending,
rq_is_13317_1992_09,"Find the standard that covers hand-made country clay roofing tiles, half-round or flat country roofing tile form",IS 13317: 1992,"CLAY ROOFING COUNTRY TILES,",specific,technical_natural,IS 654: 1992;IS 1478: 1992;IS 2690 (Part 2): 1992;IS 2690 (Part 1): 1993,pending,
rq_is_13317_1992_10,Need compliant hand-made country clay roofing tiles for country-style roof covering,IS 13317: 1992,"CLAY ROOFING COUNTRY TILES,",general_but_sufficient,general_natural,IS 654: 1992;IS 1478: 1992;IS 2690 (Part 2): 1992;IS 2690 (Part 1): 1993,pending,
rq_is_13317_1992_11,Which IS should I use for hand-made country clay roofing tiles when the job is country-style roof covering?,IS 13317: 1992,"CLAY ROOFING COUNTRY TILES,",specific,conversational,IS 654: 1992;IS 1478: 1992;IS 2690 (Part 2): 1992;IS 2690 (Part 1): 1993,pending,
rq_is_13317_1992_12,Standard selection for country-style roof covering: hand-made country clay roofing tiles with half-round or flat country roofing tile form,IS 13317: 1992,"CLAY ROOFING COUNTRY TILES,",specific,use_case,IS 654: 1992;IS 1478: 1992;IS 2690 (Part 2): 1992;IS 2690 (Part 1): 1993,pending,
rq_is_12709_1994_01,Require GRP pressure pipes for potable water conveyance where the distinguishing feature is pressure pipe service for potable water,IS 12709: 1994,GLASS FIBRE REINFORCED PLASTICS (GRP),specific,formal,IS 14402: 1996;IS 14333: 1996;IS 13592: 1992;IS 3589: 2001,pending,
rq_is_12709_1994_02,Procure GRP pressure pipes for potable water conveyance; material or form should be glass fibre reinforced thermosetting resin,IS 12709: 1994,GLASS FIBRE REINFORCED PLASTICS (GRP),specific,procurement,IS 14402: 1996;IS 14333: 1996;IS 13592: 1992;IS 3589: 2001,pending,
rq_is_12709_1994_03,Need an Indian Standard for GRP pressure pipes used in potable water conveyance with pressure pipe service for potable water,IS 12709: 1994,GLASS FIBRE REINFORCED PLASTICS (GRP),specific,technical_natural,IS 14402: 1996;IS 14333: 1996;IS 13592: 1992;IS 3589: 2001,pending,
rq_is_12709_1994_04,Looking for GRP pressure pipes suited to potable water conveyance,IS 12709: 1994,GLASS FIBRE REINFORCED PLASTICS (GRP),general_but_sufficient,general_natural,IS 14402: 1996;IS 14333: 1996;IS 13592: 1992;IS 3589: 2001,pending,
rq_is_12709_1994_05,"We need GRP pressure pipes for potable water conveyance, especially pressure pipe service for potable water",IS 12709: 1994,GLASS FIBRE REINFORCED PLASTICS (GRP),general_but_sufficient,conversational,IS 14402: 1996;IS 14333: 1996;IS 13592: 1992;IS 3589: 2001,pending,
rq_is_12709_1994_06,Select the standard for a drinking-water pipeline using GRP pressure pipes,IS 12709: 1994,GLASS FIBRE REINFORCED PLASTICS (GRP),specific,use_case,IS 14402: 1996;IS 14333: 1996;IS 13592: 1992;IS 3589: 2001,pending,
rq_is_12709_1994_07,Specification needed for glass fibre reinforced thermosetting resin GRP pressure pipes in potable water conveyance,IS 12709: 1994,GLASS FIBRE REINFORCED PLASTICS (GRP),specific,formal,IS 14402: 1996;IS 14333: 1996;IS 13592: 1992;IS 3589: 2001,pending,
rq_is_12709_1994_08,Purchase requirement for GRP pressure pipes covering potable water conveyance,IS 12709: 1994,GLASS FIBRE REINFORCED PLASTICS (GRP),general_but_sufficient,procurement,IS 14402: 1996;IS 14333: 1996;IS 13592: 1992;IS 3589: 2001,pending,
rq_is_12709_1994_09,"Find the standard that covers GRP pressure pipes, pressure pipe service for potable water",IS 12709: 1994,GLASS FIBRE REINFORCED PLASTICS (GRP),specific,technical_natural,IS 14402: 1996;IS 14333: 1996;IS 13592: 1992;IS 3589: 2001,pending,
rq_is_12709_1994_10,Need compliant GRP pressure pipes for potable water conveyance,IS 12709: 1994,GLASS FIBRE REINFORCED PLASTICS (GRP),general_but_sufficient,general_natural,IS 14402: 1996;IS 14333: 1996;IS 13592: 1992;IS 3589: 2001,pending,
rq_is_12709_1994_11,Which IS should I use for GRP pressure pipes when the job is potable water conveyance?,IS 12709: 1994,GLASS FIBRE REINFORCED PLASTICS (GRP),specific,conversational,IS 14402: 1996;IS 14333: 1996;IS 13592: 1992;IS 3589: 2001,pending,
rq_is_12709_1994_12,Standard selection for potable water conveyance: GRP pressure pipes with pressure pipe service for potable water,IS 12709: 1994,GLASS FIBRE REINFORCED PLASTICS (GRP),specific,use_case,IS 14402: 1996;IS 14333: 1996;IS 13592: 1992;IS 3589: 2001,pending,
rq_is_12818_1992_01,Require unplasticized PVC screen and casing pipes for borewell or tubewell water supply where the distinguishing feature is screen and casing pipe use for wells,IS 12818: 1992,UNPLASTICISED PVC SCREEN AND CASING,specific,formal,IS 13592: 1992;IS 14333: 1996;IS 14735: 1999;IS 4270: 2001,pending,
rq_is_12818_1992_02,Procure unplasticized PVC screen and casing pipes for borewell or tubewell water supply; material or form should be unplasticized polyvinyl chloride,IS 12818: 1992,UNPLASTICISED PVC SCREEN AND CASING,specific,procurement,IS 13592: 1992;IS 14333: 1996;IS 14735: 1999;IS 4270: 2001,pending,
rq_is_12818_1992_03,Need an Indian Standard for unplasticized PVC screen and casing pipes used in borewell or tubewell water supply with screen and casing pipe use for wells,IS 12818: 1992,UNPLASTICISED PVC SCREEN AND CASING,specific,technical_natural,IS 13592: 1992;IS 14333: 1996;IS 14735: 1999;IS 4270: 2001,pending,
rq_is_12818_1992_04,Looking for unplasticized PVC screen and casing pipes suited to borewell or tubewell water supply,IS 12818: 1992,UNPLASTICISED PVC SCREEN AND CASING,general_but_sufficient,general_natural,IS 13592: 1992;IS 14333: 1996;IS 14735: 1999;IS 4270: 2001,pending,
rq_is_12818_1992_05,"We need unplasticized PVC screen and casing pipes for borewell or tubewell water supply, especially screen and casing pipe use for wells",IS 12818: 1992,UNPLASTICISED PVC SCREEN AND CASING,general_but_sufficient,conversational,IS 13592: 1992;IS 14333: 1996;IS 14735: 1999;IS 4270: 2001,pending,
rq_is_12818_1992_06,Select the standard for a borewell installation needing PVC screen and casing pipes,IS 12818: 1992,UNPLASTICISED PVC SCREEN AND CASING,specific,use_case,IS 13592: 1992;IS 14333: 1996;IS 14735: 1999;IS 4270: 2001,pending,
rq_is_12818_1992_07,Specification needed for unplasticized polyvinyl chloride unplasticized PVC screen and casing pipes in borewell or tubewell water supply,IS 12818: 1992,UNPLASTICISED PVC SCREEN AND CASING,specific,formal,IS 13592: 1992;IS 14333: 1996;IS 14735: 1999;IS 4270: 2001,pending,
rq_is_12818_1992_08,Purchase requirement for unplasticized PVC screen and casing pipes covering borewell or tubewell water supply,IS 12818: 1992,UNPLASTICISED PVC SCREEN AND CASING,general_but_sufficient,procurement,IS 13592: 1992;IS 14333: 1996;IS 14735: 1999;IS 4270: 2001,pending,
rq_is_12818_1992_09,"Find the standard that covers unplasticized PVC screen and casing pipes, screen and casing pipe use for wells",IS 12818: 1992,UNPLASTICISED PVC SCREEN AND CASING,specific,technical_natural,IS 13592: 1992;IS 14333: 1996;IS 14735: 1999;IS 4270: 2001,pending,
rq_is_12818_1992_10,Need compliant unplasticized PVC screen and casing pipes for borewell or tubewell water supply,IS 12818: 1992,UNPLASTICISED PVC SCREEN AND CASING,general_but_sufficient,general_natural,IS 13592: 1992;IS 14333: 1996;IS 14735: 1999;IS 4270: 2001,pending,
rq_is_12818_1992_11,Which IS should I use for unplasticized PVC screen and casing pipes when the job is borewell or tubewell water supply?,IS 12818: 1992,UNPLASTICISED PVC SCREEN AND CASING,specific,conversational,IS 13592: 1992;IS 14333: 1996;IS 14735: 1999;IS 4270: 2001,pending,
rq_is_12818_1992_12,Standard selection for borewell or tubewell water supply: unplasticized PVC screen and casing pipes with screen and casing pipe use for wells,IS 12818: 1992,UNPLASTICISED PVC SCREEN AND CASING,specific,use_case,IS 13592: 1992;IS 14333: 1996;IS 14735: 1999;IS 4270: 2001,pending,
rq_is_13592_1992_01,"Require UPVC soil and waste discharge pipes for inside-building soil, waste, ventilating, and rainwater systems where the distinguishing feature is plain and socket-end pipes for discharge systems inside buildings",IS 13592: 1992,UNPLASTILIZED POLYVINYL CHLORIDE (UPVC),specific,formal,IS 12818: 1992;IS 14735: 1999;IS 14333: 1996;IS 3589: 2001,pending,
rq_is_13592_1992_02,"Procure UPVC soil and waste discharge pipes for inside-building soil, waste, ventilating, and rainwater systems; material or form should be unplasticized polyvinyl chloride",IS 13592: 1992,UNPLASTILIZED POLYVINYL CHLORIDE (UPVC),specific,procurement,IS 12818: 1992;IS 14735: 1999;IS 14333: 1996;IS 3589: 2001,pending,
rq_is_13592_1992_03,"Need an Indian Standard for UPVC soil and waste discharge pipes used in inside-building soil, waste, ventilating, and rainwater systems with plain and socket-end pipes for discharge systems inside buildings",IS 13592: 1992,UNPLASTILIZED POLYVINYL CHLORIDE (UPVC),specific,technical_natural,IS 12818: 1992;IS 14735: 1999;IS 14333: 1996;IS 3589: 2001,pending,
rq_is_13592_1992_04,"Looking for UPVC soil and waste discharge pipes suited to inside-building soil, waste, ventilating, and rainwater systems",IS 13592: 1992,UNPLASTILIZED POLYVINYL CHLORIDE (UPVC),general_but_sufficient,general_natural,IS 12818: 1992;IS 14735: 1999;IS 14333: 1996;IS 3589: 2001,pending,
rq_is_13592_1992_05,"We need UPVC soil and waste discharge pipes for inside-building soil, waste, ventilating, and rainwater systems, especially plain and socket-end pipes for discharge systems inside buildings",IS 13592: 1992,UNPLASTILIZED POLYVINYL CHLORIDE (UPVC),general_but_sufficient,conversational,IS 12818: 1992;IS 14735: 1999;IS 14333: 1996;IS 3589: 2001,pending,
rq_is_13592_1992_06,Select the standard for a building drainage stack using UPVC soil and waste pipes,IS 13592: 1992,UNPLASTILIZED POLYVINYL CHLORIDE (UPVC),specific,use_case,IS 12818: 1992;IS 14735: 1999;IS 14333: 1996;IS 3589: 2001,pending,
rq_is_13592_1992_07,"Specification needed for unplasticized polyvinyl chloride UPVC soil and waste discharge pipes in inside-building soil, waste, ventilating, and rainwater systems",IS 13592: 1992,UNPLASTILIZED POLYVINYL CHLORIDE (UPVC),specific,formal,IS 12818: 1992;IS 14735: 1999;IS 14333: 1996;IS 3589: 2001,pending,
rq_is_13592_1992_08,"Purchase requirement for UPVC soil and waste discharge pipes covering inside-building soil, waste, ventilating, and rainwater systems",IS 13592: 1992,UNPLASTILIZED POLYVINYL CHLORIDE (UPVC),general_but_sufficient,procurement,IS 12818: 1992;IS 14735: 1999;IS 14333: 1996;IS 3589: 2001,pending,
rq_is_13592_1992_09,"Find the standard that covers UPVC soil and waste discharge pipes, plain and socket-end pipes for discharge systems inside buildings",IS 13592: 1992,UNPLASTILIZED POLYVINYL CHLORIDE (UPVC),specific,technical_natural,IS 12818: 1992;IS 14735: 1999;IS 14333: 1996;IS 3589: 2001,pending,
rq_is_13592_1992_10,"Need compliant UPVC soil and waste discharge pipes for inside-building soil, waste, ventilating, and rainwater systems",IS 13592: 1992,UNPLASTILIZED POLYVINYL CHLORIDE (UPVC),general_but_sufficient,general_natural,IS 12818: 1992;IS 14735: 1999;IS 14333: 1996;IS 3589: 2001,pending,
rq_is_13592_1992_11,"Which IS should I use for UPVC soil and waste discharge pipes when the job is inside-building soil, waste, ventilating, and rainwater systems?",IS 13592: 1992,UNPLASTILIZED POLYVINYL CHLORIDE (UPVC),specific,conversational,IS 12818: 1992;IS 14735: 1999;IS 14333: 1996;IS 3589: 2001,pending,
rq_is_13592_1992_12,"Standard selection for inside-building soil, waste, ventilating, and rainwater systems: UPVC soil and waste discharge pipes with plain and socket-end pipes for discharge systems inside buildings",IS 13592: 1992,UNPLASTILIZED POLYVINYL CHLORIDE (UPVC),specific,use_case,IS 12818: 1992;IS 14735: 1999;IS 14333: 1996;IS 3589: 2001,pending,
rq_is_14333_1996_01,"Require HDPE sewerage pipes for sewerage pipelines where the distinguishing feature is sewerage service using PE63, PE80, or PE100 pipe material",IS 14333: 1996,HIGH DENSITY POLYETHYELENE PIPES,specific,formal,IS 12818: 1992;IS 14402: 1996;IS 13592: 1992;IS 12709: 1994,pending,
rq_is_14333_1996_02,Procure HDPE sewerage pipes for sewerage pipelines; material or form should be high density polyethylene,IS 14333: 1996,HIGH DENSITY POLYETHYELENE PIPES,specific,procurement,IS 12818: 1992;IS 14402: 1996;IS 13592: 1992;IS 12709: 1994,pending,
rq_is_14333_1996_03,"Need an Indian Standard for HDPE sewerage pipes used in sewerage pipelines with sewerage service using PE63, PE80, or PE100 pipe material",IS 14333: 1996,HIGH DENSITY POLYETHYELENE PIPES,specific,technical_natural,IS 12818: 1992;IS 14402: 1996;IS 13592: 1992;IS 12709: 1994,pending,
rq_is_14333_1996_04,Looking for HDPE sewerage pipes suited to sewerage pipelines,IS 14333: 1996,HIGH DENSITY POLYETHYELENE PIPES,general_but_sufficient,general_natural,IS 12818: 1992;IS 14402: 1996;IS 13592: 1992;IS 12709: 1994,pending,
rq_is_14333_1996_05,"We need HDPE sewerage pipes for sewerage pipelines, especially sewerage service using PE63, PE80, or PE100 pipe material",IS 14333: 1996,HIGH DENSITY POLYETHYELENE PIPES,general_but_sufficient,conversational,IS 12818: 1992;IS 14402: 1996;IS 13592: 1992;IS 12709: 1994,pending,
rq_is_14333_1996_06,Select the standard for a sewerage line constructed with HDPE pipes,IS 14333: 1996,HIGH DENSITY POLYETHYELENE PIPES,specific,use_case,IS 12818: 1992;IS 14402: 1996;IS 13592: 1992;IS 12709: 1994,pending,
rq_is_14333_1996_07,Specification needed for high density polyethylene HDPE sewerage pipes in sewerage pipelines,IS 14333: 1996,HIGH DENSITY POLYETHYELENE PIPES,specific,formal,IS 12818: 1992;IS 14402: 1996;IS 13592: 1992;IS 12709: 1994,pending,
rq_is_14333_1996_08,Purchase requirement for HDPE sewerage pipes covering sewerage pipelines,IS 14333: 1996,HIGH DENSITY POLYETHYELENE PIPES,general_but_sufficient,procurement,IS 12818: 1992;IS 14402: 1996;IS 13592: 1992;IS 12709: 1994,pending,
rq_is_14333_1996_09,"Find the standard that covers HDPE sewerage pipes, sewerage service using PE63, PE80, or PE100 pipe material",IS 14333: 1996,HIGH DENSITY POLYETHYELENE PIPES,specific,technical_natural,IS 12818: 1992;IS 14402: 1996;IS 13592: 1992;IS 12709: 1994,pending,
rq_is_14333_1996_10,Need compliant HDPE sewerage pipes for sewerage pipelines,IS 14333: 1996,HIGH DENSITY POLYETHYELENE PIPES,general_but_sufficient,general_natural,IS 12818: 1992;IS 14402: 1996;IS 13592: 1992;IS 12709: 1994,pending,
rq_is_14333_1996_11,Which IS should I use for HDPE sewerage pipes when the job is sewerage pipelines?,IS 14333: 1996,HIGH DENSITY POLYETHYELENE PIPES,specific,conversational,IS 12818: 1992;IS 14402: 1996;IS 13592: 1992;IS 12709: 1994,pending,
rq_is_14333_1996_12,"Standard selection for sewerage pipelines: HDPE sewerage pipes with sewerage service using PE63, PE80, or PE100 pipe material",IS 14333: 1996,HIGH DENSITY POLYETHYELENE PIPES,specific,use_case,IS 12818: 1992;IS 14402: 1996;IS 13592: 1992;IS 12709: 1994,pending,
rq_is_14402_1996_01,"Require GRP pipes for non-potable service for sewerage, industrial waste, storm water, or other non-potable water where the distinguishing feature is non-potable conveyance rather than drinking-water service",IS 14402: 1996,GLASS FIBRE REINFORCED PLASTICS (GRP),specific,formal,IS 12709: 1994;IS 14333: 1996;IS 13592: 1992;IS 3589: 2001,pending,
rq_is_14402_1996_02,"Procure GRP pipes for non-potable service for sewerage, industrial waste, storm water, or other non-potable water; material or form should be glass fibre reinforced thermosetting resin",IS 14402: 1996,GLASS FIBRE REINFORCED PLASTICS (GRP),specific,procurement,IS 12709: 1994;IS 14333: 1996;IS 13592: 1992;IS 3589: 2001,pending,
rq_is_14402_1996_03,"Need an Indian Standard for GRP pipes for non-potable service used in sewerage, industrial waste, storm water, or other non-potable water with non-potable conveyance rather than drinking-water service",IS 14402: 1996,GLASS FIBRE REINFORCED PLASTICS (GRP),specific,technical_natural,IS 12709: 1994;IS 14333: 1996;IS 13592: 1992;IS 3589: 2001,pending,
rq_is_14402_1996_04,"Looking for GRP pipes for non-potable service suited to sewerage, industrial waste, storm water, or other non-potable water",IS 14402: 1996,GLASS FIBRE REINFORCED PLASTICS (GRP),general_but_sufficient,general_natural,IS 12709: 1994;IS 14333: 1996;IS 13592: 1992;IS 3589: 2001,pending,
rq_is_14402_1996_05,"We need GRP pipes for non-potable service for sewerage, industrial waste, storm water, or other non-potable water, especially non-potable conveyance rather than drinking-water service",IS 14402: 1996,GLASS FIBRE REINFORCED PLASTICS (GRP),general_but_sufficient,conversational,IS 12709: 1994;IS 14333: 1996;IS 13592: 1992;IS 3589: 2001,pending,
rq_is_14402_1996_06,Select the standard for an industrial wastewater or storm-water line using GRP pipes,IS 14402: 1996,GLASS FIBRE REINFORCED PLASTICS (GRP),specific,use_case,IS 12709: 1994;IS 14333: 1996;IS 13592: 1992;IS 3589: 2001,pending,
rq_is_14402_1996_07,"Specification needed for glass fibre reinforced thermosetting resin GRP pipes for non-potable service in sewerage, industrial waste, storm water, or other non-potable water",IS 14402: 1996,GLASS FIBRE REINFORCED PLASTICS (GRP),specific,formal,IS 12709: 1994;IS 14333: 1996;IS 13592: 1992;IS 3589: 2001,pending,
rq_is_14402_1996_08,"Purchase requirement for GRP pipes for non-potable service covering sewerage, industrial waste, storm water, or other non-potable water",IS 14402: 1996,GLASS FIBRE REINFORCED PLASTICS (GRP),general_but_sufficient,procurement,IS 12709: 1994;IS 14333: 1996;IS 13592: 1992;IS 3589: 2001,pending,
rq_is_14402_1996_09,"Find the standard that covers GRP pipes for non-potable service, non-potable conveyance rather than drinking-water service",IS 14402: 1996,GLASS FIBRE REINFORCED PLASTICS (GRP),specific,technical_natural,IS 12709: 1994;IS 14333: 1996;IS 13592: 1992;IS 3589: 2001,pending,
rq_is_14402_1996_10,"Need compliant GRP pipes for non-potable service for sewerage, industrial waste, storm water, or other non-potable water",IS 14402: 1996,GLASS FIBRE REINFORCED PLASTICS (GRP),general_but_sufficient,general_natural,IS 12709: 1994;IS 14333: 1996;IS 13592: 1992;IS 3589: 2001,pending,
rq_is_14402_1996_11,"Which IS should I use for GRP pipes for non-potable service when the job is sewerage, industrial waste, storm water, or other non-potable water?",IS 14402: 1996,GLASS FIBRE REINFORCED PLASTICS (GRP),specific,conversational,IS 12709: 1994;IS 14333: 1996;IS 13592: 1992;IS 3589: 2001,pending,
rq_is_14402_1996_12,"Standard selection for sewerage, industrial waste, storm water, or other non-potable water: GRP pipes for non-potable service with non-potable conveyance rather than drinking-water service",IS 14402: 1996,GLASS FIBRE REINFORCED PLASTICS (GRP),specific,use_case,IS 12709: 1994;IS 14333: 1996;IS 13592: 1992;IS 3589: 2001,pending,
rq_is_14735_1999_01,Require UPVC injection-moulded pipe fittings for jointing UPVC drainage or soil-waste pipes where the distinguishing feature is fittings for pipe joints rather than the pipes themselves,IS 14735: 1999,UNPLASTICIZED POLYVINYL CHLORIDE (UPVC),specific,formal,IS 13592: 1992;IS 651: 1992;IS 12818: 1992;IS 12709: 1994,pending,
rq_is_14735_1999_02,Procure UPVC injection-moulded pipe fittings for jointing UPVC drainage or soil-waste pipes; material or form should be unplasticized polyvinyl chloride,IS 14735: 1999,UNPLASTICIZED POLYVINYL CHLORIDE (UPVC),specific,procurement,IS 13592: 1992;IS 651: 1992;IS 12818: 1992;IS 12709: 1994,pending,
rq_is_14735_1999_03,Need an Indian Standard for UPVC injection-moulded pipe fittings used in jointing UPVC drainage or soil-waste pipes with fittings for pipe joints rather than the pipes themselves,IS 14735: 1999,UNPLASTICIZED POLYVINYL CHLORIDE (UPVC),specific,technical_natural,IS 13592: 1992;IS 651: 1992;IS 12818: 1992;IS 12709: 1994,pending,
rq_is_14735_1999_04,Looking for UPVC injection-moulded pipe fittings suited to jointing UPVC drainage or soil-waste pipes,IS 14735: 1999,UNPLASTICIZED POLYVINYL CHLORIDE (UPVC),general_but_sufficient,general_natural,IS 13592: 1992;IS 651: 1992;IS 12818: 1992;IS 12709: 1994,pending,
rq_is_14735_1999_05,"We need UPVC injection-moulded pipe fittings for jointing UPVC drainage or soil-waste pipes, especially fittings for pipe joints rather than the pipes themselves",IS 14735: 1999,UNPLASTICIZED POLYVINYL CHLORIDE (UPVC),general_but_sufficient,conversational,IS 13592: 1992;IS 651: 1992;IS 12818: 1992;IS 12709: 1994,pending,
rq_is_14735_1999_06,Select the standard for joining UPVC drainage pipes with moulded UPVC fittings,IS 14735: 1999,UNPLASTICIZED POLYVINYL CHLORIDE (UPVC),specific,use_case,IS 13592: 1992;IS 651: 1992;IS 12818: 1992;IS 12709: 1994,pending,
rq_is_14735_1999_07,Specification needed for unplasticized polyvinyl chloride UPVC injection-moulded pipe fittings in jointing UPVC drainage or soil-waste pipes,IS 14735: 1999,UNPLASTICIZED POLYVINYL CHLORIDE (UPVC),specific,formal,IS 13592: 1992;IS 651: 1992;IS 12818: 1992;IS 12709: 1994,pending,
rq_is_14735_1999_08,Purchase requirement for UPVC injection-moulded pipe fittings covering jointing UPVC drainage or soil-waste pipes,IS 14735: 1999,UNPLASTICIZED POLYVINYL CHLORIDE (UPVC),general_but_sufficient,procurement,IS 13592: 1992;IS 651: 1992;IS 12818: 1992;IS 12709: 1994,pending,
rq_is_14735_1999_09,"Find the standard that covers UPVC injection-moulded pipe fittings, fittings for pipe joints rather than the pipes themselves",IS 14735: 1999,UNPLASTICIZED POLYVINYL CHLORIDE (UPVC),specific,technical_natural,IS 13592: 1992;IS 651: 1992;IS 12818: 1992;IS 12709: 1994,pending,
rq_is_14735_1999_10,Need compliant UPVC injection-moulded pipe fittings for jointing UPVC drainage or soil-waste pipes,IS 14735: 1999,UNPLASTICIZED POLYVINYL CHLORIDE (UPVC),general_but_sufficient,general_natural,IS 13592: 1992;IS 651: 1992;IS 12818: 1992;IS 12709: 1994,pending,
rq_is_14735_1999_11,Which IS should I use for UPVC injection-moulded pipe fittings when the job is jointing UPVC drainage or soil-waste pipes?,IS 14735: 1999,UNPLASTICIZED POLYVINYL CHLORIDE (UPVC),specific,conversational,IS 13592: 1992;IS 651: 1992;IS 12818: 1992;IS 12709: 1994,pending,
rq_is_14735_1999_12,Standard selection for jointing UPVC drainage or soil-waste pipes: UPVC injection-moulded pipe fittings with fittings for pipe joints rather than the pipes themselves,IS 14735: 1999,UNPLASTICIZED POLYVINYL CHLORIDE (UPVC),specific,use_case,IS 13592: 1992;IS 651: 1992;IS 12818: 1992;IS 12709: 1994,pending,
rq_is_1239_part_1_2004_01,"Require welded and seamless steel tubes for water, gas, air line, or steam service where the distinguishing feature is plain-end or screwed-and-socketed steel tube supply",IS 1239 (Part 1): 2004,"STEEL TUBES, TUBULARS ANDOTHER",specific,formal,IS 4270: 2001;IS 3589: 2001;IS 12709: 1994;IS 14333: 1996,pending,
rq_is_1239_part_1_2004_02,"Procure welded and seamless steel tubes for water, gas, air line, or steam service; material or form should be steel",IS 1239 (Part 1): 2004,"STEEL TUBES, TUBULARS ANDOTHER",specific,procurement,IS 4270: 2001;IS 3589: 2001;IS 12709: 1994;IS 14333: 1996,pending,
rq_is_1239_part_1_2004_03,"Need an Indian Standard for welded and seamless steel tubes used in water, gas, air line, or steam service with plain-end or screwed-and-socketed steel tube supply",IS 1239 (Part 1): 2004,"STEEL TUBES, TUBULARS ANDOTHER",specific,technical_natural,IS 4270: 2001;IS 3589: 2001;IS 12709: 1994;IS 14333: 1996,pending,
rq_is_1239_part_1_2004_04,"Looking for welded and seamless steel tubes suited to water, gas, air line, or steam service",IS 1239 (Part 1): 2004,"STEEL TUBES, TUBULARS ANDOTHER",general_but_sufficient,general_natural,IS 4270: 2001;IS 3589: 2001;IS 12709: 1994;IS 14333: 1996,pending,
rq_is_1239_part_1_2004_05,"We need welded and seamless steel tubes for water, gas, air line, or steam service, especially plain-end or screwed-and-socketed steel tube supply",IS 1239 (Part 1): 2004,"STEEL TUBES, TUBULARS ANDOTHER",general_but_sufficient,conversational,IS 4270: 2001;IS 3589: 2001;IS 12709: 1994;IS 14333: 1996,pending,
rq_is_1239_part_1_2004_06,Select the standard for utility piping using welded or seamless steel tubes,IS 1239 (Part 1): 2004,"STEEL TUBES, TUBULARS ANDOTHER",specific,use_case,IS 4270: 2001;IS 3589: 2001;IS 12709: 1994;IS 14333: 1996,pending,
rq_is_1239_part_1_2004_07,"Specification needed for steel welded and seamless steel tubes in water, gas, air line, or steam service",IS 1239 (Part 1): 2004,"STEEL TUBES, TUBULARS ANDOTHER",specific,formal,IS 4270: 2001;IS 3589: 2001;IS 12709: 1994;IS 14333: 1996,pending,
rq_is_1239_part_1_2004_08,"Purchase requirement for welded and seamless steel tubes covering water, gas, air line, or steam service",IS 1239 (Part 1): 2004,"STEEL TUBES, TUBULARS ANDOTHER",general_but_sufficient,procurement,IS 4270: 2001;IS 3589: 2001;IS 12709: 1994;IS 14333: 1996,pending,
rq_is_1239_part_1_2004_09,"Find the standard that covers welded and seamless steel tubes, plain-end or screwed-and-socketed steel tube supply",IS 1239 (Part 1): 2004,"STEEL TUBES, TUBULARS ANDOTHER",specific,technical_natural,IS 4270: 2001;IS 3589: 2001;IS 12709: 1994;IS 14333: 1996,pending,
rq_is_1239_part_1_2004_10,"Need compliant welded and seamless steel tubes for water, gas, air line, or steam service",IS 1239 (Part 1): 2004,"STEEL TUBES, TUBULARS ANDOTHER",general_but_sufficient,general_natural,IS 4270: 2001;IS 3589: 2001;IS 12709: 1994;IS 14333: 1996,pending,
rq_is_1239_part_1_2004_11,"Which IS should I use for welded and seamless steel tubes when the job is water, gas, air line, or steam service?",IS 1239 (Part 1): 2004,"STEEL TUBES, TUBULARS ANDOTHER",specific,conversational,IS 4270: 2001;IS 3589: 2001;IS 12709: 1994;IS 14333: 1996,pending,
rq_is_1239_part_1_2004_12,"Standard selection for water, gas, air line, or steam service: welded and seamless steel tubes with plain-end or screwed-and-socketed steel tube supply",IS 1239 (Part 1): 2004,"STEEL TUBES, TUBULARS ANDOTHER",specific,use_case,IS 4270: 2001;IS 3589: 2001;IS 12709: 1994;IS 14333: 1996,pending,
rq_is_3589_2001_01,"Require carbon steel pipes with welded joints for water, gas, and sewage pipelines where the distinguishing feature is seamless or electrically welded pipe with butt or sleeve welded joints",IS 3589: 2001,SEAMLESS OR ELECTRICALLY WELDED STEEL,specific,formal,IS 4270: 2001;IS 12709: 1994;IS 12818: 1992;IS 14402: 1996,pending,
rq_is_3589_2001_02,"Procure carbon steel pipes with welded joints for water, gas, and sewage pipelines; material or form should be carbon steel",IS 3589: 2001,SEAMLESS OR ELECTRICALLY WELDED STEEL,specific,procurement,IS 4270: 2001;IS 12709: 1994;IS 12818: 1992;IS 14402: 1996,pending,
rq_is_3589_2001_03,"Need an Indian Standard for carbon steel pipes with welded joints used in water, gas, and sewage pipelines with seamless or electrically welded pipe with butt or sleeve welded joints",IS 3589: 2001,SEAMLESS OR ELECTRICALLY WELDED STEEL,specific,technical_natural,IS 4270: 2001;IS 12709: 1994;IS 12818: 1992;IS 14402: 1996,pending,
rq_is_3589_2001_04,"Looking for carbon steel pipes with welded joints suited to water, gas, and sewage pipelines",IS 3589: 2001,SEAMLESS OR ELECTRICALLY WELDED STEEL,general_but_sufficient,general_natural,IS 4270: 2001;IS 12709: 1994;IS 12818: 1992;IS 14402: 1996,pending,
rq_is_3589_2001_05,"We need carbon steel pipes with welded joints for water, gas, and sewage pipelines, especially seamless or electrically welded pipe with butt or sleeve welded joints",IS 3589: 2001,SEAMLESS OR ELECTRICALLY WELDED STEEL,general_but_sufficient,conversational,IS 4270: 2001;IS 12709: 1994;IS 12818: 1992;IS 14402: 1996,pending,
rq_is_3589_2001_06,Select the standard for a water or sewage pipeline using large carbon steel pipes,IS 3589: 2001,SEAMLESS OR ELECTRICALLY WELDED STEEL,specific,use_case,IS 4270: 2001;IS 12709: 1994;IS 12818: 1992;IS 14402: 1996,pending,
rq_is_3589_2001_07,"Specification needed for carbon steel carbon steel pipes with welded joints in water, gas, and sewage pipelines",IS 3589: 2001,SEAMLESS OR ELECTRICALLY WELDED STEEL,specific,formal,IS 4270: 2001;IS 12709: 1994;IS 12818: 1992;IS 14402: 1996,pending,
rq_is_3589_2001_08,"Purchase requirement for carbon steel pipes with welded joints covering water, gas, and sewage pipelines",IS 3589: 2001,SEAMLESS OR ELECTRICALLY WELDED STEEL,general_but_sufficient,procurement,IS 4270: 2001;IS 12709: 1994;IS 12818: 1992;IS 14402: 1996,pending,
rq_is_3589_2001_09,"Find the standard that covers carbon steel pipes with welded joints, seamless or electrically welded pipe with butt or sleeve welded joints",IS 3589: 2001,SEAMLESS OR ELECTRICALLY WELDED STEEL,specific,technical_natural,IS 4270: 2001;IS 12709: 1994;IS 12818: 1992;IS 14402: 1996,pending,
rq_is_3589_2001_10,"Need compliant carbon steel pipes with welded joints for water, gas, and sewage pipelines",IS 3589: 2001,SEAMLESS OR ELECTRICALLY WELDED STEEL,general_but_sufficient,general_natural,IS 4270: 2001;IS 12709: 1994;IS 12818: 1992;IS 14402: 1996,pending,
rq_is_3589_2001_11,"Which IS should I use for carbon steel pipes with welded joints when the job is water, gas, and sewage pipelines?",IS 3589: 2001,SEAMLESS OR ELECTRICALLY WELDED STEEL,specific,conversational,IS 4270: 2001;IS 12709: 1994;IS 12818: 1992;IS 14402: 1996,pending,
rq_is_3589_2001_12,"Standard selection for water, gas, and sewage pipelines: carbon steel pipes with welded joints with seamless or electrically welded pipe with butt or sleeve welded joints",IS 3589: 2001,SEAMLESS OR ELECTRICALLY WELDED STEEL,specific,use_case,IS 4270: 2001;IS 12709: 1994;IS 12818: 1992;IS 14402: 1996,pending,
rq_is_4270_2001_01,"Require steel tubes for water wells for well casing, drive pipe, or housing where the distinguishing feature is water-well tube use with casing or drive-pipe joints",IS 4270: 2001,STEEL TUBES USED FOR WATER WELLS,specific,formal,IS 3589: 2001;IS 1239 (Part 1): 2004;IS 12818: 1992;IS 651: 1992,pending,
rq_is_4270_2001_02,"Procure steel tubes for water wells for well casing, drive pipe, or housing; material or form should be steel",IS 4270: 2001,STEEL TUBES USED FOR WATER WELLS,specific,procurement,IS 3589: 2001;IS 1239 (Part 1): 2004;IS 12818: 1992;IS 651: 1992,pending,
rq_is_4270_2001_03,"Need an Indian Standard for steel tubes for water wells used in well casing, drive pipe, or housing with water-well tube use with casing or drive-pipe joints",IS 4270: 2001,STEEL TUBES USED FOR WATER WELLS,specific,technical_natural,IS 3589: 2001;IS 1239 (Part 1): 2004;IS 12818: 1992;IS 651: 1992,pending,
rq_is_4270_2001_04,"Looking for steel tubes for water wells suited to well casing, drive pipe, or housing",IS 4270: 2001,STEEL TUBES USED FOR WATER WELLS,general_but_sufficient,general_natural,IS 3589: 2001;IS 1239 (Part 1): 2004;IS 12818: 1992;IS 651: 1992,pending,
rq_is_4270_2001_05,"We need steel tubes for water wells for well casing, drive pipe, or housing, especially water-well tube use with casing or drive-pipe joints",IS 4270: 2001,STEEL TUBES USED FOR WATER WELLS,general_but_sufficient,conversational,IS 3589: 2001;IS 1239 (Part 1): 2004;IS 12818: 1992;IS 651: 1992,pending,
rq_is_4270_2001_06,Select the standard for a water well requiring steel casing and drive pipes,IS 4270: 2001,STEEL TUBES USED FOR WATER WELLS,specific,use_case,IS 3589: 2001;IS 1239 (Part 1): 2004;IS 12818: 1992;IS 651: 1992,pending,
rq_is_4270_2001_07,"Specification needed for steel steel tubes for water wells in well casing, drive pipe, or housing",IS 4270: 2001,STEEL TUBES USED FOR WATER WELLS,specific,formal,IS 3589: 2001;IS 1239 (Part 1): 2004;IS 12818: 1992;IS 651: 1992,pending,
rq_is_4270_2001_08,"Purchase requirement for steel tubes for water wells covering well casing, drive pipe, or housing",IS 4270: 2001,STEEL TUBES USED FOR WATER WELLS,general_but_sufficient,procurement,IS 3589: 2001;IS 1239 (Part 1): 2004;IS 12818: 1992;IS 651: 1992,pending,
rq_is_4270_2001_09,"Find the standard that covers steel tubes for water wells, water-well tube use with casing or drive-pipe joints",IS 4270: 2001,STEEL TUBES USED FOR WATER WELLS,specific,technical_natural,IS 3589: 2001;IS 1239 (Part 1): 2004;IS 12818: 1992;IS 651: 1992,pending,
rq_is_4270_2001_10,"Need compliant steel tubes for water wells for well casing, drive pipe, or housing",IS 4270: 2001,STEEL TUBES USED FOR WATER WELLS,general_but_sufficient,general_natural,IS 3589: 2001;IS 1239 (Part 1): 2004;IS 12818: 1992;IS 651: 1992,pending,
rq_is_4270_2001_11,"Which IS should I use for steel tubes for water wells when the job is well casing, drive pipe, or housing?",IS 4270: 2001,STEEL TUBES USED FOR WATER WELLS,specific,conversational,IS 3589: 2001;IS 1239 (Part 1): 2004;IS 12818: 1992;IS 651: 1992,pending,
rq_is_4270_2001_12,"Standard selection for well casing, drive pipe, or housing: steel tubes for water wells with water-well tube use with casing or drive-pipe joints",IS 4270: 2001,STEEL TUBES USED FOR WATER WELLS,specific,use_case,IS 3589: 2001;IS 1239 (Part 1): 2004;IS 12818: 1992;IS 651: 1992,pending,
rq_is_651_1992_01,Require salt-glazed stoneware pipes and fittings for non-potable drainage and pipeline fittings where the distinguishing feature is stoneware pipe and fitting forms not meant for potable water,IS 651: 1992,SALT GLAZED STONEWARE PIPES AND FITTINGS,specific,formal,IS 4270: 2001;IS 12709: 1994;IS 3589: 2001;IS 14333: 1996,pending,
rq_is_651_1992_02,Procure salt-glazed stoneware pipes and fittings for non-potable drainage and pipeline fittings; material or form should be salt-glazed stoneware,IS 651: 1992,SALT GLAZED STONEWARE PIPES AND FITTINGS,specific,procurement,IS 4270: 2001;IS 12709: 1994;IS 3589: 2001;IS 14333: 1996,pending,
rq_is_651_1992_03,Need an Indian Standard for salt-glazed stoneware pipes and fittings used in non-potable drainage and pipeline fittings with stoneware pipe and fitting forms not meant for potable water,IS 651: 1992,SALT GLAZED STONEWARE PIPES AND FITTINGS,specific,technical_natural,IS 4270: 2001;IS 12709: 1994;IS 3589: 2001;IS 14333: 1996,pending,
rq_is_651_1992_04,Looking for salt-glazed stoneware pipes and fittings suited to non-potable drainage and pipeline fittings,IS 651: 1992,SALT GLAZED STONEWARE PIPES AND FITTINGS,general_but_sufficient,general_natural,IS 4270: 2001;IS 12709: 1994;IS 3589: 2001;IS 14333: 1996,pending,
rq_is_651_1992_05,"We need salt-glazed stoneware pipes and fittings for non-potable drainage and pipeline fittings, especially stoneware pipe and fitting forms not meant for potable water",IS 651: 1992,SALT GLAZED STONEWARE PIPES AND FITTINGS,general_but_sufficient,conversational,IS 4270: 2001;IS 12709: 1994;IS 3589: 2001;IS 14333: 1996,pending,
rq_is_651_1992_06,Select the standard for a drainage line using glazed stoneware pipes and fittings,IS 651: 1992,SALT GLAZED STONEWARE PIPES AND FITTINGS,specific,use_case,IS 4270: 2001;IS 12709: 1994;IS 3589: 2001;IS 14333: 1996,pending,
rq_is_651_1992_07,Specification needed for salt-glazed stoneware salt-glazed stoneware pipes and fittings in non-potable drainage and pipeline fittings,IS 651: 1992,SALT GLAZED STONEWARE PIPES AND FITTINGS,specific,formal,IS 4270: 2001;IS 12709: 1994;IS 3589: 2001;IS 14333: 1996,pending,
rq_is_651_1992_08,Purchase requirement for salt-glazed stoneware pipes and fittings covering non-potable drainage and pipeline fittings,IS 651: 1992,SALT GLAZED STONEWARE PIPES AND FITTINGS,general_but_sufficient,procurement,IS 4270: 2001;IS 12709: 1994;IS 3589: 2001;IS 14333: 1996,pending,
rq_is_651_1992_09,"Find the standard that covers salt-glazed stoneware pipes and fittings, stoneware pipe and fitting forms not meant for potable water",IS 651: 1992,SALT GLAZED STONEWARE PIPES AND FITTINGS,specific,technical_natural,IS 4270: 2001;IS 12709: 1994;IS 3589: 2001;IS 14333: 1996,pending,
rq_is_651_1992_10,Need compliant salt-glazed stoneware pipes and fittings for non-potable drainage and pipeline fittings,IS 651: 1992,SALT GLAZED STONEWARE PIPES AND FITTINGS,general_but_sufficient,general_natural,IS 4270: 2001;IS 12709: 1994;IS 3589: 2001;IS 14333: 1996,pending,
rq_is_651_1992_11,Which IS should I use for salt-glazed stoneware pipes and fittings when the job is non-potable drainage and pipeline fittings?,IS 651: 1992,SALT GLAZED STONEWARE PIPES AND FITTINGS,specific,conversational,IS 4270: 2001;IS 12709: 1994;IS 3589: 2001;IS 14333: 1996,pending,
rq_is_651_1992_12,Standard selection for non-potable drainage and pipeline fittings: salt-glazed stoneware pipes and fittings with stoneware pipe and fitting forms not meant for potable water,IS 651: 1992,SALT GLAZED STONEWARE PIPES AND FITTINGS,specific,use_case,IS 4270: 2001;IS 12709: 1994;IS 3589: 2001;IS 14333: 1996,pending,
rq_is_3677_1985_01,Require unbonded rock and slag wool for thermal insulation where the distinguishing feature is unbonded wool insulation form,IS 3677: 1985,UNBONDED ROCK AND SLAG WOOL FOR,specific,formal,IS 8183: 1993;IS 9742: 1993;IS 9842: 1994;IS 4671: 1984,pending,
rq_is_3677_1985_02,Procure unbonded rock and slag wool for thermal insulation; material or form should be rock wool or slag wool,IS 3677: 1985,UNBONDED ROCK AND SLAG WOOL FOR,specific,procurement,IS 8183: 1993;IS 9742: 1993;IS 9842: 1994;IS 4671: 1984,pending,
rq_is_3677_1985_03,Need an Indian Standard for unbonded rock and slag wool used in thermal insulation with unbonded wool insulation form,IS 3677: 1985,UNBONDED ROCK AND SLAG WOOL FOR,specific,technical_natural,IS 8183: 1993;IS 9742: 1993;IS 9842: 1994;IS 4671: 1984,pending,
rq_is_3677_1985_04,Looking for unbonded rock and slag wool suited to thermal insulation,IS 3677: 1985,UNBONDED ROCK AND SLAG WOOL FOR,general_but_sufficient,general_natural,IS 8183: 1993;IS 9742: 1993;IS 9842: 1994;IS 4671: 1984,pending,
rq_is_3677_1985_05,"We need unbonded rock and slag wool for thermal insulation, especially unbonded wool insulation form",IS 3677: 1985,UNBONDED ROCK AND SLAG WOOL FOR,general_but_sufficient,conversational,IS 8183: 1993;IS 9742: 1993;IS 9842: 1994;IS 4671: 1984,pending,
rq_is_3677_1985_06,Select the standard for thermal insulation using loose rock or slag wool,IS 3677: 1985,UNBONDED ROCK AND SLAG WOOL FOR,specific,use_case,IS 8183: 1993;IS 9742: 1993;IS 9842: 1994;IS 4671: 1984,pending,
rq_is_3677_1985_07,Specification needed for rock wool or slag wool unbonded rock and slag wool in thermal insulation,IS 3677: 1985,UNBONDED ROCK AND SLAG WOOL FOR,specific,formal,IS 8183: 1993;IS 9742: 1993;IS 9842: 1994;IS 4671: 1984,pending,
rq_is_3677_1985_08,Purchase requirement for unbonded rock and slag wool covering thermal insulation,IS 3677: 1985,UNBONDED ROCK AND SLAG WOOL FOR,general_but_sufficient,procurement,IS 8183: 1993;IS 9742: 1993;IS 9842: 1994;IS 4671: 1984,pending,
rq_is_3677_1985_09,"Find the standard that covers unbonded rock and slag wool, unbonded wool insulation form",IS 3677: 1985,UNBONDED ROCK AND SLAG WOOL FOR,specific,technical_natural,IS 8183: 1993;IS 9742: 1993;IS 9842: 1994;IS 4671: 1984,pending,
rq_is_3677_1985_10,Need compliant unbonded rock and slag wool for thermal insulation,IS 3677: 1985,UNBONDED ROCK AND SLAG WOOL FOR,general_but_sufficient,general_natural,IS 8183: 1993;IS 9742: 1993;IS 9842: 1994;IS 4671: 1984,pending,
rq_is_3677_1985_11,Which IS should I use for unbonded rock and slag wool when the job is thermal insulation?,IS 3677: 1985,UNBONDED ROCK AND SLAG WOOL FOR,specific,conversational,IS 8183: 1993;IS 9742: 1993;IS 9842: 1994;IS 4671: 1984,pending,
rq_is_3677_1985_12,Standard selection for thermal insulation: unbonded rock and slag wool with unbonded wool insulation form,IS 3677: 1985,UNBONDED ROCK AND SLAG WOOL FOR,specific,use_case,IS 8183: 1993;IS 9742: 1993;IS 9842: 1994;IS 4671: 1984,pending,
rq_is_4671_1984_01,"Require expanded polystyrene insulation for refrigeration and building thermal insulation where the distinguishing feature is boards, blocks, rough shapes, or pipe sections made from EPS",IS 4671: 1984,EXPANDED POLYSTYRENE FOR THERMAL,specific,formal,IS 7509: 1993;IS 9842: 1994;IS 12436: 1988;IS 9428: 1993,pending,
rq_is_4671_1984_02,Procure expanded polystyrene insulation for refrigeration and building thermal insulation; material or form should be expanded polystyrene,IS 4671: 1984,EXPANDED POLYSTYRENE FOR THERMAL,specific,procurement,IS 7509: 1993;IS 9842: 1994;IS 12436: 1988;IS 9428: 1993,pending,
rq_is_4671_1984_03,"Need an Indian Standard for expanded polystyrene insulation used in refrigeration and building thermal insulation with boards, blocks, rough shapes, or pipe sections made from EPS",IS 4671: 1984,EXPANDED POLYSTYRENE FOR THERMAL,specific,technical_natural,IS 7509: 1993;IS 9842: 1994;IS 12436: 1988;IS 9428: 1993,pending,
rq_is_4671_1984_04,Looking for expanded polystyrene insulation suited to refrigeration and building thermal insulation,IS 4671: 1984,EXPANDED POLYSTYRENE FOR THERMAL,general_but_sufficient,general_natural,IS 7509: 1993;IS 9842: 1994;IS 12436: 1988;IS 9428: 1993,pending,
rq_is_4671_1984_05,"We need expanded polystyrene insulation for refrigeration and building thermal insulation, especially boards, blocks, rough shapes, or pipe sections made from EPS",IS 4671: 1984,EXPANDED POLYSTYRENE FOR THERMAL,general_but_sufficient,conversational,IS 7509: 1993;IS 9842: 1994;IS 12436: 1988;IS 9428: 1993,pending,
rq_is_4671_1984_06,Select the standard for thermal insulation for refrigeration or building work using EPS sections,IS 4671: 1984,EXPANDED POLYSTYRENE FOR THERMAL,specific,use_case,IS 7509: 1993;IS 9842: 1994;IS 12436: 1988;IS 9428: 1993,pending,
rq_is_4671_1984_07,Specification needed for expanded polystyrene expanded polystyrene insulation in refrigeration and building thermal insulation,IS 4671: 1984,EXPANDED POLYSTYRENE FOR THERMAL,specific,formal,IS 7509: 1993;IS 9842: 1994;IS 12436: 1988;IS 9428: 1993,pending,
rq_is_4671_1984_08,Purchase requirement for expanded polystyrene insulation covering refrigeration and building thermal insulation,IS 4671: 1984,EXPANDED POLYSTYRENE FOR THERMAL,general_but_sufficient,procurement,IS 7509: 1993;IS 9842: 1994;IS 12436: 1988;IS 9428: 1993,pending,
rq_is_4671_1984_09,"Find the standard that covers expanded polystyrene insulation, boards, blocks, rough shapes, or pipe sections made from EPS",IS 4671: 1984,EXPANDED POLYSTYRENE FOR THERMAL,specific,technical_natural,IS 7509: 1993;IS 9842: 1994;IS 12436: 1988;IS 9428: 1993,pending,
rq_is_4671_1984_10,Need compliant expanded polystyrene insulation for refrigeration and building thermal insulation,IS 4671: 1984,EXPANDED POLYSTYRENE FOR THERMAL,general_but_sufficient,general_natural,IS 7509: 1993;IS 9842: 1994;IS 12436: 1988;IS 9428: 1993,pending,
rq_is_4671_1984_11,Which IS should I use for expanded polystyrene insulation when the job is refrigeration and building thermal insulation?,IS 4671: 1984,EXPANDED POLYSTYRENE FOR THERMAL,specific,conversational,IS 7509: 1993;IS 9842: 1994;IS 12436: 1988;IS 9428: 1993,pending,
rq_is_4671_1984_12,"Standard selection for refrigeration and building thermal insulation: expanded polystyrene insulation with boards, blocks, rough shapes, or pipe sections made from EPS",IS 4671: 1984,EXPANDED POLYSTYRENE FOR THERMAL,specific,use_case,IS 7509: 1993;IS 9842: 1994;IS 12436: 1988;IS 9428: 1993,pending,
rq_is_6598_1972_01,"Require cellular concrete thermal insulation for thermal insulation, including flat roof insulation where the distinguishing feature is lightweight cellular concrete formed with air or gas bubbles",IS 6598: 1972,CELLULAR CONCRETE FOR THERMAL INSULATION,specific,formal,IS 7509: 1993;IS 8183: 1993;IS 9742: 1993;IS 3677: 1985,pending,
rq_is_6598_1972_02,"Procure cellular concrete thermal insulation for thermal insulation, including flat roof insulation; material or form should be cellular concrete",IS 6598: 1972,CELLULAR CONCRETE FOR THERMAL INSULATION,specific,procurement,IS 7509: 1993;IS 8183: 1993;IS 9742: 1993;IS 3677: 1985,pending,
rq_is_6598_1972_03,"Need an Indian Standard for cellular concrete thermal insulation used in thermal insulation, including flat roof insulation with lightweight cellular concrete formed with air or gas bubbles",IS 6598: 1972,CELLULAR CONCRETE FOR THERMAL INSULATION,specific,technical_natural,IS 7509: 1993;IS 8183: 1993;IS 9742: 1993;IS 3677: 1985,pending,
rq_is_6598_1972_04,"Looking for cellular concrete thermal insulation suited to thermal insulation, including flat roof insulation",IS 6598: 1972,CELLULAR CONCRETE FOR THERMAL INSULATION,general_but_sufficient,general_natural,IS 7509: 1993;IS 8183: 1993;IS 9742: 1993;IS 3677: 1985,pending,
rq_is_6598_1972_05,"We need cellular concrete thermal insulation for thermal insulation, including flat roof insulation, especially lightweight cellular concrete formed with air or gas bubbles",IS 6598: 1972,CELLULAR CONCRETE FOR THERMAL INSULATION,general_but_sufficient,conversational,IS 7509: 1993;IS 8183: 1993;IS 9742: 1993;IS 3677: 1985,pending,
rq_is_6598_1972_06,Select the standard for cast-in-situ flat roof insulation using cellular concrete,IS 6598: 1972,CELLULAR CONCRETE FOR THERMAL INSULATION,specific,use_case,IS 7509: 1993;IS 8183: 1993;IS 9742: 1993;IS 3677: 1985,pending,
rq_is_6598_1972_07,"Specification needed for cellular concrete cellular concrete thermal insulation in thermal insulation, including flat roof insulation",IS 6598: 1972,CELLULAR CONCRETE FOR THERMAL INSULATION,specific,formal,IS 7509: 1993;IS 8183: 1993;IS 9742: 1993;IS 3677: 1985,pending,
rq_is_6598_1972_08,"Purchase requirement for cellular concrete thermal insulation covering thermal insulation, including flat roof insulation",IS 6598: 1972,CELLULAR CONCRETE FOR THERMAL INSULATION,general_but_sufficient,procurement,IS 7509: 1993;IS 8183: 1993;IS 9742: 1993;IS 3677: 1985,pending,
rq_is_6598_1972_09,"Find the standard that covers cellular concrete thermal insulation, lightweight cellular concrete formed with air or gas bubbles",IS 6598: 1972,CELLULAR CONCRETE FOR THERMAL INSULATION,specific,technical_natural,IS 7509: 1993;IS 8183: 1993;IS 9742: 1993;IS 3677: 1985,pending,
rq_is_6598_1972_10,"Need compliant cellular concrete thermal insulation for thermal insulation, including flat roof insulation",IS 6598: 1972,CELLULAR CONCRETE FOR THERMAL INSULATION,general_but_sufficient,general_natural,IS 7509: 1993;IS 8183: 1993;IS 9742: 1993;IS 3677: 1985,pending,
rq_is_6598_1972_11,"Which IS should I use for cellular concrete thermal insulation when the job is thermal insulation, including flat roof insulation?",IS 6598: 1972,CELLULAR CONCRETE FOR THERMAL INSULATION,specific,conversational,IS 7509: 1993;IS 8183: 1993;IS 9742: 1993;IS 3677: 1985,pending,
rq_is_6598_1972_12,"Standard selection for thermal insulation, including flat roof insulation: cellular concrete thermal insulation with lightweight cellular concrete formed with air or gas bubbles",IS 6598: 1972,CELLULAR CONCRETE FOR THERMAL INSULATION,specific,use_case,IS 7509: 1993;IS 8183: 1993;IS 9742: 1993;IS 3677: 1985,pending,
rq_is_7509_1993_01,Require thermal insulating cement for high-temperature insulation service where the distinguishing feature is cementitious insulation for temperatures up to 950 C,IS 7509: 1993,THERMAL INSULATING CEMENT,specific,formal,IS 9428: 1993;IS 8183: 1993;IS 9742: 1993;IS 8154: 1993,pending,
rq_is_7509_1993_02,Procure thermal insulating cement for high-temperature insulation service; material or form should be thermal insulating cement,IS 7509: 1993,THERMAL INSULATING CEMENT,specific,procurement,IS 9428: 1993;IS 8183: 1993;IS 9742: 1993;IS 8154: 1993,pending,
rq_is_7509_1993_03,Need an Indian Standard for thermal insulating cement used in high-temperature insulation service with cementitious insulation for temperatures up to 950 C,IS 7509: 1993,THERMAL INSULATING CEMENT,specific,technical_natural,IS 9428: 1993;IS 8183: 1993;IS 9742: 1993;IS 8154: 1993,pending,
rq_is_7509_1993_04,Looking for thermal insulating cement suited to high-temperature insulation service,IS 7509: 1993,THERMAL INSULATING CEMENT,general_but_sufficient,general_natural,IS 9428: 1993;IS 8183: 1993;IS 9742: 1993;IS 8154: 1993,pending,
rq_is_7509_1993_05,"We need thermal insulating cement for high-temperature insulation service, especially cementitious insulation for temperatures up to 950 C",IS 7509: 1993,THERMAL INSULATING CEMENT,general_but_sufficient,conversational,IS 9428: 1993;IS 8183: 1993;IS 9742: 1993;IS 8154: 1993,pending,
rq_is_7509_1993_06,Select the standard for high-temperature insulation using thermal insulating cement,IS 7509: 1993,THERMAL INSULATING CEMENT,specific,use_case,IS 9428: 1993;IS 8183: 1993;IS 9742: 1993;IS 8154: 1993,pending,
rq_is_7509_1993_07,Specification needed for thermal insulating cement thermal insulating cement in high-temperature insulation service,IS 7509: 1993,THERMAL INSULATING CEMENT,specific,formal,IS 9428: 1993;IS 8183: 1993;IS 9742: 1993;IS 8154: 1993,pending,
rq_is_7509_1993_08,Purchase requirement for thermal insulating cement covering high-temperature insulation service,IS 7509: 1993,THERMAL INSULATING CEMENT,general_but_sufficient,procurement,IS 9428: 1993;IS 8183: 1993;IS 9742: 1993;IS 8154: 1993,pending,
rq_is_7509_1993_09,"Find the standard that covers thermal insulating cement, cementitious insulation for temperatures up to 950 C",IS 7509: 1993,THERMAL INSULATING CEMENT,specific,technical_natural,IS 9428: 1993;IS 8183: 1993;IS 9742: 1993;IS 8154: 1993,pending,
rq_is_7509_1993_10,Need compliant thermal insulating cement for high-temperature insulation service,IS 7509: 1993,THERMAL INSULATING CEMENT,general_but_sufficient,general_natural,IS 9428: 1993;IS 8183: 1993;IS 9742: 1993;IS 8154: 1993,pending,
rq_is_7509_1993_11,Which IS should I use for thermal insulating cement when the job is high-temperature insulation service?,IS 7509: 1993,THERMAL INSULATING CEMENT,specific,conversational,IS 9428: 1993;IS 8183: 1993;IS 9742: 1993;IS 8154: 1993,pending,
rq_is_7509_1993_12,Standard selection for high-temperature insulation service: thermal insulating cement with cementitious insulation for temperatures up to 950 C,IS 7509: 1993,THERMAL INSULATING CEMENT,specific,use_case,IS 9428: 1993;IS 8183: 1993;IS 9742: 1993;IS 8154: 1993,pending,
rq_is_8154_1993_01,Require preformed calcium silicate insulation for surfaces reaching up to 650 C where the distinguishing feature is preformed calcium silicate for the lower temperature range,IS 8154: 1993,PREORMED CALCIUM SILICATE INSULATION,specific,formal,IS 9428: 1993;IS 7509: 1993;IS 4671: 1984;IS 6598: 1972,pending,
rq_is_8154_1993_02,Procure preformed calcium silicate insulation for surfaces reaching up to 650 C; material or form should be calcium silicate,IS 8154: 1993,PREORMED CALCIUM SILICATE INSULATION,specific,procurement,IS 9428: 1993;IS 7509: 1993;IS 4671: 1984;IS 6598: 1972,pending,
rq_is_8154_1993_03,Need an Indian Standard for preformed calcium silicate insulation used in surfaces reaching up to 650 C with preformed calcium silicate for the lower temperature range,IS 8154: 1993,PREORMED CALCIUM SILICATE INSULATION,specific,technical_natural,IS 9428: 1993;IS 7509: 1993;IS 4671: 1984;IS 6598: 1972,pending,
rq_is_8154_1993_04,Looking for preformed calcium silicate insulation suited to surfaces reaching up to 650 C,IS 8154: 1993,PREORMED CALCIUM SILICATE INSULATION,general_but_sufficient,general_natural,IS 9428: 1993;IS 7509: 1993;IS 4671: 1984;IS 6598: 1972,pending,
rq_is_8154_1993_05,"We need preformed calcium silicate insulation for surfaces reaching up to 650 C, especially preformed calcium silicate for the lower temperature range",IS 8154: 1993,PREORMED CALCIUM SILICATE INSULATION,general_but_sufficient,conversational,IS 9428: 1993;IS 7509: 1993;IS 4671: 1984;IS 6598: 1972,pending,
rq_is_8154_1993_06,Select the standard for insulating a hot surface with preformed calcium silicate up to 650 C,IS 8154: 1993,PREORMED CALCIUM SILICATE INSULATION,specific,use_case,IS 9428: 1993;IS 7509: 1993;IS 4671: 1984;IS 6598: 1972,pending,
rq_is_8154_1993_07,Specification needed for calcium silicate preformed calcium silicate insulation in surfaces reaching up to 650 C,IS 8154: 1993,PREORMED CALCIUM SILICATE INSULATION,specific,formal,IS 9428: 1993;IS 7509: 1993;IS 4671: 1984;IS 6598: 1972,pending,
rq_is_8154_1993_08,Purchase requirement for preformed calcium silicate insulation covering surfaces reaching up to 650 C,IS 8154: 1993,PREORMED CALCIUM SILICATE INSULATION,general_but_sufficient,procurement,IS 9428: 1993;IS 7509: 1993;IS 4671: 1984;IS 6598: 1972,pending,
rq_is_8154_1993_09,"Find the standard that covers preformed calcium silicate insulation, preformed calcium silicate for the lower temperature range",IS 8154: 1993,PREORMED CALCIUM SILICATE INSULATION,specific,technical_natural,IS 9428: 1993;IS 7509: 1993;IS 4671: 1984;IS 6598: 1972,pending,
rq_is_8154_1993_10,Need compliant preformed calcium silicate insulation for surfaces reaching up to 650 C,IS 8154: 1993,PREORMED CALCIUM SILICATE INSULATION,general_but_sufficient,general_natural,IS 9428: 1993;IS 7509: 1993;IS 4671: 1984;IS 6598: 1972,pending,
rq_is_8154_1993_11,Which IS should I use for preformed calcium silicate insulation when the job is surfaces reaching up to 650 C?,IS 8154: 1993,PREORMED CALCIUM SILICATE INSULATION,specific,conversational,IS 9428: 1993;IS 7509: 1993;IS 4671: 1984;IS 6598: 1972,pending,
rq_is_8154_1993_12,Standard selection for surfaces reaching up to 650 C: preformed calcium silicate insulation with preformed calcium silicate for the lower temperature range,IS 8154: 1993,PREORMED CALCIUM SILICATE INSULATION,specific,use_case,IS 9428: 1993;IS 7509: 1993;IS 4671: 1984;IS 6598: 1972,pending,
rq_is_8183_1993_01,Require bonded mineral wool insulation for thermal insulation where the distinguishing feature is bonded mineral wool form,IS 8183: 1993,BONDED MINERAL WOOL,specific,formal,IS 3677: 1985;IS 9742: 1993;IS 9842: 1994;IS 12436: 1988,pending,
rq_is_8183_1993_02,Procure bonded mineral wool insulation for thermal insulation; material or form should be bonded mineral wool,IS 8183: 1993,BONDED MINERAL WOOL,specific,procurement,IS 3677: 1985;IS 9742: 1993;IS 9842: 1994;IS 12436: 1988,pending,
rq_is_8183_1993_03,Need an Indian Standard for bonded mineral wool insulation used in thermal insulation with bonded mineral wool form,IS 8183: 1993,BONDED MINERAL WOOL,specific,technical_natural,IS 3677: 1985;IS 9742: 1993;IS 9842: 1994;IS 12436: 1988,pending,
rq_is_8183_1993_04,Looking for bonded mineral wool insulation suited to thermal insulation,IS 8183: 1993,BONDED MINERAL WOOL,general_but_sufficient,general_natural,IS 3677: 1985;IS 9742: 1993;IS 9842: 1994;IS 12436: 1988,pending,
rq_is_8183_1993_05,"We need bonded mineral wool insulation for thermal insulation, especially bonded mineral wool form",IS 8183: 1993,BONDED MINERAL WOOL,general_but_sufficient,conversational,IS 3677: 1985;IS 9742: 1993;IS 9842: 1994;IS 12436: 1988,pending,
rq_is_8183_1993_06,Select the standard for thermal insulation using bonded mineral wool,IS 8183: 1993,BONDED MINERAL WOOL,specific,use_case,IS 3677: 1985;IS 9742: 1993;IS 9842: 1994;IS 12436: 1988,pending,
rq_is_8183_1993_07,Specification needed for bonded mineral wool bonded mineral wool insulation in thermal insulation,IS 8183: 1993,BONDED MINERAL WOOL,specific,formal,IS 3677: 1985;IS 9742: 1993;IS 9842: 1994;IS 12436: 1988,pending,
rq_is_8183_1993_08,Purchase requirement for bonded mineral wool insulation covering thermal insulation,IS 8183: 1993,BONDED MINERAL WOOL,general_but_sufficient,procurement,IS 3677: 1985;IS 9742: 1993;IS 9842: 1994;IS 12436: 1988,pending,
rq_is_8183_1993_09,"Find the standard that covers bonded mineral wool insulation, bonded mineral wool form",IS 8183: 1993,BONDED MINERAL WOOL,specific,technical_natural,IS 3677: 1985;IS 9742: 1993;IS 9842: 1994;IS 12436: 1988,pending,
rq_is_8183_1993_10,Need compliant bonded mineral wool insulation for thermal insulation,IS 8183: 1993,BONDED MINERAL WOOL,general_but_sufficient,general_natural,IS 3677: 1985;IS 9742: 1993;IS 9842: 1994;IS 12436: 1988,pending,
rq_is_8183_1993_11,Which IS should I use for bonded mineral wool insulation when the job is thermal insulation?,IS 8183: 1993,BONDED MINERAL WOOL,specific,conversational,IS 3677: 1985;IS 9742: 1993;IS 9842: 1994;IS 12436: 1988,pending,
rq_is_8183_1993_12,Standard selection for thermal insulation: bonded mineral wool insulation with bonded mineral wool form,IS 8183: 1993,BONDED MINERAL WOOL,specific,use_case,IS 3677: 1985;IS 9742: 1993;IS 9842: 1994;IS 12436: 1988,pending,
rq_is_9428_1993_01,Require preformed calcium silicate insulation for surfaces reaching up to 950 C where the distinguishing feature is preformed calcium silicate for the higher temperature range,IS 9428: 1993,PREFORMED CALCIUM SILICATE INSULATION,specific,formal,IS 8154: 1993;IS 7509: 1993;IS 4671: 1984;IS 6598: 1972,pending,
rq_is_9428_1993_02,Procure preformed calcium silicate insulation for surfaces reaching up to 950 C; material or form should be calcium silicate,IS 9428: 1993,PREFORMED CALCIUM SILICATE INSULATION,specific,procurement,IS 8154: 1993;IS 7509: 1993;IS 4671: 1984;IS 6598: 1972,pending,
rq_is_9428_1993_03,Need an Indian Standard for preformed calcium silicate insulation used in surfaces reaching up to 950 C with preformed calcium silicate for the higher temperature range,IS 9428: 1993,PREFORMED CALCIUM SILICATE INSULATION,specific,technical_natural,IS 8154: 1993;IS 7509: 1993;IS 4671: 1984;IS 6598: 1972,pending,
rq_is_9428_1993_04,Looking for preformed calcium silicate insulation suited to surfaces reaching up to 950 C,IS 9428: 1993,PREFORMED CALCIUM SILICATE INSULATION,general_but_sufficient,general_natural,IS 8154: 1993;IS 7509: 1993;IS 4671: 1984;IS 6598: 1972,pending,
rq_is_9428_1993_05,"We need preformed calcium silicate insulation for surfaces reaching up to 950 C, especially preformed calcium silicate for the higher temperature range",IS 9428: 1993,PREFORMED CALCIUM SILICATE INSULATION,general_but_sufficient,conversational,IS 8154: 1993;IS 7509: 1993;IS 4671: 1984;IS 6598: 1972,pending,
rq_is_9428_1993_06,Select the standard for insulating a very hot surface with preformed calcium silicate up to 950 C,IS 9428: 1993,PREFORMED CALCIUM SILICATE INSULATION,specific,use_case,IS 8154: 1993;IS 7509: 1993;IS 4671: 1984;IS 6598: 1972,pending,
rq_is_9428_1993_07,Specification needed for calcium silicate preformed calcium silicate insulation in surfaces reaching up to 950 C,IS 9428: 1993,PREFORMED CALCIUM SILICATE INSULATION,specific,formal,IS 8154: 1993;IS 7509: 1993;IS 4671: 1984;IS 6598: 1972,pending,
rq_is_9428_1993_08,Purchase requirement for preformed calcium silicate insulation covering surfaces reaching up to 950 C,IS 9428: 1993,PREFORMED CALCIUM SILICATE INSULATION,general_but_sufficient,procurement,IS 8154: 1993;IS 7509: 1993;IS 4671: 1984;IS 6598: 1972,pending,
rq_is_9428_1993_09,"Find the standard that covers preformed calcium silicate insulation, preformed calcium silicate for the higher temperature range",IS 9428: 1993,PREFORMED CALCIUM SILICATE INSULATION,specific,technical_natural,IS 8154: 1993;IS 7509: 1993;IS 4671: 1984;IS 6598: 1972,pending,
rq_is_9428_1993_10,Need compliant preformed calcium silicate insulation for surfaces reaching up to 950 C,IS 9428: 1993,PREFORMED CALCIUM SILICATE INSULATION,general_but_sufficient,general_natural,IS 8154: 1993;IS 7509: 1993;IS 4671: 1984;IS 6598: 1972,pending,
rq_is_9428_1993_11,Which IS should I use for preformed calcium silicate insulation when the job is surfaces reaching up to 950 C?,IS 9428: 1993,PREFORMED CALCIUM SILICATE INSULATION,specific,conversational,IS 8154: 1993;IS 7509: 1993;IS 4671: 1984;IS 6598: 1972,pending,
rq_is_9428_1993_12,Standard selection for surfaces reaching up to 950 C: preformed calcium silicate insulation with preformed calcium silicate for the higher temperature range,IS 9428: 1993,PREFORMED CALCIUM SILICATE INSULATION,specific,use_case,IS 8154: 1993;IS 7509: 1993;IS 4671: 1984;IS 6598: 1972,pending,
rq_is_9742_1993_01,Require sprayed mineral wool thermal insulation for spray-applied thermal insulation where the distinguishing feature is sprayed application form,IS 9742: 1993,SPRAYED MINERAL WOOL THERMAL INSULATION,specific,formal,IS 8183: 1993;IS 3677: 1985;IS 9842: 1994;IS 12436: 1988,pending,
rq_is_9742_1993_02,Procure sprayed mineral wool thermal insulation for spray-applied thermal insulation; material or form should be mineral wool,IS 9742: 1993,SPRAYED MINERAL WOOL THERMAL INSULATION,specific,procurement,IS 8183: 1993;IS 3677: 1985;IS 9842: 1994;IS 12436: 1988,pending,
rq_is_9742_1993_03,Need an Indian Standard for sprayed mineral wool thermal insulation used in spray-applied thermal insulation with sprayed application form,IS 9742: 1993,SPRAYED MINERAL WOOL THERMAL INSULATION,specific,technical_natural,IS 8183: 1993;IS 3677: 1985;IS 9842: 1994;IS 12436: 1988,pending,
rq_is_9742_1993_04,Looking for sprayed mineral wool thermal insulation suited to spray-applied thermal insulation,IS 9742: 1993,SPRAYED MINERAL WOOL THERMAL INSULATION,general_but_sufficient,general_natural,IS 8183: 1993;IS 3677: 1985;IS 9842: 1994;IS 12436: 1988,pending,
rq_is_9742_1993_05,"We need sprayed mineral wool thermal insulation for spray-applied thermal insulation, especially sprayed application form",IS 9742: 1993,SPRAYED MINERAL WOOL THERMAL INSULATION,general_but_sufficient,conversational,IS 8183: 1993;IS 3677: 1985;IS 9842: 1994;IS 12436: 1988,pending,
rq_is_9742_1993_06,Select the standard for thermal insulation applied by spraying mineral wool,IS 9742: 1993,SPRAYED MINERAL WOOL THERMAL INSULATION,specific,use_case,IS 8183: 1993;IS 3677: 1985;IS 9842: 1994;IS 12436: 1988,pending,
rq_is_9742_1993_07,Specification needed for mineral wool sprayed mineral wool thermal insulation in spray-applied thermal insulation,IS 9742: 1993,SPRAYED MINERAL WOOL THERMAL INSULATION,specific,formal,IS 8183: 1993;IS 3677: 1985;IS 9842: 1994;IS 12436: 1988,pending,
rq_is_9742_1993_08,Purchase requirement for sprayed mineral wool thermal insulation covering spray-applied thermal insulation,IS 9742: 1993,SPRAYED MINERAL WOOL THERMAL INSULATION,general_but_sufficient,procurement,IS 8183: 1993;IS 3677: 1985;IS 9842: 1994;IS 12436: 1988,pending,
rq_is_9742_1993_09,"Find the standard that covers sprayed mineral wool thermal insulation, sprayed application form",IS 9742: 1993,SPRAYED MINERAL WOOL THERMAL INSULATION,specific,technical_natural,IS 8183: 1993;IS 3677: 1985;IS 9842: 1994;IS 12436: 1988,pending,
rq_is_9742_1993_10,Need compliant sprayed mineral wool thermal insulation for spray-applied thermal insulation,IS 9742: 1993,SPRAYED MINERAL WOOL THERMAL INSULATION,general_but_sufficient,general_natural,IS 8183: 1993;IS 3677: 1985;IS 9842: 1994;IS 12436: 1988,pending,
rq_is_9742_1993_11,Which IS should I use for sprayed mineral wool thermal insulation when the job is spray-applied thermal insulation?,IS 9742: 1993,SPRAYED MINERAL WOOL THERMAL INSULATION,specific,conversational,IS 8183: 1993;IS 3677: 1985;IS 9842: 1994;IS 12436: 1988,pending,
rq_is_9742_1993_12,Standard selection for spray-applied thermal insulation: sprayed mineral wool thermal insulation with sprayed application form,IS 9742: 1993,SPRAYED MINERAL WOOL THERMAL INSULATION,specific,use_case,IS 8183: 1993;IS 3677: 1985;IS 9842: 1994;IS 12436: 1988,pending,
rq_is_9842_1994_01,Require preformed fibrous pipe insulation for thermal insulation of pipe sections where the distinguishing feature is preformed pipe-section insulation form,IS 9842: 1994,PREFORMED FIBROUS PIPE INSULATION,specific,formal,IS 8183: 1993;IS 9742: 1993;IS 3677: 1985;IS 9428: 1993,pending,
rq_is_9842_1994_02,Procure preformed fibrous pipe insulation for thermal insulation of pipe sections; material or form should be fibrous insulation,IS 9842: 1994,PREFORMED FIBROUS PIPE INSULATION,specific,procurement,IS 8183: 1993;IS 9742: 1993;IS 3677: 1985;IS 9428: 1993,pending,
rq_is_9842_1994_03,Need an Indian Standard for preformed fibrous pipe insulation used in thermal insulation of pipe sections with preformed pipe-section insulation form,IS 9842: 1994,PREFORMED FIBROUS PIPE INSULATION,specific,technical_natural,IS 8183: 1993;IS 9742: 1993;IS 3677: 1985;IS 9428: 1993,pending,
rq_is_9842_1994_04,Looking for preformed fibrous pipe insulation suited to thermal insulation of pipe sections,IS 9842: 1994,PREFORMED FIBROUS PIPE INSULATION,general_but_sufficient,general_natural,IS 8183: 1993;IS 9742: 1993;IS 3677: 1985;IS 9428: 1993,pending,
rq_is_9842_1994_05,"We need preformed fibrous pipe insulation for thermal insulation of pipe sections, especially preformed pipe-section insulation form",IS 9842: 1994,PREFORMED FIBROUS PIPE INSULATION,general_but_sufficient,conversational,IS 8183: 1993;IS 9742: 1993;IS 3677: 1985;IS 9428: 1993,pending,
rq_is_9842_1994_06,Select the standard for insulating pipes with preformed fibrous pipe sections,IS 9842: 1994,PREFORMED FIBROUS PIPE INSULATION,specific,use_case,IS 8183: 1993;IS 9742: 1993;IS 3677: 1985;IS 9428: 1993,pending,
rq_is_9842_1994_07,Specification needed for fibrous insulation preformed fibrous pipe insulation in thermal insulation of pipe sections,IS 9842: 1994,PREFORMED FIBROUS PIPE INSULATION,specific,formal,IS 8183: 1993;IS 9742: 1993;IS 3677: 1985;IS 9428: 1993,pending,
rq_is_9842_1994_08,Purchase requirement for preformed fibrous pipe insulation covering thermal insulation of pipe sections,IS 9842: 1994,PREFORMED FIBROUS PIPE INSULATION,general_but_sufficient,procurement,IS 8183: 1993;IS 9742: 1993;IS 3677: 1985;IS 9428: 1993,pending,
rq_is_9842_1994_09,"Find the standard that covers preformed fibrous pipe insulation, preformed pipe-section insulation form",IS 9842: 1994,PREFORMED FIBROUS PIPE INSULATION,specific,technical_natural,IS 8183: 1993;IS 9742: 1993;IS 3677: 1985;IS 9428: 1993,pending,
rq_is_9842_1994_10,Need compliant preformed fibrous pipe insulation for thermal insulation of pipe sections,IS 9842: 1994,PREFORMED FIBROUS PIPE INSULATION,general_but_sufficient,general_natural,IS 8183: 1993;IS 9742: 1993;IS 3677: 1985;IS 9428: 1993,pending,
rq_is_9842_1994_11,Which IS should I use for preformed fibrous pipe insulation when the job is thermal insulation of pipe sections?,IS 9842: 1994,PREFORMED FIBROUS PIPE INSULATION,specific,conversational,IS 8183: 1993;IS 9742: 1993;IS 3677: 1985;IS 9428: 1993,pending,
rq_is_9842_1994_12,Standard selection for thermal insulation of pipe sections: preformed fibrous pipe insulation with preformed pipe-section insulation form,IS 9842: 1994,PREFORMED FIBROUS PIPE INSULATION,specific,use_case,IS 8183: 1993;IS 9742: 1993;IS 3677: 1985;IS 9428: 1993,pending,
rq_is_12436_1988_01,"Require rigid PUR and PIR foam insulation for thermal insulation in boards, slabs, pipe sections, panels, or special shapes where the distinguishing feature is preformed rigid foam insulation shapes",IS 12436: 1988,PREFORMED RIGID POLYURETHANE (PUR) AND,specific,formal,IS 9842: 1994;IS 4671: 1984;IS 9428: 1993;IS 8183: 1993,pending,
rq_is_12436_1988_02,"Procure rigid PUR and PIR foam insulation for thermal insulation in boards, slabs, pipe sections, panels, or special shapes; material or form should be polyurethane or polyisocyanurate foam",IS 12436: 1988,PREFORMED RIGID POLYURETHANE (PUR) AND,specific,procurement,IS 9842: 1994;IS 4671: 1984;IS 9428: 1993;IS 8183: 1993,pending,
rq_is_12436_1988_03,"Need an Indian Standard for rigid PUR and PIR foam insulation used in thermal insulation in boards, slabs, pipe sections, panels, or special shapes with preformed rigid foam insulation shapes",IS 12436: 1988,PREFORMED RIGID POLYURETHANE (PUR) AND,specific,technical_natural,IS 9842: 1994;IS 4671: 1984;IS 9428: 1993;IS 8183: 1993,pending,
rq_is_12436_1988_04,"Looking for rigid PUR and PIR foam insulation suited to thermal insulation in boards, slabs, pipe sections, panels, or special shapes",IS 12436: 1988,PREFORMED RIGID POLYURETHANE (PUR) AND,general_but_sufficient,general_natural,IS 9842: 1994;IS 4671: 1984;IS 9428: 1993;IS 8183: 1993,pending,
rq_is_12436_1988_05,"We need rigid PUR and PIR foam insulation for thermal insulation in boards, slabs, pipe sections, panels, or special shapes, especially preformed rigid foam insulation shapes",IS 12436: 1988,PREFORMED RIGID POLYURETHANE (PUR) AND,general_but_sufficient,conversational,IS 9842: 1994;IS 4671: 1984;IS 9428: 1993;IS 8183: 1993,pending,
rq_is_12436_1988_06,Select the standard for thermal insulation using rigid PUR or PIR foam sections,IS 12436: 1988,PREFORMED RIGID POLYURETHANE (PUR) AND,specific,use_case,IS 9842: 1994;IS 4671: 1984;IS 9428: 1993;IS 8183: 1993,pending,
rq_is_12436_1988_07,"Specification needed for polyurethane or polyisocyanurate foam rigid PUR and PIR foam insulation in thermal insulation in boards, slabs, pipe sections, panels, or special shapes",IS 12436: 1988,PREFORMED RIGID POLYURETHANE (PUR) AND,specific,formal,IS 9842: 1994;IS 4671: 1984;IS 9428: 1993;IS 8183: 1993,pending,
rq_is_12436_1988_08,"Purchase requirement for rigid PUR and PIR foam insulation covering thermal insulation in boards, slabs, pipe sections, panels, or special shapes",IS 12436: 1988,PREFORMED RIGID POLYURETHANE (PUR) AND,general_but_sufficient,procurement,IS 9842: 1994;IS 4671: 1984;IS 9428: 1993;IS 8183: 1993,pending,
rq_is_12436_1988_09,"Find the standard that covers rigid PUR and PIR foam insulation, preformed rigid foam insulation shapes",IS 12436: 1988,PREFORMED RIGID POLYURETHANE (PUR) AND,specific,technical_natural,IS 9842: 1994;IS 4671: 1984;IS 9428: 1993;IS 8183: 1993,pending,
rq_is_12436_1988_10,"Need compliant rigid PUR and PIR foam insulation for thermal insulation in boards, slabs, pipe sections, panels, or special shapes",IS 12436: 1988,PREFORMED RIGID POLYURETHANE (PUR) AND,general_but_sufficient,general_natural,IS 9842: 1994;IS 4671: 1984;IS 9428: 1993;IS 8183: 1993,pending,
rq_is_12436_1988_11,"Which IS should I use for rigid PUR and PIR foam insulation when the job is thermal insulation in boards, slabs, pipe sections, panels, or special shapes?",IS 12436: 1988,PREFORMED RIGID POLYURETHANE (PUR) AND,specific,conversational,IS 9842: 1994;IS 4671: 1984;IS 9428: 1993;IS 8183: 1993,pending,
rq_is_12436_1988_12,"Standard selection for thermal insulation in boards, slabs, pipe sections, panels, or special shapes: rigid PUR and PIR foam insulation with preformed rigid foam insulation shapes",IS 12436: 1988,PREFORMED RIGID POLYURETHANE (PUR) AND,specific,use_case,IS 9842: 1994;IS 4671: 1984;IS 9428: 1993;IS 8183: 1993,pending,
rq_is_269_1989_01,"Require ordinary Portland cement, 33 grade for cement manufacture and supply where the distinguishing feature is 33 grade ordinary Portland cement",IS 269: 1989,"ORDINARY PORTLAND CEMENT, 33 GRADE",specific,formal,IS 455: 1989;IS 8112: 1989;IS 1489 (Part 1): 1991;IS 8041: 1990,pending,
rq_is_269_1989_02,"Procure ordinary Portland cement, 33 grade for cement manufacture and supply; material or form should be ordinary Portland cement",IS 269: 1989,"ORDINARY PORTLAND CEMENT, 33 GRADE",specific,procurement,IS 455: 1989;IS 8112: 1989;IS 1489 (Part 1): 1991;IS 8041: 1990,pending,
rq_is_269_1989_03,"Need an Indian Standard for ordinary Portland cement, 33 grade used in cement manufacture and supply with 33 grade ordinary Portland cement",IS 269: 1989,"ORDINARY PORTLAND CEMENT, 33 GRADE",specific,technical_natural,IS 455: 1989;IS 8112: 1989;IS 1489 (Part 1): 1991;IS 8041: 1990,pending,
rq_is_269_1989_04,"Looking for ordinary Portland cement, 33 grade suited to cement manufacture and supply",IS 269: 1989,"ORDINARY PORTLAND CEMENT, 33 GRADE",general_but_sufficient,general_natural,IS 455: 1989;IS 8112: 1989;IS 1489 (Part 1): 1991;IS 8041: 1990,pending,
rq_is_269_1989_05,"We need ordinary Portland cement, 33 grade for cement manufacture and supply, especially 33 grade ordinary Portland cement",IS 269: 1989,"ORDINARY PORTLAND CEMENT, 33 GRADE",general_but_sufficient,conversational,IS 455: 1989;IS 8112: 1989;IS 1489 (Part 1): 1991;IS 8041: 1990,pending,
rq_is_269_1989_06,Select the standard for selecting 33 grade ordinary Portland cement,IS 269: 1989,"ORDINARY PORTLAND CEMENT, 33 GRADE",specific,use_case,IS 455: 1989;IS 8112: 1989;IS 1489 (Part 1): 1991;IS 8041: 1990,pending,
rq_is_269_1989_07,"Specification needed for ordinary Portland cement ordinary Portland cement, 33 grade in cement manufacture and supply",IS 269: 1989,"ORDINARY PORTLAND CEMENT, 33 GRADE",specific,formal,IS 455: 1989;IS 8112: 1989;IS 1489 (Part 1): 1991;IS 8041: 1990,pending,
rq_is_269_1989_08,"Purchase requirement for ordinary Portland cement, 33 grade covering cement manufacture and supply",IS 269: 1989,"ORDINARY PORTLAND CEMENT, 33 GRADE",general_but_sufficient,procurement,IS 455: 1989;IS 8112: 1989;IS 1489 (Part 1): 1991;IS 8041: 1990,pending,
rq_is_269_1989_09,"Find the standard that covers ordinary Portland cement, 33 grade, 33 grade ordinary Portland cement",IS 269: 1989,"ORDINARY PORTLAND CEMENT, 33 GRADE",specific,technical_natural,IS 455: 1989;IS 8112: 1989;IS 1489 (Part 1): 1991;IS 8041: 1990,pending,
rq_is_269_1989_10,"Need compliant ordinary Portland cement, 33 grade for cement manufacture and supply",IS 269: 1989,"ORDINARY PORTLAND CEMENT, 33 GRADE",general_but_sufficient,general_natural,IS 455: 1989;IS 8112: 1989;IS 1489 (Part 1): 1991;IS 8041: 1990,pending,
rq_is_269_1989_11,"Which IS should I use for ordinary Portland cement, 33 grade when the job is cement manufacture and supply?",IS 269: 1989,"ORDINARY PORTLAND CEMENT, 33 GRADE",specific,conversational,IS 455: 1989;IS 8112: 1989;IS 1489 (Part 1): 1991;IS 8041: 1990,pending,
rq_is_269_1989_12,"Standard selection for cement manufacture and supply: ordinary Portland cement, 33 grade with 33 grade ordinary Portland cement",IS 269: 1989,"ORDINARY PORTLAND CEMENT, 33 GRADE",specific,use_case,IS 455: 1989;IS 8112: 1989;IS 1489 (Part 1): 1991;IS 8041: 1990,pending,
rq_is_8112_1989_01,"Require ordinary Portland cement, 43 grade for precast products or prestressed concrete sleeper cement supply where the distinguishing feature is 43 grade ordinary Portland cement",IS 8112: 1989,43 GRADE ORDINARY PORTLAND CEMENT,specific,formal,IS 269: 1989;IS 455: 1989;IS 1489 (Part 1): 1991;IS 8041: 1990,pending,
rq_is_8112_1989_02,"Procure ordinary Portland cement, 43 grade for precast products or prestressed concrete sleeper cement supply; material or form should be ordinary Portland cement",IS 8112: 1989,43 GRADE ORDINARY PORTLAND CEMENT,specific,procurement,IS 269: 1989;IS 455: 1989;IS 1489 (Part 1): 1991;IS 8041: 1990,pending,
rq_is_8112_1989_03,"Need an Indian Standard for ordinary Portland cement, 43 grade used in precast products or prestressed concrete sleeper cement supply with 43 grade ordinary Portland cement",IS 8112: 1989,43 GRADE ORDINARY PORTLAND CEMENT,specific,technical_natural,IS 269: 1989;IS 455: 1989;IS 1489 (Part 1): 1991;IS 8041: 1990,pending,
rq_is_8112_1989_04,"Looking for ordinary Portland cement, 43 grade suited to precast products or prestressed concrete sleeper cement supply",IS 8112: 1989,43 GRADE ORDINARY PORTLAND CEMENT,general_but_sufficient,general_natural,IS 269: 1989;IS 455: 1989;IS 1489 (Part 1): 1991;IS 8041: 1990,pending,
rq_is_8112_1989_05,"We need ordinary Portland cement, 43 grade for precast products or prestressed concrete sleeper cement supply, especially 43 grade ordinary Portland cement",IS 8112: 1989,43 GRADE ORDINARY PORTLAND CEMENT,general_but_sufficient,conversational,IS 269: 1989;IS 455: 1989;IS 1489 (Part 1): 1991;IS 8041: 1990,pending,
rq_is_8112_1989_06,Select the standard for selecting 43 grade ordinary Portland cement for precast concrete work,IS 8112: 1989,43 GRADE ORDINARY PORTLAND CEMENT,specific,use_case,IS 269: 1989;IS 455: 1989;IS 1489 (Part 1): 1991;IS 8041: 1990,pending,
rq_is_8112_1989_07,"Specification needed for ordinary Portland cement ordinary Portland cement, 43 grade in precast products or prestressed concrete sleeper cement supply",IS 8112: 1989,43 GRADE ORDINARY PORTLAND CEMENT,specific,formal,IS 269: 1989;IS 455: 1989;IS 1489 (Part 1): 1991;IS 8041: 1990,pending,
rq_is_8112_1989_08,"Purchase requirement for ordinary Portland cement, 43 grade covering precast products or prestressed concrete sleeper cement supply",IS 8112: 1989,43 GRADE ORDINARY PORTLAND CEMENT,general_but_sufficient,procurement,IS 269: 1989;IS 455: 1989;IS 1489 (Part 1): 1991;IS 8041: 1990,pending,
rq_is_8112_1989_09,"Find the standard that covers ordinary Portland cement, 43 grade, 43 grade ordinary Portland cement",IS 8112: 1989,43 GRADE ORDINARY PORTLAND CEMENT,specific,technical_natural,IS 269: 1989;IS 455: 1989;IS 1489 (Part 1): 1991;IS 8041: 1990,pending,
rq_is_8112_1989_10,"Need compliant ordinary Portland cement, 43 grade for precast products or prestressed concrete sleeper cement supply",IS 8112: 1989,43 GRADE ORDINARY PORTLAND CEMENT,general_but_sufficient,general_natural,IS 269: 1989;IS 455: 1989;IS 1489 (Part 1): 1991;IS 8041: 1990,pending,
rq_is_8112_1989_11,"Which IS should I use for ordinary Portland cement, 43 grade when the job is precast products or prestressed concrete sleeper cement supply?",IS 8112: 1989,43 GRADE ORDINARY PORTLAND CEMENT,specific,conversational,IS 269: 1989;IS 455: 1989;IS 1489 (Part 1): 1991;IS 8041: 1990,pending,
rq_is_8112_1989_12,"Standard selection for precast products or prestressed concrete sleeper cement supply: ordinary Portland cement, 43 grade with 43 grade ordinary Portland cement",IS 8112: 1989,43 GRADE ORDINARY PORTLAND CEMENT,specific,use_case,IS 269: 1989;IS 455: 1989;IS 1489 (Part 1): 1991;IS 8041: 1990,pending,
rq_is_455_1989_01,Require Portland slag cement for cement manufacture and supply where the distinguishing feature is slag cement rather than ordinary or pozzolana cement,IS 455: 1989,PORTLAND SLAG CEMENT,specific,formal,IS 269: 1989;IS 1489 (Part 1): 1991;IS 8112: 1989;IS 8041: 1990,pending,
rq_is_455_1989_02,Procure Portland slag cement for cement manufacture and supply; material or form should be Portland slag cement,IS 455: 1989,PORTLAND SLAG CEMENT,specific,procurement,IS 269: 1989;IS 1489 (Part 1): 1991;IS 8112: 1989;IS 8041: 1990,pending,
rq_is_455_1989_03,Need an Indian Standard for Portland slag cement used in cement manufacture and supply with slag cement rather than ordinary or pozzolana cement,IS 455: 1989,PORTLAND SLAG CEMENT,specific,technical_natural,IS 269: 1989;IS 1489 (Part 1): 1991;IS 8112: 1989;IS 8041: 1990,pending,
rq_is_455_1989_04,Looking for Portland slag cement suited to cement manufacture and supply,IS 455: 1989,PORTLAND SLAG CEMENT,general_but_sufficient,general_natural,IS 269: 1989;IS 1489 (Part 1): 1991;IS 8112: 1989;IS 8041: 1990,pending,
rq_is_455_1989_05,"We need Portland slag cement for cement manufacture and supply, especially slag cement rather than ordinary or pozzolana cement",IS 455: 1989,PORTLAND SLAG CEMENT,general_but_sufficient,conversational,IS 269: 1989;IS 1489 (Part 1): 1991;IS 8112: 1989;IS 8041: 1990,pending,
rq_is_455_1989_06,Select the standard for cement procurement where Portland slag cement is required,IS 455: 1989,PORTLAND SLAG CEMENT,specific,use_case,IS 269: 1989;IS 1489 (Part 1): 1991;IS 8112: 1989;IS 8041: 1990,pending,
rq_is_455_1989_07,Specification needed for Portland slag cement Portland slag cement in cement manufacture and supply,IS 455: 1989,PORTLAND SLAG CEMENT,specific,formal,IS 269: 1989;IS 1489 (Part 1): 1991;IS 8112: 1989;IS 8041: 1990,pending,
rq_is_455_1989_08,Purchase requirement for Portland slag cement covering cement manufacture and supply,IS 455: 1989,PORTLAND SLAG CEMENT,general_but_sufficient,procurement,IS 269: 1989;IS 1489 (Part 1): 1991;IS 8112: 1989;IS 8041: 1990,pending,
rq_is_455_1989_09,"Find the standard that covers Portland slag cement, slag cement rather than ordinary or pozzolana cement",IS 455: 1989,PORTLAND SLAG CEMENT,specific,technical_natural,IS 269: 1989;IS 1489 (Part 1): 1991;IS 8112: 1989;IS 8041: 1990,pending,
rq_is_455_1989_10,Need compliant Portland slag cement for cement manufacture and supply,IS 455: 1989,PORTLAND SLAG CEMENT,general_but_sufficient,general_natural,IS 269: 1989;IS 1489 (Part 1): 1991;IS 8112: 1989;IS 8041: 1990,pending,
rq_is_455_1989_11,Which IS should I use for Portland slag cement when the job is cement manufacture and supply?,IS 455: 1989,PORTLAND SLAG CEMENT,specific,conversational,IS 269: 1989;IS 1489 (Part 1): 1991;IS 8112: 1989;IS 8041: 1990,pending,
rq_is_455_1989_12,Standard selection for cement manufacture and supply: Portland slag cement with slag cement rather than ordinary or pozzolana cement,IS 455: 1989,PORTLAND SLAG CEMENT,specific,use_case,IS 269: 1989;IS 1489 (Part 1): 1991;IS 8112: 1989;IS 8041: 1990,pending,
rq_is_1489_part_1_1991_01,Require Portland pozzolana cement with fly ash pozzolana for PPC cement manufacture and supply where the distinguishing feature is fly ash as the only pozzolana component,IS 1489 (Part 1): 1991,PORTLAND POZZOLANA CEMENT,specific,formal,IS 1489 (Part 2): 1991;IS 455: 1989;IS 8042: 1989;IS 8112: 1989,pending,
rq_is_1489_part_1_1991_02,Procure Portland pozzolana cement with fly ash pozzolana for PPC cement manufacture and supply; material or form should be cement using fly ash pozzolana,IS 1489 (Part 1): 1991,PORTLAND POZZOLANA CEMENT,specific,procurement,IS 1489 (Part 2): 1991;IS 455: 1989;IS 8042: 1989;IS 8112: 1989,pending,
rq_is_1489_part_1_1991_03,Need an Indian Standard for Portland pozzolana cement with fly ash pozzolana used in PPC cement manufacture and supply with fly ash as the only pozzolana component,IS 1489 (Part 1): 1991,PORTLAND POZZOLANA CEMENT,specific,technical_natural,IS 1489 (Part 2): 1991;IS 455: 1989;IS 8042: 1989;IS 8112: 1989,pending,
rq_is_1489_part_1_1991_04,Looking for Portland pozzolana cement with fly ash pozzolana suited to PPC cement manufacture and supply,IS 1489 (Part 1): 1991,PORTLAND POZZOLANA CEMENT,general_but_sufficient,general_natural,IS 1489 (Part 2): 1991;IS 455: 1989;IS 8042: 1989;IS 8112: 1989,pending,
rq_is_1489_part_1_1991_05,"We need Portland pozzolana cement with fly ash pozzolana for PPC cement manufacture and supply, especially fly ash as the only pozzolana component",IS 1489 (Part 1): 1991,PORTLAND POZZOLANA CEMENT,general_but_sufficient,conversational,IS 1489 (Part 2): 1991;IS 455: 1989;IS 8042: 1989;IS 8112: 1989,pending,
rq_is_1489_part_1_1991_06,Select the standard for selecting PPC where the pozzolana source is fly ash only,IS 1489 (Part 1): 1991,PORTLAND POZZOLANA CEMENT,specific,use_case,IS 1489 (Part 2): 1991;IS 455: 1989;IS 8042: 1989;IS 8112: 1989,pending,
rq_is_1489_part_1_1991_07,Specification needed for cement using fly ash pozzolana Portland pozzolana cement with fly ash pozzolana in PPC cement manufacture and supply,IS 1489 (Part 1): 1991,PORTLAND POZZOLANA CEMENT,specific,formal,IS 1489 (Part 2): 1991;IS 455: 1989;IS 8042: 1989;IS 8112: 1989,pending,
rq_is_1489_part_1_1991_08,Purchase requirement for Portland pozzolana cement with fly ash pozzolana covering PPC cement manufacture and supply,IS 1489 (Part 1): 1991,PORTLAND POZZOLANA CEMENT,general_but_sufficient,procurement,IS 1489 (Part 2): 1991;IS 455: 1989;IS 8042: 1989;IS 8112: 1989,pending,
rq_is_1489_part_1_1991_09,"Find the standard that covers Portland pozzolana cement with fly ash pozzolana, fly ash as the only pozzolana component",IS 1489 (Part 1): 1991,PORTLAND POZZOLANA CEMENT,specific,technical_natural,IS 1489 (Part 2): 1991;IS 455: 1989;IS 8042: 1989;IS 8112: 1989,pending,
rq_is_1489_part_1_1991_10,Need compliant Portland pozzolana cement with fly ash pozzolana for PPC cement manufacture and supply,IS 1489 (Part 1): 1991,PORTLAND POZZOLANA CEMENT,general_but_sufficient,general_natural,IS 1489 (Part 2): 1991;IS 455: 1989;IS 8042: 1989;IS 8112: 1989,pending,
rq_is_1489_part_1_1991_11,Which IS should I use for Portland pozzolana cement with fly ash pozzolana when the job is PPC cement manufacture and supply?,IS 1489 (Part 1): 1991,PORTLAND POZZOLANA CEMENT,specific,conversational,IS 1489 (Part 2): 1991;IS 455: 1989;IS 8042: 1989;IS 8112: 1989,pending,
rq_is_1489_part_1_1991_12,Standard selection for PPC cement manufacture and supply: Portland pozzolana cement with fly ash pozzolana with fly ash as the only pozzolana component,IS 1489 (Part 1): 1991,PORTLAND POZZOLANA CEMENT,specific,use_case,IS 1489 (Part 2): 1991;IS 455: 1989;IS 8042: 1989;IS 8112: 1989,pending,
rq_is_1489_part_2_1991_01,Require Portland pozzolana cement with calcined clay pozzolana for PPC cement manufacture and supply where the distinguishing feature is calcined clay or calcined clay with fly ash as the pozzolana component,IS 1489 (Part 2): 1991,PORTLAND POZZOLANA CEMENT,specific,formal,IS 1489 (Part 1): 1991;IS 455: 1989;IS 8042: 1989;IS 3466: 1988,pending,
rq_is_1489_part_2_1991_02,Procure Portland pozzolana cement with calcined clay pozzolana for PPC cement manufacture and supply; material or form should be cement using calcined clay pozzolana,IS 1489 (Part 2): 1991,PORTLAND POZZOLANA CEMENT,specific,procurement,IS 1489 (Part 1): 1991;IS 455: 1989;IS 8042: 1989;IS 3466: 1988,pending,
rq_is_1489_part_2_1991_03,Need an Indian Standard for Portland pozzolana cement with calcined clay pozzolana used in PPC cement manufacture and supply with calcined clay or calcined clay with fly ash as the pozzolana component,IS 1489 (Part 2): 1991,PORTLAND POZZOLANA CEMENT,specific,technical_natural,IS 1489 (Part 1): 1991;IS 455: 1989;IS 8042: 1989;IS 3466: 1988,pending,
rq_is_1489_part_2_1991_04,Looking for Portland pozzolana cement with calcined clay pozzolana suited to PPC cement manufacture and supply,IS 1489 (Part 2): 1991,PORTLAND POZZOLANA CEMENT,general_but_sufficient,general_natural,IS 1489 (Part 1): 1991;IS 455: 1989;IS 8042: 1989;IS 3466: 1988,pending,
rq_is_1489_part_2_1991_05,"We need Portland pozzolana cement with calcined clay pozzolana for PPC cement manufacture and supply, especially calcined clay or calcined clay with fly ash as the pozzolana component",IS 1489 (Part 2): 1991,PORTLAND POZZOLANA CEMENT,general_but_sufficient,conversational,IS 1489 (Part 1): 1991;IS 455: 1989;IS 8042: 1989;IS 3466: 1988,pending,
rq_is_1489_part_2_1991_06,Select the standard for selecting PPC where calcined clay pozzolana is part of the composition,IS 1489 (Part 2): 1991,PORTLAND POZZOLANA CEMENT,specific,use_case,IS 1489 (Part 1): 1991;IS 455: 1989;IS 8042: 1989;IS 3466: 1988,pending,
rq_is_1489_part_2_1991_07,Specification needed for cement using calcined clay pozzolana Portland pozzolana cement with calcined clay pozzolana in PPC cement manufacture and supply,IS 1489 (Part 2): 1991,PORTLAND POZZOLANA CEMENT,specific,formal,IS 1489 (Part 1): 1991;IS 455: 1989;IS 8042: 1989;IS 3466: 1988,pending,
rq_is_1489_part_2_1991_08,Purchase requirement for Portland pozzolana cement with calcined clay pozzolana covering PPC cement manufacture and supply,IS 1489 (Part 2): 1991,PORTLAND POZZOLANA CEMENT,general_but_sufficient,procurement,IS 1489 (Part 1): 1991;IS 455: 1989;IS 8042: 1989;IS 3466: 1988,pending,
rq_is_1489_part_2_1991_09,"Find the standard that covers Portland pozzolana cement with calcined clay pozzolana, calcined clay or calcined clay with fly ash as the pozzolana component",IS 1489 (Part 2): 1991,PORTLAND POZZOLANA CEMENT,specific,technical_natural,IS 1489 (Part 1): 1991;IS 455: 1989;IS 8042: 1989;IS 3466: 1988,pending,
rq_is_1489_part_2_1991_10,Need compliant Portland pozzolana cement with calcined clay pozzolana for PPC cement manufacture and supply,IS 1489 (Part 2): 1991,PORTLAND POZZOLANA CEMENT,general_but_sufficient,general_natural,IS 1489 (Part 1): 1991;IS 455: 1989;IS 8042: 1989;IS 3466: 1988,pending,
rq_is_1489_part_2_1991_11,Which IS should I use for Portland pozzolana cement with calcined clay pozzolana when the job is PPC cement manufacture and supply?,IS 1489 (Part 2): 1991,PORTLAND POZZOLANA CEMENT,specific,conversational,IS 1489 (Part 1): 1991;IS 455: 1989;IS 8042: 1989;IS 3466: 1988,pending,
rq_is_1489_part_2_1991_12,Standard selection for PPC cement manufacture and supply: Portland pozzolana cement with calcined clay pozzolana with calcined clay or calcined clay with fly ash as the pozzolana component,IS 1489 (Part 2): 1991,PORTLAND POZZOLANA CEMENT,specific,use_case,IS 1489 (Part 1): 1991;IS 455: 1989;IS 8042: 1989;IS 3466: 1988,pending,
rq_is_3466_1988_01,"Require masonry cement for mortar for masonry where the distinguishing feature is general masonry mortar use, not structural concrete or flooring",IS 3466: 1988,MASONRY CEMENT,specific,formal,IS 8042: 1989;IS 8112: 1989;IS 455: 1989;IS 8041: 1990,pending,
rq_is_3466_1988_02,Procure masonry cement for mortar for masonry; material or form should be masonry cement,IS 3466: 1988,MASONRY CEMENT,specific,procurement,IS 8042: 1989;IS 8112: 1989;IS 455: 1989;IS 8041: 1990,pending,
rq_is_3466_1988_03,"Need an Indian Standard for masonry cement used in mortar for masonry with general masonry mortar use, not structural concrete or flooring",IS 3466: 1988,MASONRY CEMENT,specific,technical_natural,IS 8042: 1989;IS 8112: 1989;IS 455: 1989;IS 8041: 1990,pending,
rq_is_3466_1988_04,Looking for masonry cement suited to mortar for masonry,IS 3466: 1988,MASONRY CEMENT,general_but_sufficient,general_natural,IS 8042: 1989;IS 8112: 1989;IS 455: 1989;IS 8041: 1990,pending,
rq_is_3466_1988_05,"We need masonry cement for mortar for masonry, especially general masonry mortar use, not structural concrete or flooring",IS 3466: 1988,MASONRY CEMENT,general_but_sufficient,conversational,IS 8042: 1989;IS 8112: 1989;IS 455: 1989;IS 8041: 1990,pending,
rq_is_3466_1988_06,Select the standard for masonry mortar work requiring masonry cement,IS 3466: 1988,MASONRY CEMENT,specific,use_case,IS 8042: 1989;IS 8112: 1989;IS 455: 1989;IS 8041: 1990,pending,
rq_is_3466_1988_07,Specification needed for masonry cement masonry cement in mortar for masonry,IS 3466: 1988,MASONRY CEMENT,specific,formal,IS 8042: 1989;IS 8112: 1989;IS 455: 1989;IS 8041: 1990,pending,
rq_is_3466_1988_08,Purchase requirement for masonry cement covering mortar for masonry,IS 3466: 1988,MASONRY CEMENT,general_but_sufficient,procurement,IS 8042: 1989;IS 8112: 1989;IS 455: 1989;IS 8041: 1990,pending,
rq_is_3466_1988_09,"Find the standard that covers masonry cement, general masonry mortar use, not structural concrete or flooring",IS 3466: 1988,MASONRY CEMENT,specific,technical_natural,IS 8042: 1989;IS 8112: 1989;IS 455: 1989;IS 8041: 1990,pending,
rq_is_3466_1988_10,Need compliant masonry cement for mortar for masonry,IS 3466: 1988,MASONRY CEMENT,general_but_sufficient,general_natural,IS 8042: 1989;IS 8112: 1989;IS 455: 1989;IS 8041: 1990,pending,
rq_is_3466_1988_11,Which IS should I use for masonry cement when the job is mortar for masonry?,IS 3466: 1988,MASONRY CEMENT,specific,conversational,IS 8042: 1989;IS 8112: 1989;IS 455: 1989;IS 8041: 1990,pending,
rq_is_3466_1988_12,"Standard selection for mortar for masonry: masonry cement with general masonry mortar use, not structural concrete or flooring",IS 3466: 1988,MASONRY CEMENT,specific,use_case,IS 8042: 1989;IS 8112: 1989;IS 455: 1989;IS 8041: 1990,pending,
rq_is_8041_1990_01,Require rapid hardening Portland cement for cement work requiring early strength development where the distinguishing feature is rapid hardening rather than quick setting,IS 8041: 1990,RAPID HARDENING PORTLAND CEMENT,specific,formal,IS 1489 (Part 1): 1991;IS 269: 1989;IS 455: 1989;IS 8112: 1989,pending,
rq_is_8041_1990_02,Procure rapid hardening Portland cement for cement work requiring early strength development; material or form should be Portland cement,IS 8041: 1990,RAPID HARDENING PORTLAND CEMENT,specific,procurement,IS 1489 (Part 1): 1991;IS 269: 1989;IS 455: 1989;IS 8112: 1989,pending,
rq_is_8041_1990_03,Need an Indian Standard for rapid hardening Portland cement used in cement work requiring early strength development with rapid hardening rather than quick setting,IS 8041: 1990,RAPID HARDENING PORTLAND CEMENT,specific,technical_natural,IS 1489 (Part 1): 1991;IS 269: 1989;IS 455: 1989;IS 8112: 1989,pending,
rq_is_8041_1990_04,Looking for rapid hardening Portland cement suited to cement work requiring early strength development,IS 8041: 1990,RAPID HARDENING PORTLAND CEMENT,general_but_sufficient,general_natural,IS 1489 (Part 1): 1991;IS 269: 1989;IS 455: 1989;IS 8112: 1989,pending,
rq_is_8041_1990_05,"We need rapid hardening Portland cement for cement work requiring early strength development, especially rapid hardening rather than quick setting",IS 8041: 1990,RAPID HARDENING PORTLAND CEMENT,general_but_sufficient,conversational,IS 1489 (Part 1): 1991;IS 269: 1989;IS 455: 1989;IS 8112: 1989,pending,
rq_is_8041_1990_06,Select the standard for concrete work where Portland cement should gain strength early,IS 8041: 1990,RAPID HARDENING PORTLAND CEMENT,specific,use_case,IS 1489 (Part 1): 1991;IS 269: 1989;IS 455: 1989;IS 8112: 1989,pending,
rq_is_8041_1990_07,Specification needed for Portland cement rapid hardening Portland cement in cement work requiring early strength development,IS 8041: 1990,RAPID HARDENING PORTLAND CEMENT,specific,formal,IS 1489 (Part 1): 1991;IS 269: 1989;IS 455: 1989;IS 8112: 1989,pending,
rq_is_8041_1990_08,Purchase requirement for rapid hardening Portland cement covering cement work requiring early strength development,IS 8041: 1990,RAPID HARDENING PORTLAND CEMENT,general_but_sufficient,procurement,IS 1489 (Part 1): 1991;IS 269: 1989;IS 455: 1989;IS 8112: 1989,pending,
rq_is_8041_1990_09,"Find the standard that covers rapid hardening Portland cement, rapid hardening rather than quick setting",IS 8041: 1990,RAPID HARDENING PORTLAND CEMENT,specific,technical_natural,IS 1489 (Part 1): 1991;IS 269: 1989;IS 455: 1989;IS 8112: 1989,pending,
rq_is_8041_1990_10,Need compliant rapid hardening Portland cement for cement work requiring early strength development,IS 8041: 1990,RAPID HARDENING PORTLAND CEMENT,general_but_sufficient,general_natural,IS 1489 (Part 1): 1991;IS 269: 1989;IS 455: 1989;IS 8112: 1989,pending,
rq_is_8041_1990_11,Which IS should I use for rapid hardening Portland cement when the job is cement work requiring early strength development?,IS 8041: 1990,RAPID HARDENING PORTLAND CEMENT,specific,conversational,IS 1489 (Part 1): 1991;IS 269: 1989;IS 455: 1989;IS 8112: 1989,pending,
rq_is_8041_1990_12,Standard selection for cement work requiring early strength development: rapid hardening Portland cement with rapid hardening rather than quick setting,IS 8041: 1990,RAPID HARDENING PORTLAND CEMENT,specific,use_case,IS 1489 (Part 1): 1991;IS 269: 1989;IS 455: 1989;IS 8112: 1989,pending,
rq_is_8042_1989_01,Require white Portland cement for architectural and decorative non-structural use where the distinguishing feature is white cement made with low iron oxide and magnesium oxide raw materials,IS 8042: 1989,WHITE PORTLAND CEMENT,specific,formal,IS 455: 1989;IS 269: 1989;IS 8112: 1989;IS 8041: 1990,pending,
rq_is_8042_1989_02,Procure white Portland cement for architectural and decorative non-structural use; material or form should be white Portland cement,IS 8042: 1989,WHITE PORTLAND CEMENT,specific,procurement,IS 455: 1989;IS 269: 1989;IS 8112: 1989;IS 8041: 1990,pending,
rq_is_8042_1989_03,Need an Indian Standard for white Portland cement used in architectural and decorative non-structural use with white cement made with low iron oxide and magnesium oxide raw materials,IS 8042: 1989,WHITE PORTLAND CEMENT,specific,technical_natural,IS 455: 1989;IS 269: 1989;IS 8112: 1989;IS 8041: 1990,pending,
rq_is_8042_1989_04,Looking for white Portland cement suited to architectural and decorative non-structural use,IS 8042: 1989,WHITE PORTLAND CEMENT,general_but_sufficient,general_natural,IS 455: 1989;IS 269: 1989;IS 8112: 1989;IS 8041: 1990,pending,
rq_is_8042_1989_05,"We need white Portland cement for architectural and decorative non-structural use, especially white cement made with low iron oxide and magnesium oxide raw materials",IS 8042: 1989,WHITE PORTLAND CEMENT,general_but_sufficient,conversational,IS 455: 1989;IS 269: 1989;IS 8112: 1989;IS 8041: 1990,pending,
rq_is_8042_1989_06,Select the standard for decorative architectural finishing using white Portland cement,IS 8042: 1989,WHITE PORTLAND CEMENT,specific,use_case,IS 455: 1989;IS 269: 1989;IS 8112: 1989;IS 8041: 1990,pending,
rq_is_8042_1989_07,Specification needed for white Portland cement white Portland cement in architectural and decorative non-structural use,IS 8042: 1989,WHITE PORTLAND CEMENT,specific,formal,IS 455: 1989;IS 269: 1989;IS 8112: 1989;IS 8041: 1990,pending,
rq_is_8042_1989_08,Purchase requirement for white Portland cement covering architectural and decorative non-structural use,IS 8042: 1989,WHITE PORTLAND CEMENT,general_but_sufficient,procurement,IS 455: 1989;IS 269: 1989;IS 8112: 1989;IS 8041: 1990,pending,
rq_is_8042_1989_09,"Find the standard that covers white Portland cement, white cement made with low iron oxide and magnesium oxide raw materials",IS 8042: 1989,WHITE PORTLAND CEMENT,specific,technical_natural,IS 455: 1989;IS 269: 1989;IS 8112: 1989;IS 8041: 1990,pending,
rq_is_8042_1989_10,Need compliant white Portland cement for architectural and decorative non-structural use,IS 8042: 1989,WHITE PORTLAND CEMENT,general_but_sufficient,general_natural,IS 455: 1989;IS 269: 1989;IS 8112: 1989;IS 8041: 1990,pending,
rq_is_8042_1989_11,Which IS should I use for white Portland cement when the job is architectural and decorative non-structural use?,IS 8042: 1989,WHITE PORTLAND CEMENT,specific,conversational,IS 455: 1989;IS 269: 1989;IS 8112: 1989;IS 8041: 1990,pending,
rq_is_8042_1989_12,Standard selection for architectural and decorative non-structural use: white Portland cement with white cement made with low iron oxide and magnesium oxide raw materials,IS 8042: 1989,WHITE PORTLAND CEMENT,specific,use_case,IS 455: 1989;IS 269: 1989;IS 8112: 1989;IS 8041: 1990,pending,
rq_is_1363_part_1_2002_01,Require product grade C hexagon head bolts for threaded bolt fasteners where the distinguishing feature is hexagon head bolts with threads from M5 to M64,IS 1363 (Part 1): 2002,ISO 4016 : 1999,specific,formal,IS 1363 (Part 2): 2002;IS 1363 (Part 3): 2002;IS 1364 (Part 1): 2002;IS 3757: 1985,pending,
rq_is_1363_part_1_2002_02,Procure product grade C hexagon head bolts for threaded bolt fasteners; material or form should be fastener steel,IS 1363 (Part 1): 2002,ISO 4016 : 1999,specific,procurement,IS 1363 (Part 2): 2002;IS 1363 (Part 3): 2002;IS 1364 (Part 1): 2002;IS 3757: 1985,pending,
rq_is_1363_part_1_2002_03,Need an Indian Standard for product grade C hexagon head bolts used in threaded bolt fasteners with hexagon head bolts with threads from M5 to M64,IS 1363 (Part 1): 2002,ISO 4016 : 1999,specific,technical_natural,IS 1363 (Part 2): 2002;IS 1363 (Part 3): 2002;IS 1364 (Part 1): 2002;IS 3757: 1985,pending,
rq_is_1363_part_1_2002_04,Looking for product grade C hexagon head bolts suited to threaded bolt fasteners,IS 1363 (Part 1): 2002,ISO 4016 : 1999,general_but_sufficient,general_natural,IS 1363 (Part 2): 2002;IS 1363 (Part 3): 2002;IS 1364 (Part 1): 2002;IS 3757: 1985,pending,
rq_is_1363_part_1_2002_05,"We need product grade C hexagon head bolts for threaded bolt fasteners, especially hexagon head bolts with threads from M5 to M64",IS 1363 (Part 1): 2002,ISO 4016 : 1999,general_but_sufficient,conversational,IS 1363 (Part 2): 2002;IS 1363 (Part 3): 2002;IS 1364 (Part 1): 2002;IS 3757: 1985,pending,
rq_is_1363_part_1_2002_06,Select the standard for selecting product grade C hexagon head bolts,IS 1363 (Part 1): 2002,ISO 4016 : 1999,specific,use_case,IS 1363 (Part 2): 2002;IS 1363 (Part 3): 2002;IS 1364 (Part 1): 2002;IS 3757: 1985,pending,
rq_is_1363_part_1_2002_07,Specification needed for fastener steel product grade C hexagon head bolts in threaded bolt fasteners,IS 1363 (Part 1): 2002,ISO 4016 : 1999,specific,formal,IS 1363 (Part 2): 2002;IS 1363 (Part 3): 2002;IS 1364 (Part 1): 2002;IS 3757: 1985,pending,
rq_is_1363_part_1_2002_08,Purchase requirement for product grade C hexagon head bolts covering threaded bolt fasteners,IS 1363 (Part 1): 2002,ISO 4016 : 1999,general_but_sufficient,procurement,IS 1363 (Part 2): 2002;IS 1363 (Part 3): 2002;IS 1364 (Part 1): 2002;IS 3757: 1985,pending,
rq_is_1363_part_1_2002_09,"Find the standard that covers product grade C hexagon head bolts, hexagon head bolts with threads from M5 to M64",IS 1363 (Part 1): 2002,ISO 4016 : 1999,specific,technical_natural,IS 1363 (Part 2): 2002;IS 1363 (Part 3): 2002;IS 1364 (Part 1): 2002;IS 3757: 1985,pending,
rq_is_1363_part_1_2002_10,Need compliant product grade C hexagon head bolts for threaded bolt fasteners,IS 1363 (Part 1): 2002,ISO 4016 : 1999,general_but_sufficient,general_natural,IS 1363 (Part 2): 2002;IS 1363 (Part 3): 2002;IS 1364 (Part 1): 2002;IS 3757: 1985,pending,
rq_is_1363_part_1_2002_11,Which IS should I use for product grade C hexagon head bolts when the job is threaded bolt fasteners?,IS 1363 (Part 1): 2002,ISO 4016 : 1999,specific,conversational,IS 1363 (Part 2): 2002;IS 1363 (Part 3): 2002;IS 1364 (Part 1): 2002;IS 3757: 1985,pending,
rq_is_1363_part_1_2002_12,Standard selection for threaded bolt fasteners: product grade C hexagon head bolts with hexagon head bolts with threads from M5 to M64,IS 1363 (Part 1): 2002,ISO 4016 : 1999,specific,use_case,IS 1363 (Part 2): 2002;IS 1363 (Part 3): 2002;IS 1364 (Part 1): 2002;IS 3757: 1985,pending,
rq_is_1363_part_2_2002_01,Require product grade C hexagon head screws for threaded screw fasteners where the distinguishing feature is hexagon head screws with threads from M5 to M64,IS 1363 (Part 2): 2002,ISO 4018 : 1999,specific,formal,IS 1363 (Part 1): 2002;IS 1363 (Part 3): 2002;IS 1364 (Part 1): 2002;IS 1365: 1978,pending,
rq_is_1363_part_2_2002_02,Procure product grade C hexagon head screws for threaded screw fasteners; material or form should be fastener steel,IS 1363 (Part 2): 2002,ISO 4018 : 1999,specific,procurement,IS 1363 (Part 1): 2002;IS 1363 (Part 3): 2002;IS 1364 (Part 1): 2002;IS 1365: 1978,pending,
rq_is_1363_part_2_2002_03,Need an Indian Standard for product grade C hexagon head screws used in threaded screw fasteners with hexagon head screws with threads from M5 to M64,IS 1363 (Part 2): 2002,ISO 4018 : 1999,specific,technical_natural,IS 1363 (Part 1): 2002;IS 1363 (Part 3): 2002;IS 1364 (Part 1): 2002;IS 1365: 1978,pending,
rq_is_1363_part_2_2002_04,Looking for product grade C hexagon head screws suited to threaded screw fasteners,IS 1363 (Part 2): 2002,ISO 4018 : 1999,general_but_sufficient,general_natural,IS 1363 (Part 1): 2002;IS 1363 (Part 3): 2002;IS 1364 (Part 1): 2002;IS 1365: 1978,pending,
rq_is_1363_part_2_2002_05,"We need product grade C hexagon head screws for threaded screw fasteners, especially hexagon head screws with threads from M5 to M64",IS 1363 (Part 2): 2002,ISO 4018 : 1999,general_but_sufficient,conversational,IS 1363 (Part 1): 2002;IS 1363 (Part 3): 2002;IS 1364 (Part 1): 2002;IS 1365: 1978,pending,
rq_is_1363_part_2_2002_06,Select the standard for selecting product grade C hexagon head screws,IS 1363 (Part 2): 2002,ISO 4018 : 1999,specific,use_case,IS 1363 (Part 1): 2002;IS 1363 (Part 3): 2002;IS 1364 (Part 1): 2002;IS 1365: 1978,pending,
rq_is_1363_part_2_2002_07,Specification needed for fastener steel product grade C hexagon head screws in threaded screw fasteners,IS 1363 (Part 2): 2002,ISO 4018 : 1999,specific,formal,IS 1363 (Part 1): 2002;IS 1363 (Part 3): 2002;IS 1364 (Part 1): 2002;IS 1365: 1978,pending,
rq_is_1363_part_2_2002_08,Purchase requirement for product grade C hexagon head screws covering threaded screw fasteners,IS 1363 (Part 2): 2002,ISO 4018 : 1999,general_but_sufficient,procurement,IS 1363 (Part 1): 2002;IS 1363 (Part 3): 2002;IS 1364 (Part 1): 2002;IS 1365: 1978,pending,
rq_is_1363_part_2_2002_09,"Find the standard that covers product grade C hexagon head screws, hexagon head screws with threads from M5 to M64",IS 1363 (Part 2): 2002,ISO 4018 : 1999,specific,technical_natural,IS 1363 (Part 1): 2002;IS 1363 (Part 3): 2002;IS 1364 (Part 1): 2002;IS 1365: 1978,pending,
rq_is_1363_part_2_2002_10,Need compliant product grade C hexagon head screws for threaded screw fasteners,IS 1363 (Part 2): 2002,ISO 4018 : 1999,general_but_sufficient,general_natural,IS 1363 (Part 1): 2002;IS 1363 (Part 3): 2002;IS 1364 (Part 1): 2002;IS 1365: 1978,pending,
rq_is_1363_part_2_2002_11,Which IS should I use for product grade C hexagon head screws when the job is threaded screw fasteners?,IS 1363 (Part 2): 2002,ISO 4018 : 1999,specific,conversational,IS 1363 (Part 1): 2002;IS 1363 (Part 3): 2002;IS 1364 (Part 1): 2002;IS 1365: 1978,pending,
rq_is_1363_part_2_2002_12,Standard selection for threaded screw fasteners: product grade C hexagon head screws with hexagon head screws with threads from M5 to M64,IS 1363 (Part 2): 2002,ISO 4018 : 1999,specific,use_case,IS 1363 (Part 1): 2002;IS 1363 (Part 3): 2002;IS 1364 (Part 1): 2002;IS 1365: 1978,pending,
rq_is_1363_part_3_2002_01,Require product grade C hexagon nuts for threaded nut fasteners where the distinguishing feature is hexagon nuts with thread diameters from M5 to M64,IS 1363 (Part 3): 2002,ISO 4034 : 1999,specific,formal,IS 1363 (Part 1): 2002;IS 1363 (Part 2): 2002;IS 1364 (Part 1): 2002;IS 2016: 1967,pending,
rq_is_1363_part_3_2002_02,Procure product grade C hexagon nuts for threaded nut fasteners; material or form should be fastener steel,IS 1363 (Part 3): 2002,ISO 4034 : 1999,specific,procurement,IS 1363 (Part 1): 2002;IS 1363 (Part 2): 2002;IS 1364 (Part 1): 2002;IS 2016: 1967,pending,
rq_is_1363_part_3_2002_03,Need an Indian Standard for product grade C hexagon nuts used in threaded nut fasteners with hexagon nuts with thread diameters from M5 to M64,IS 1363 (Part 3): 2002,ISO 4034 : 1999,specific,technical_natural,IS 1363 (Part 1): 2002;IS 1363 (Part 2): 2002;IS 1364 (Part 1): 2002;IS 2016: 1967,pending,
rq_is_1363_part_3_2002_04,Looking for product grade C hexagon nuts suited to threaded nut fasteners,IS 1363 (Part 3): 2002,ISO 4034 : 1999,general_but_sufficient,general_natural,IS 1363 (Part 1): 2002;IS 1363 (Part 2): 2002;IS 1364 (Part 1): 2002;IS 2016: 1967,pending,
rq_is_1363_part_3_2002_05,"We need product grade C hexagon nuts for threaded nut fasteners, especially hexagon nuts with thread diameters from M5 to M64",IS 1363 (Part 3): 2002,ISO 4034 : 1999,general_but_sufficient,conversational,IS 1363 (Part 1): 2002;IS 1363 (Part 2): 2002;IS 1364 (Part 1): 2002;IS 2016: 1967,pending,
rq_is_1363_part_3_2002_06,Select the standard for selecting product grade C hexagon nuts,IS 1363 (Part 3): 2002,ISO 4034 : 1999,specific,use_case,IS 1363 (Part 1): 2002;IS 1363 (Part 2): 2002;IS 1364 (Part 1): 2002;IS 2016: 1967,pending,
rq_is_1363_part_3_2002_07,Specification needed for fastener steel product grade C hexagon nuts in threaded nut fasteners,IS 1363 (Part 3): 2002,ISO 4034 : 1999,specific,formal,IS 1363 (Part 1): 2002;IS 1363 (Part 2): 2002;IS 1364 (Part 1): 2002;IS 2016: 1967,pending,
rq_is_1363_part_3_2002_08,Purchase requirement for product grade C hexagon nuts covering threaded nut fasteners,IS 1363 (Part 3): 2002,ISO 4034 : 1999,general_but_sufficient,procurement,IS 1363 (Part 1): 2002;IS 1363 (Part 2): 2002;IS 1364 (Part 1): 2002;IS 2016: 1967,pending,
rq_is_1363_part_3_2002_09,"Find the standard that covers product grade C hexagon nuts, hexagon nuts with thread diameters from M5 to M64",IS 1363 (Part 3): 2002,ISO 4034 : 1999,specific,technical_natural,IS 1363 (Part 1): 2002;IS 1363 (Part 2): 2002;IS 1364 (Part 1): 2002;IS 2016: 1967,pending,
rq_is_1363_part_3_2002_10,Need compliant product grade C hexagon nuts for threaded nut fasteners,IS 1363 (Part 3): 2002,ISO 4034 : 1999,general_but_sufficient,general_natural,IS 1363 (Part 1): 2002;IS 1363 (Part 2): 2002;IS 1364 (Part 1): 2002;IS 2016: 1967,pending,
rq_is_1363_part_3_2002_11,Which IS should I use for product grade C hexagon nuts when the job is threaded nut fasteners?,IS 1363 (Part 3): 2002,ISO 4034 : 1999,specific,conversational,IS 1363 (Part 1): 2002;IS 1363 (Part 2): 2002;IS 1364 (Part 1): 2002;IS 2016: 1967,pending,
rq_is_1363_part_3_2002_12,Standard selection for threaded nut fasteners: product grade C hexagon nuts with hexagon nuts with thread diameters from M5 to M64,IS 1363 (Part 3): 2002,ISO 4034 : 1999,specific,use_case,IS 1363 (Part 1): 2002;IS 1363 (Part 2): 2002;IS 1364 (Part 1): 2002;IS 2016: 1967,pending,
rq_is_1364_part_1_2002_01,Require product grade A and B hexagon head bolts for threaded bolt fasteners where the distinguishing feature is grade A bolts for smaller thread and length ranges and grade B otherwise,IS 1364 (Part 1): 2002,ISO 4014 : 1999,specific,formal,IS 1363 (Part 1): 2002;IS 1363 (Part 2): 2002;IS 1363 (Part 3): 2002;IS 2016: 1967,pending,
rq_is_1364_part_1_2002_02,Procure product grade A and B hexagon head bolts for threaded bolt fasteners; material or form should be fastener steel,IS 1364 (Part 1): 2002,ISO 4014 : 1999,specific,procurement,IS 1363 (Part 1): 2002;IS 1363 (Part 2): 2002;IS 1363 (Part 3): 2002;IS 2016: 1967,pending,
rq_is_1364_part_1_2002_03,Need an Indian Standard for product grade A and B hexagon head bolts used in threaded bolt fasteners with grade A bolts for smaller thread and length ranges and grade B otherwise,IS 1364 (Part 1): 2002,ISO 4014 : 1999,specific,technical_natural,IS 1363 (Part 1): 2002;IS 1363 (Part 2): 2002;IS 1363 (Part 3): 2002;IS 2016: 1967,pending,
rq_is_1364_part_1_2002_04,Looking for product grade A and B hexagon head bolts suited to threaded bolt fasteners,IS 1364 (Part 1): 2002,ISO 4014 : 1999,general_but_sufficient,general_natural,IS 1363 (Part 1): 2002;IS 1363 (Part 2): 2002;IS 1363 (Part 3): 2002;IS 2016: 1967,pending,
rq_is_1364_part_1_2002_05,"We need product grade A and B hexagon head bolts for threaded bolt fasteners, especially grade A bolts for smaller thread and length ranges and grade B otherwise",IS 1364 (Part 1): 2002,ISO 4014 : 1999,general_but_sufficient,conversational,IS 1363 (Part 1): 2002;IS 1363 (Part 2): 2002;IS 1363 (Part 3): 2002;IS 2016: 1967,pending,
rq_is_1364_part_1_2002_06,Select the standard for selecting higher product grade hexagon head bolts,IS 1364 (Part 1): 2002,ISO 4014 : 1999,specific,use_case,IS 1363 (Part 1): 2002;IS 1363 (Part 2): 2002;IS 1363 (Part 3): 2002;IS 2016: 1967,pending,
rq_is_1364_part_1_2002_07,Specification needed for fastener steel product grade A and B hexagon head bolts in threaded bolt fasteners,IS 1364 (Part 1): 2002,ISO 4014 : 1999,specific,formal,IS 1363 (Part 1): 2002;IS 1363 (Part 2): 2002;IS 1363 (Part 3): 2002;IS 2016: 1967,pending,
rq_is_1364_part_1_2002_08,Purchase requirement for product grade A and B hexagon head bolts covering threaded bolt fasteners,IS 1364 (Part 1): 2002,ISO 4014 : 1999,general_but_sufficient,procurement,IS 1363 (Part 1): 2002;IS 1363 (Part 2): 2002;IS 1363 (Part 3): 2002;IS 2016: 1967,pending,
rq_is_1364_part_1_2002_09,"Find the standard that covers product grade A and B hexagon head bolts, grade A bolts for smaller thread and length ranges and grade B otherwise",IS 1364 (Part 1): 2002,ISO 4014 : 1999,specific,technical_natural,IS 1363 (Part 1): 2002;IS 1363 (Part 2): 2002;IS 1363 (Part 3): 2002;IS 2016: 1967,pending,
rq_is_1364_part_1_2002_10,Need compliant product grade A and B hexagon head bolts for threaded bolt fasteners,IS 1364 (Part 1): 2002,ISO 4014 : 1999,general_but_sufficient,general_natural,IS 1363 (Part 1): 2002;IS 1363 (Part 2): 2002;IS 1363 (Part 3): 2002;IS 2016: 1967,pending,
rq_is_1364_part_1_2002_11,Which IS should I use for product grade A and B hexagon head bolts when the job is threaded bolt fasteners?,IS 1364 (Part 1): 2002,ISO 4014 : 1999,specific,conversational,IS 1363 (Part 1): 2002;IS 1363 (Part 2): 2002;IS 1363 (Part 3): 2002;IS 2016: 1967,pending,
rq_is_1364_part_1_2002_12,Standard selection for threaded bolt fasteners: product grade A and B hexagon head bolts with grade A bolts for smaller thread and length ranges and grade B otherwise,IS 1364 (Part 1): 2002,ISO 4014 : 1999,specific,use_case,IS 1363 (Part 1): 2002;IS 1363 (Part 2): 2002;IS 1363 (Part 3): 2002;IS 2016: 1967,pending,
rq_is_1365_1978_01,Require slotted countersunk head screws for slotted countersunk screw fastening where the distinguishing feature is slotted countersunk head form,IS 1365: 1978,SLOTTED COUNTERSUNK HEAD SCREWS,specific,formal,IS 2016: 1967;IS 1363 (Part 1): 2002;IS 1363 (Part 2): 2002;IS 1364 (Part 1): 2002,pending,
rq_is_1365_1978_02,Procure slotted countersunk head screws for slotted countersunk screw fastening; material or form should be fastener steel,IS 1365: 1978,SLOTTED COUNTERSUNK HEAD SCREWS,specific,procurement,IS 2016: 1967;IS 1363 (Part 1): 2002;IS 1363 (Part 2): 2002;IS 1364 (Part 1): 2002,pending,
rq_is_1365_1978_03,Need an Indian Standard for slotted countersunk head screws used in slotted countersunk screw fastening with slotted countersunk head form,IS 1365: 1978,SLOTTED COUNTERSUNK HEAD SCREWS,specific,technical_natural,IS 2016: 1967;IS 1363 (Part 1): 2002;IS 1363 (Part 2): 2002;IS 1364 (Part 1): 2002,pending,
rq_is_1365_1978_04,Looking for slotted countersunk head screws suited to slotted countersunk screw fastening,IS 1365: 1978,SLOTTED COUNTERSUNK HEAD SCREWS,general_but_sufficient,general_natural,IS 2016: 1967;IS 1363 (Part 1): 2002;IS 1363 (Part 2): 2002;IS 1364 (Part 1): 2002,pending,
rq_is_1365_1978_05,"We need slotted countersunk head screws for slotted countersunk screw fastening, especially slotted countersunk head form",IS 1365: 1978,SLOTTED COUNTERSUNK HEAD SCREWS,general_but_sufficient,conversational,IS 2016: 1967;IS 1363 (Part 1): 2002;IS 1363 (Part 2): 2002;IS 1364 (Part 1): 2002,pending,
rq_is_1365_1978_06,Select the standard for fastening work requiring slotted countersunk head screws,IS 1365: 1978,SLOTTED COUNTERSUNK HEAD SCREWS,specific,use_case,IS 2016: 1967;IS 1363 (Part 1): 2002;IS 1363 (Part 2): 2002;IS 1364 (Part 1): 2002,pending,
rq_is_1365_1978_07,Specification needed for fastener steel slotted countersunk head screws in slotted countersunk screw fastening,IS 1365: 1978,SLOTTED COUNTERSUNK HEAD SCREWS,specific,formal,IS 2016: 1967;IS 1363 (Part 1): 2002;IS 1363 (Part 2): 2002;IS 1364 (Part 1): 2002,pending,
rq_is_1365_1978_08,Purchase requirement for slotted countersunk head screws covering slotted countersunk screw fastening,IS 1365: 1978,SLOTTED COUNTERSUNK HEAD SCREWS,general_but_sufficient,procurement,IS 2016: 1967;IS 1363 (Part 1): 2002;IS 1363 (Part 2): 2002;IS 1364 (Part 1): 2002,pending,
rq_is_1365_1978_09,"Find the standard that covers slotted countersunk head screws, slotted countersunk head form",IS 1365: 1978,SLOTTED COUNTERSUNK HEAD SCREWS,specific,technical_natural,IS 2016: 1967;IS 1363 (Part 1): 2002;IS 1363 (Part 2): 2002;IS 1364 (Part 1): 2002,pending,
rq_is_1365_1978_10,Need compliant slotted countersunk head screws for slotted countersunk screw fastening,IS 1365: 1978,SLOTTED COUNTERSUNK HEAD SCREWS,general_but_sufficient,general_natural,IS 2016: 1967;IS 1363 (Part 1): 2002;IS 1363 (Part 2): 2002;IS 1364 (Part 1): 2002,pending,
rq_is_1365_1978_11,Which IS should I use for slotted countersunk head screws when the job is slotted countersunk screw fastening?,IS 1365: 1978,SLOTTED COUNTERSUNK HEAD SCREWS,specific,conversational,IS 2016: 1967;IS 1363 (Part 1): 2002;IS 1363 (Part 2): 2002;IS 1364 (Part 1): 2002,pending,
rq_is_1365_1978_12,Standard selection for slotted countersunk screw fastening: slotted countersunk head screws with slotted countersunk head form,IS 1365: 1978,SLOTTED COUNTERSUNK HEAD SCREWS,specific,use_case,IS 2016: 1967;IS 1363 (Part 1): 2002;IS 1363 (Part 2): 2002;IS 1364 (Part 1): 2002,pending,
rq_is_2016_1967_01,Require plain washers for washers for bolts and screws where the distinguishing feature is machined or punched washer forms,IS 2016: 1967,PLAIN WASHERS,specific,formal,IS 1365: 1978;IS 1364 (Part 1): 2002;IS 1363 (Part 1): 2002;IS 1363 (Part 2): 2002,pending,
rq_is_2016_1967_02,Procure plain washers for washers for bolts and screws; material or form should be fastener steel,IS 2016: 1967,PLAIN WASHERS,specific,procurement,IS 1365: 1978;IS 1364 (Part 1): 2002;IS 1363 (Part 1): 2002;IS 1363 (Part 2): 2002,pending,
rq_is_2016_1967_03,Need an Indian Standard for plain washers used in washers for bolts and screws with machined or punched washer forms,IS 2016: 1967,PLAIN WASHERS,specific,technical_natural,IS 1365: 1978;IS 1364 (Part 1): 2002;IS 1363 (Part 1): 2002;IS 1363 (Part 2): 2002,pending,
rq_is_2016_1967_04,Looking for plain washers suited to washers for bolts and screws,IS 2016: 1967,PLAIN WASHERS,general_but_sufficient,general_natural,IS 1365: 1978;IS 1364 (Part 1): 2002;IS 1363 (Part 1): 2002;IS 1363 (Part 2): 2002,pending,
rq_is_2016_1967_05,"We need plain washers for washers for bolts and screws, especially machined or punched washer forms",IS 2016: 1967,PLAIN WASHERS,general_but_sufficient,conversational,IS 1365: 1978;IS 1364 (Part 1): 2002;IS 1363 (Part 1): 2002;IS 1363 (Part 2): 2002,pending,
rq_is_2016_1967_06,Select the standard for supplying plain washers for general purpose bolts and screws,IS 2016: 1967,PLAIN WASHERS,specific,use_case,IS 1365: 1978;IS 1364 (Part 1): 2002;IS 1363 (Part 1): 2002;IS 1363 (Part 2): 2002,pending,
rq_is_2016_1967_07,Specification needed for fastener steel plain washers in washers for bolts and screws,IS 2016: 1967,PLAIN WASHERS,specific,formal,IS 1365: 1978;IS 1364 (Part 1): 2002;IS 1363 (Part 1): 2002;IS 1363 (Part 2): 2002,pending,
rq_is_2016_1967_08,Purchase requirement for plain washers covering washers for bolts and screws,IS 2016: 1967,PLAIN WASHERS,general_but_sufficient,procurement,IS 1365: 1978;IS 1364 (Part 1): 2002;IS 1363 (Part 1): 2002;IS 1363 (Part 2): 2002,pending,
rq_is_2016_1967_09,"Find the standard that covers plain washers, machined or punched washer forms",IS 2016: 1967,PLAIN WASHERS,specific,technical_natural,IS 1365: 1978;IS 1364 (Part 1): 2002;IS 1363 (Part 1): 2002;IS 1363 (Part 2): 2002,pending,
rq_is_2016_1967_10,Need compliant plain washers for washers for bolts and screws,IS 2016: 1967,PLAIN WASHERS,general_but_sufficient,general_natural,IS 1365: 1978;IS 1364 (Part 1): 2002;IS 1363 (Part 1): 2002;IS 1363 (Part 2): 2002,pending,
rq_is_2016_1967_11,Which IS should I use for plain washers when the job is washers for bolts and screws?,IS 2016: 1967,PLAIN WASHERS,specific,conversational,IS 1365: 1978;IS 1364 (Part 1): 2002;IS 1363 (Part 1): 2002;IS 1363 (Part 2): 2002,pending,
rq_is_2016_1967_12,Standard selection for washers for bolts and screws: plain washers with machined or punched washer forms,IS 2016: 1967,PLAIN WASHERS,specific,use_case,IS 1365: 1978;IS 1364 (Part 1): 2002;IS 1363 (Part 1): 2002;IS 1363 (Part 2): 2002,pending,
rq_is_3757_1985_01,Require high strength structural steel bolts for structural steel joints where the distinguishing feature is large series hexagon bolts in property classes 8.8 and 10.9,IS 3757: 1985,HIGH STRENGTH STRUCTURAL BOLTS,specific,formal,IS 2016: 1967;IS 1364 (Part 1): 2002;IS 1363 (Part 3): 2002;IS 1365: 1978,pending,
rq_is_3757_1985_02,Procure high strength structural steel bolts for structural steel joints; material or form should be steel,IS 3757: 1985,HIGH STRENGTH STRUCTURAL BOLTS,specific,procurement,IS 2016: 1967;IS 1364 (Part 1): 2002;IS 1363 (Part 3): 2002;IS 1365: 1978,pending,
rq_is_3757_1985_03,Need an Indian Standard for high strength structural steel bolts used in structural steel joints with large series hexagon bolts in property classes 8.8 and 10.9,IS 3757: 1985,HIGH STRENGTH STRUCTURAL BOLTS,specific,technical_natural,IS 2016: 1967;IS 1364 (Part 1): 2002;IS 1363 (Part 3): 2002;IS 1365: 1978,pending,
rq_is_3757_1985_04,Looking for high strength structural steel bolts suited to structural steel joints,IS 3757: 1985,HIGH STRENGTH STRUCTURAL BOLTS,general_but_sufficient,general_natural,IS 2016: 1967;IS 1364 (Part 1): 2002;IS 1363 (Part 3): 2002;IS 1365: 1978,pending,
rq_is_3757_1985_05,"We need high strength structural steel bolts for structural steel joints, especially large series hexagon bolts in property classes 8.8 and 10.9",IS 3757: 1985,HIGH STRENGTH STRUCTURAL BOLTS,general_but_sufficient,conversational,IS 2016: 1967;IS 1364 (Part 1): 2002;IS 1363 (Part 3): 2002;IS 1365: 1978,pending,
rq_is_3757_1985_06,Select the standard for steel structure joints needing high strength structural bolts,IS 3757: 1985,HIGH STRENGTH STRUCTURAL BOLTS,specific,use_case,IS 2016: 1967;IS 1364 (Part 1): 2002;IS 1363 (Part 3): 2002;IS 1365: 1978,pending,
rq_is_3757_1985_07,Specification needed for steel high strength structural steel bolts in structural steel joints,IS 3757: 1985,HIGH STRENGTH STRUCTURAL BOLTS,specific,formal,IS 2016: 1967;IS 1364 (Part 1): 2002;IS 1363 (Part 3): 2002;IS 1365: 1978,pending,
rq_is_3757_1985_08,Purchase requirement for high strength structural steel bolts covering structural steel joints,IS 3757: 1985,HIGH STRENGTH STRUCTURAL BOLTS,general_but_sufficient,procurement,IS 2016: 1967;IS 1364 (Part 1): 2002;IS 1363 (Part 3): 2002;IS 1365: 1978,pending,
rq_is_3757_1985_09,"Find the standard that covers high strength structural steel bolts, large series hexagon bolts in property classes 8.8 and 10.9",IS 3757: 1985,HIGH STRENGTH STRUCTURAL BOLTS,specific,technical_natural,IS 2016: 1967;IS 1364 (Part 1): 2002;IS 1363 (Part 3): 2002;IS 1365: 1978,pending,
rq_is_3757_1985_10,Need compliant high strength structural steel bolts for structural steel joints,IS 3757: 1985,HIGH STRENGTH STRUCTURAL BOLTS,general_but_sufficient,general_natural,IS 2016: 1967;IS 1364 (Part 1): 2002;IS 1363 (Part 3): 2002;IS 1365: 1978,pending,
rq_is_3757_1985_11,Which IS should I use for high strength structural steel bolts when the job is structural steel joints?,IS 3757: 1985,HIGH STRENGTH STRUCTURAL BOLTS,specific,conversational,IS 2016: 1967;IS 1364 (Part 1): 2002;IS 1363 (Part 3): 2002;IS 1365: 1978,pending,
rq_is_3757_1985_12,Standard selection for structural steel joints: high strength structural steel bolts with large series hexagon bolts in property classes 8.8 and 10.9,IS 3757: 1985,HIGH STRENGTH STRUCTURAL BOLTS,specific,use_case,IS 2016: 1967;IS 1364 (Part 1): 2002;IS 1363 (Part 3): 2002;IS 1365: 1978,pending,
rq_is_5312_part_1_2004_01,Require single-door swing check reflux valves for water works where the distinguishing feature is single-door swing check reflux valve construction,IS 5312 (Part 1): 2004,SWING CHECK TYPE REFLUX,specific,formal,IS 5312 (Part 2): 1986;IS 14845: 2000;IS 14846: 2000;IS 9338: 1984,pending,
rq_is_5312_part_1_2004_02,Procure single-door swing check reflux valves for water works; material or form should be flanged valve assembly,IS 5312 (Part 1): 2004,SWING CHECK TYPE REFLUX,specific,procurement,IS 5312 (Part 2): 1986;IS 14845: 2000;IS 14846: 2000;IS 9338: 1984,pending,
rq_is_5312_part_1_2004_03,Need an Indian Standard for single-door swing check reflux valves used in water works with single-door swing check reflux valve construction,IS 5312 (Part 1): 2004,SWING CHECK TYPE REFLUX,specific,technical_natural,IS 5312 (Part 2): 1986;IS 14845: 2000;IS 14846: 2000;IS 9338: 1984,pending,
rq_is_5312_part_1_2004_04,Looking for single-door swing check reflux valves suited to water works,IS 5312 (Part 1): 2004,SWING CHECK TYPE REFLUX,general_but_sufficient,general_natural,IS 5312 (Part 2): 1986;IS 14845: 2000;IS 14846: 2000;IS 9338: 1984,pending,
rq_is_5312_part_1_2004_05,"We need single-door swing check reflux valves for water works, especially single-door swing check reflux valve construction",IS 5312 (Part 1): 2004,SWING CHECK TYPE REFLUX,general_but_sufficient,conversational,IS 5312 (Part 2): 1986;IS 14845: 2000;IS 14846: 2000;IS 9338: 1984,pending,
rq_is_5312_part_1_2004_06,Select the standard for a water-works line using single-door swing check reflux valves,IS 5312 (Part 1): 2004,SWING CHECK TYPE REFLUX,specific,use_case,IS 5312 (Part 2): 1986;IS 14845: 2000;IS 14846: 2000;IS 9338: 1984,pending,
rq_is_5312_part_1_2004_07,Specification needed for flanged valve assembly single-door swing check reflux valves in water works,IS 5312 (Part 1): 2004,SWING CHECK TYPE REFLUX,specific,formal,IS 5312 (Part 2): 1986;IS 14845: 2000;IS 14846: 2000;IS 9338: 1984,pending,
rq_is_5312_part_1_2004_08,Purchase requirement for single-door swing check reflux valves covering water works,IS 5312 (Part 1): 2004,SWING CHECK TYPE REFLUX,general_but_sufficient,procurement,IS 5312 (Part 2): 1986;IS 14845: 2000;IS 14846: 2000;IS 9338: 1984,pending,
rq_is_5312_part_1_2004_09,"Find the standard that covers single-door swing check reflux valves, single-door swing check reflux valve construction",IS 5312 (Part 1): 2004,SWING CHECK TYPE REFLUX,specific,technical_natural,IS 5312 (Part 2): 1986;IS 14845: 2000;IS 14846: 2000;IS 9338: 1984,pending,
rq_is_5312_part_1_2004_10,Need compliant single-door swing check reflux valves for water works,IS 5312 (Part 1): 2004,SWING CHECK TYPE REFLUX,general_but_sufficient,general_natural,IS 5312 (Part 2): 1986;IS 14845: 2000;IS 14846: 2000;IS 9338: 1984,pending,
rq_is_5312_part_1_2004_11,Which IS should I use for single-door swing check reflux valves when the job is water works?,IS 5312 (Part 1): 2004,SWING CHECK TYPE REFLUX,specific,conversational,IS 5312 (Part 2): 1986;IS 14845: 2000;IS 14846: 2000;IS 9338: 1984,pending,
rq_is_5312_part_1_2004_12,Standard selection for water works: single-door swing check reflux valves with single-door swing check reflux valve construction,IS 5312 (Part 1): 2004,SWING CHECK TYPE REFLUX,specific,use_case,IS 5312 (Part 2): 1986;IS 14845: 2000;IS 14846: 2000;IS 9338: 1984,pending,
rq_is_5312_part_2_1986_01,Require multi-door swing check reflux valves for water works where the distinguishing feature is multi-door swing check reflux valve construction,IS 5312 (Part 2): 1986,SWING CHECK TYPE REFLUX,specific,formal,IS 5312 (Part 1): 2004;IS 14845: 2000;IS 14846: 2000;IS 9739: 1981,pending,
rq_is_5312_part_2_1986_02,Procure multi-door swing check reflux valves for water works; material or form should be flanged valve assembly,IS 5312 (Part 2): 1986,SWING CHECK TYPE REFLUX,specific,procurement,IS 5312 (Part 1): 2004;IS 14845: 2000;IS 14846: 2000;IS 9739: 1981,pending,
rq_is_5312_part_2_1986_03,Need an Indian Standard for multi-door swing check reflux valves used in water works with multi-door swing check reflux valve construction,IS 5312 (Part 2): 1986,SWING CHECK TYPE REFLUX,specific,technical_natural,IS 5312 (Part 1): 2004;IS 14845: 2000;IS 14846: 2000;IS 9739: 1981,pending,
rq_is_5312_part_2_1986_04,Looking for multi-door swing check reflux valves suited to water works,IS 5312 (Part 2): 1986,SWING CHECK TYPE REFLUX,general_but_sufficient,general_natural,IS 5312 (Part 1): 2004;IS 14845: 2000;IS 14846: 2000;IS 9739: 1981,pending,
rq_is_5312_part_2_1986_05,"We need multi-door swing check reflux valves for water works, especially multi-door swing check reflux valve construction",IS 5312 (Part 2): 1986,SWING CHECK TYPE REFLUX,general_but_sufficient,conversational,IS 5312 (Part 1): 2004;IS 14845: 2000;IS 14846: 2000;IS 9739: 1981,pending,
rq_is_5312_part_2_1986_06,Select the standard for a water-works line using multi-door swing check reflux valves,IS 5312 (Part 2): 1986,SWING CHECK TYPE REFLUX,specific,use_case,IS 5312 (Part 1): 2004;IS 14845: 2000;IS 14846: 2000;IS 9739: 1981,pending,
rq_is_5312_part_2_1986_07,Specification needed for flanged valve assembly multi-door swing check reflux valves in water works,IS 5312 (Part 2): 1986,SWING CHECK TYPE REFLUX,specific,formal,IS 5312 (Part 1): 2004;IS 14845: 2000;IS 14846: 2000;IS 9739: 1981,pending,
rq_is_5312_part_2_1986_08,Purchase requirement for multi-door swing check reflux valves covering water works,IS 5312 (Part 2): 1986,SWING CHECK TYPE REFLUX,general_but_sufficient,procurement,IS 5312 (Part 1): 2004;IS 14845: 2000;IS 14846: 2000;IS 9739: 1981,pending,
rq_is_5312_part_2_1986_09,"Find the standard that covers multi-door swing check reflux valves, multi-door swing check reflux valve construction",IS 5312 (Part 2): 1986,SWING CHECK TYPE REFLUX,specific,technical_natural,IS 5312 (Part 1): 2004;IS 14845: 2000;IS 14846: 2000;IS 9739: 1981,pending,
rq_is_5312_part_2_1986_10,Need compliant multi-door swing check reflux valves for water works,IS 5312 (Part 2): 1986,SWING CHECK TYPE REFLUX,general_but_sufficient,general_natural,IS 5312 (Part 1): 2004;IS 14845: 2000;IS 14846: 2000;IS 9739: 1981,pending,
rq_is_5312_part_2_1986_11,Which IS should I use for multi-door swing check reflux valves when the job is water works?,IS 5312 (Part 2): 1986,SWING CHECK TYPE REFLUX,specific,conversational,IS 5312 (Part 1): 2004;IS 14845: 2000;IS 14846: 2000;IS 9739: 1981,pending,
rq_is_5312_part_2_1986_12,Standard selection for water works: multi-door swing check reflux valves with multi-door swing check reflux valve construction,IS 5312 (Part 2): 1986,SWING CHECK TYPE REFLUX,specific,use_case,IS 5312 (Part 1): 2004;IS 14845: 2000;IS 14846: 2000;IS 9739: 1981,pending,
rq_is_9338_1984_01,"Require cast iron screw-down stop valves for water supply where the distinguishing feature is globe, angle, oblique, or stop-and-check valve types",IS 9338: 1984,CAST IRON SCREW-DOWN STOP VALVES AND,specific,formal,IS 14846: 2000;IS 5312 (Part 2): 1986;IS 5312 (Part 1): 2004;IS 14845: 2000,pending,
rq_is_9338_1984_02,Procure cast iron screw-down stop valves for water supply; material or form should be cast iron,IS 9338: 1984,CAST IRON SCREW-DOWN STOP VALVES AND,specific,procurement,IS 14846: 2000;IS 5312 (Part 2): 1986;IS 5312 (Part 1): 2004;IS 14845: 2000,pending,
rq_is_9338_1984_03,"Need an Indian Standard for cast iron screw-down stop valves used in water supply with globe, angle, oblique, or stop-and-check valve types",IS 9338: 1984,CAST IRON SCREW-DOWN STOP VALVES AND,specific,technical_natural,IS 14846: 2000;IS 5312 (Part 2): 1986;IS 5312 (Part 1): 2004;IS 14845: 2000,pending,
rq_is_9338_1984_04,Looking for cast iron screw-down stop valves suited to water supply,IS 9338: 1984,CAST IRON SCREW-DOWN STOP VALVES AND,general_but_sufficient,general_natural,IS 14846: 2000;IS 5312 (Part 2): 1986;IS 5312 (Part 1): 2004;IS 14845: 2000,pending,
rq_is_9338_1984_05,"We need cast iron screw-down stop valves for water supply, especially globe, angle, oblique, or stop-and-check valve types",IS 9338: 1984,CAST IRON SCREW-DOWN STOP VALVES AND,general_but_sufficient,conversational,IS 14846: 2000;IS 5312 (Part 2): 1986;IS 5312 (Part 1): 2004;IS 14845: 2000,pending,
rq_is_9338_1984_06,Select the standard for water supply service requiring cast iron screw-down stop valves,IS 9338: 1984,CAST IRON SCREW-DOWN STOP VALVES AND,specific,use_case,IS 14846: 2000;IS 5312 (Part 2): 1986;IS 5312 (Part 1): 2004;IS 14845: 2000,pending,
rq_is_9338_1984_07,Specification needed for cast iron cast iron screw-down stop valves in water supply,IS 9338: 1984,CAST IRON SCREW-DOWN STOP VALVES AND,specific,formal,IS 14846: 2000;IS 5312 (Part 2): 1986;IS 5312 (Part 1): 2004;IS 14845: 2000,pending,
rq_is_9338_1984_08,Purchase requirement for cast iron screw-down stop valves covering water supply,IS 9338: 1984,CAST IRON SCREW-DOWN STOP VALVES AND,general_but_sufficient,procurement,IS 14846: 2000;IS 5312 (Part 2): 1986;IS 5312 (Part 1): 2004;IS 14845: 2000,pending,
rq_is_9338_1984_09,"Find the standard that covers cast iron screw-down stop valves, globe, angle, oblique, or stop-and-check valve types",IS 9338: 1984,CAST IRON SCREW-DOWN STOP VALVES AND,specific,technical_natural,IS 14846: 2000;IS 5312 (Part 2): 1986;IS 5312 (Part 1): 2004;IS 14845: 2000,pending,
rq_is_9338_1984_10,Need compliant cast iron screw-down stop valves for water supply,IS 9338: 1984,CAST IRON SCREW-DOWN STOP VALVES AND,general_but_sufficient,general_natural,IS 14846: 2000;IS 5312 (Part 2): 1986;IS 5312 (Part 1): 2004;IS 14845: 2000,pending,
rq_is_9338_1984_11,Which IS should I use for cast iron screw-down stop valves when the job is water supply?,IS 9338: 1984,CAST IRON SCREW-DOWN STOP VALVES AND,specific,conversational,IS 14846: 2000;IS 5312 (Part 2): 1986;IS 5312 (Part 1): 2004;IS 14845: 2000,pending,
rq_is_9338_1984_12,"Standard selection for water supply: cast iron screw-down stop valves with globe, angle, oblique, or stop-and-check valve types",IS 9338: 1984,CAST IRON SCREW-DOWN STOP VALVES AND,specific,use_case,IS 14846: 2000;IS 5312 (Part 2): 1986;IS 5312 (Part 1): 2004;IS 14845: 2000,pending,
rq_is_9739_1981_01,Require pressure reducing valves for domestic water supply where the distinguishing feature is single-seat diaphragm type pressure reduction,IS 9739: 1981,PRESSURE REDUCING VALVES FOR DOMESTIC,specific,formal,IS 5312 (Part 1): 2004;IS 14845: 2000;IS 14846: 2000;IS 9338: 1984,pending,
rq_is_9739_1981_02,Procure pressure reducing valves for domestic water supply; material or form should be self-contained direct-acting valve assembly,IS 9739: 1981,PRESSURE REDUCING VALVES FOR DOMESTIC,specific,procurement,IS 5312 (Part 1): 2004;IS 14845: 2000;IS 14846: 2000;IS 9338: 1984,pending,
rq_is_9739_1981_03,Need an Indian Standard for pressure reducing valves used in domestic water supply with single-seat diaphragm type pressure reduction,IS 9739: 1981,PRESSURE REDUCING VALVES FOR DOMESTIC,specific,technical_natural,IS 5312 (Part 1): 2004;IS 14845: 2000;IS 14846: 2000;IS 9338: 1984,pending,
rq_is_9739_1981_04,Looking for pressure reducing valves suited to domestic water supply,IS 9739: 1981,PRESSURE REDUCING VALVES FOR DOMESTIC,general_but_sufficient,general_natural,IS 5312 (Part 1): 2004;IS 14845: 2000;IS 14846: 2000;IS 9338: 1984,pending,
rq_is_9739_1981_05,"We need pressure reducing valves for domestic water supply, especially single-seat diaphragm type pressure reduction",IS 9739: 1981,PRESSURE REDUCING VALVES FOR DOMESTIC,general_but_sufficient,conversational,IS 5312 (Part 1): 2004;IS 14845: 2000;IS 14846: 2000;IS 9338: 1984,pending,
rq_is_9739_1981_06,Select the standard for domestic water supply where inlet pressure must be reduced,IS 9739: 1981,PRESSURE REDUCING VALVES FOR DOMESTIC,specific,use_case,IS 5312 (Part 1): 2004;IS 14845: 2000;IS 14846: 2000;IS 9338: 1984,pending,
rq_is_9739_1981_07,Specification needed for self-contained direct-acting valve assembly pressure reducing valves in domestic water supply,IS 9739: 1981,PRESSURE REDUCING VALVES FOR DOMESTIC,specific,formal,IS 5312 (Part 1): 2004;IS 14845: 2000;IS 14846: 2000;IS 9338: 1984,pending,
rq_is_9739_1981_08,Purchase requirement for pressure reducing valves covering domestic water supply,IS 9739: 1981,PRESSURE REDUCING VALVES FOR DOMESTIC,general_but_sufficient,procurement,IS 5312 (Part 1): 2004;IS 14845: 2000;IS 14846: 2000;IS 9338: 1984,pending,
rq_is_9739_1981_09,"Find the standard that covers pressure reducing valves, single-seat diaphragm type pressure reduction",IS 9739: 1981,PRESSURE REDUCING VALVES FOR DOMESTIC,specific,technical_natural,IS 5312 (Part 1): 2004;IS 14845: 2000;IS 14846: 2000;IS 9338: 1984,pending,
rq_is_9739_1981_10,Need compliant pressure reducing valves for domestic water supply,IS 9739: 1981,PRESSURE REDUCING VALVES FOR DOMESTIC,general_but_sufficient,general_natural,IS 5312 (Part 1): 2004;IS 14845: 2000;IS 14846: 2000;IS 9338: 1984,pending,
rq_is_9739_1981_11,Which IS should I use for pressure reducing valves when the job is domestic water supply?,IS 9739: 1981,PRESSURE REDUCING VALVES FOR DOMESTIC,specific,conversational,IS 5312 (Part 1): 2004;IS 14845: 2000;IS 14846: 2000;IS 9338: 1984,pending,
rq_is_9739_1981_12,Standard selection for domestic water supply: pressure reducing valves with single-seat diaphragm type pressure reduction,IS 9739: 1981,PRESSURE REDUCING VALVES FOR DOMESTIC,specific,use_case,IS 5312 (Part 1): 2004;IS 14845: 2000;IS 14846: 2000;IS 9338: 1984,pending,
rq_is_14845_2000_01,"Require resilient seated cast iron air relief valves for water mains where the distinguishing feature is single, double, or kinetic air valve forms",IS 14845: 2000,RESILIENT SEATED CAST IRON AIR RELIEF VALVES FOR WATER WORKS PURPOSES,specific,formal,IS 14846: 2000;IS 5312 (Part 1): 2004;IS 9739: 1981;IS 9338: 1984,pending,
rq_is_14845_2000_02,Procure resilient seated cast iron air relief valves for water mains; material or form should be cast iron,IS 14845: 2000,RESILIENT SEATED CAST IRON AIR RELIEF VALVES FOR WATER WORKS PURPOSES,specific,procurement,IS 14846: 2000;IS 5312 (Part 1): 2004;IS 9739: 1981;IS 9338: 1984,pending,
rq_is_14845_2000_03,"Need an Indian Standard for resilient seated cast iron air relief valves used in water mains with single, double, or kinetic air valve forms",IS 14845: 2000,RESILIENT SEATED CAST IRON AIR RELIEF VALVES FOR WATER WORKS PURPOSES,specific,technical_natural,IS 14846: 2000;IS 5312 (Part 1): 2004;IS 9739: 1981;IS 9338: 1984,pending,
rq_is_14845_2000_04,Looking for resilient seated cast iron air relief valves suited to water mains,IS 14845: 2000,RESILIENT SEATED CAST IRON AIR RELIEF VALVES FOR WATER WORKS PURPOSES,general_but_sufficient,general_natural,IS 14846: 2000;IS 5312 (Part 1): 2004;IS 9739: 1981;IS 9338: 1984,pending,
rq_is_14845_2000_05,"We need resilient seated cast iron air relief valves for water mains, especially single, double, or kinetic air valve forms",IS 14845: 2000,RESILIENT SEATED CAST IRON AIR RELIEF VALVES FOR WATER WORKS PURPOSES,general_but_sufficient,conversational,IS 14846: 2000;IS 5312 (Part 1): 2004;IS 9739: 1981;IS 9338: 1984,pending,
rq_is_14845_2000_06,Select the standard for a water main requiring air relief valve equipment,IS 14845: 2000,RESILIENT SEATED CAST IRON AIR RELIEF VALVES FOR WATER WORKS PURPOSES,specific,use_case,IS 14846: 2000;IS 5312 (Part 1): 2004;IS 9739: 1981;IS 9338: 1984,pending,
rq_is_14845_2000_07,Specification needed for cast iron resilient seated cast iron air relief valves in water mains,IS 14845: 2000,RESILIENT SEATED CAST IRON AIR RELIEF VALVES FOR WATER WORKS PURPOSES,specific,formal,IS 14846: 2000;IS 5312 (Part 1): 2004;IS 9739: 1981;IS 9338: 1984,pending,
rq_is_14845_2000_08,Purchase requirement for resilient seated cast iron air relief valves covering water mains,IS 14845: 2000,RESILIENT SEATED CAST IRON AIR RELIEF VALVES FOR WATER WORKS PURPOSES,general_but_sufficient,procurement,IS 14846: 2000;IS 5312 (Part 1): 2004;IS 9739: 1981;IS 9338: 1984,pending,
rq_is_14845_2000_09,"Find the standard that covers resilient seated cast iron air relief valves, single, double, or kinetic air valve forms",IS 14845: 2000,RESILIENT SEATED CAST IRON AIR RELIEF VALVES FOR WATER WORKS PURPOSES,specific,technical_natural,IS 14846: 2000;IS 5312 (Part 1): 2004;IS 9739: 1981;IS 9338: 1984,pending,
rq_is_14845_2000_10,Need compliant resilient seated cast iron air relief valves for water mains,IS 14845: 2000,RESILIENT SEATED CAST IRON AIR RELIEF VALVES FOR WATER WORKS PURPOSES,general_but_sufficient,general_natural,IS 14846: 2000;IS 5312 (Part 1): 2004;IS 9739: 1981;IS 9338: 1984,pending,
rq_is_14845_2000_11,Which IS should I use for resilient seated cast iron air relief valves when the job is water mains?,IS 14845: 2000,RESILIENT SEATED CAST IRON AIR RELIEF VALVES FOR WATER WORKS PURPOSES,specific,conversational,IS 14846: 2000;IS 5312 (Part 1): 2004;IS 9739: 1981;IS 9338: 1984,pending,
rq_is_14845_2000_12,"Standard selection for water mains: resilient seated cast iron air relief valves with single, double, or kinetic air valve forms",IS 14845: 2000,RESILIENT SEATED CAST IRON AIR RELIEF VALVES FOR WATER WORKS PURPOSES,specific,use_case,IS 14846: 2000;IS 5312 (Part 1): 2004;IS 9739: 1981;IS 9338: 1984,pending,
rq_is_14846_2000_01,Require non-rising stem sluice valves for water supply where the distinguishing feature is non-rising stem sluice valve construction,IS 14846: 2000,SLUICE VALVES FOR WATER WORKS PURPOSES,specific,formal,IS 5312 (Part 1): 2004;IS 5312 (Part 2): 1986;IS 9338: 1984;IS 14845: 2000,pending,
rq_is_14846_2000_02,Procure non-rising stem sluice valves for water supply; material or form should be double-flanged valve assembly,IS 14846: 2000,SLUICE VALVES FOR WATER WORKS PURPOSES,specific,procurement,IS 5312 (Part 1): 2004;IS 5312 (Part 2): 1986;IS 9338: 1984;IS 14845: 2000,pending,
rq_is_14846_2000_03,Need an Indian Standard for non-rising stem sluice valves used in water supply with non-rising stem sluice valve construction,IS 14846: 2000,SLUICE VALVES FOR WATER WORKS PURPOSES,specific,technical_natural,IS 5312 (Part 1): 2004;IS 5312 (Part 2): 1986;IS 9338: 1984;IS 14845: 2000,pending,
rq_is_14846_2000_04,Looking for non-rising stem sluice valves suited to water supply,IS 14846: 2000,SLUICE VALVES FOR WATER WORKS PURPOSES,general_but_sufficient,general_natural,IS 5312 (Part 1): 2004;IS 5312 (Part 2): 1986;IS 9338: 1984;IS 14845: 2000,pending,
rq_is_14846_2000_05,"We need non-rising stem sluice valves for water supply, especially non-rising stem sluice valve construction",IS 14846: 2000,SLUICE VALVES FOR WATER WORKS PURPOSES,general_but_sufficient,conversational,IS 5312 (Part 1): 2004;IS 5312 (Part 2): 1986;IS 9338: 1984;IS 14845: 2000,pending,
rq_is_14846_2000_06,Select the standard for water supply piping using non-rising stem sluice valves,IS 14846: 2000,SLUICE VALVES FOR WATER WORKS PURPOSES,specific,use_case,IS 5312 (Part 1): 2004;IS 5312 (Part 2): 1986;IS 9338: 1984;IS 14845: 2000,pending,
rq_is_14846_2000_07,Specification needed for double-flanged valve assembly non-rising stem sluice valves in water supply,IS 14846: 2000,SLUICE VALVES FOR WATER WORKS PURPOSES,specific,formal,IS 5312 (Part 1): 2004;IS 5312 (Part 2): 1986;IS 9338: 1984;IS 14845: 2000,pending,
rq_is_14846_2000_08,Purchase requirement for non-rising stem sluice valves covering water supply,IS 14846: 2000,SLUICE VALVES FOR WATER WORKS PURPOSES,general_but_sufficient,procurement,IS 5312 (Part 1): 2004;IS 5312 (Part 2): 1986;IS 9338: 1984;IS 14845: 2000,pending,
rq_is_14846_2000_09,"Find the standard that covers non-rising stem sluice valves, non-rising stem sluice valve construction",IS 14846: 2000,SLUICE VALVES FOR WATER WORKS PURPOSES,specific,technical_natural,IS 5312 (Part 1): 2004;IS 5312 (Part 2): 1986;IS 9338: 1984;IS 14845: 2000,pending,
rq_is_14846_2000_10,Need compliant non-rising stem sluice valves for water supply,IS 14846: 2000,SLUICE VALVES FOR WATER WORKS PURPOSES,general_but_sufficient,general_natural,IS 5312 (Part 1): 2004;IS 5312 (Part 2): 1986;IS 9338: 1984;IS 14845: 2000,pending,
rq_is_14846_2000_11,Which IS should I use for non-rising stem sluice valves when the job is water supply?,IS 14846: 2000,SLUICE VALVES FOR WATER WORKS PURPOSES,specific,conversational,IS 5312 (Part 1): 2004;IS 5312 (Part 2): 1986;IS 9338: 1984;IS 14845: 2000,pending,
rq_is_14846_2000_12,Standard selection for water supply: non-rising stem sluice valves with non-rising stem sluice valve construction,IS 14846: 2000,SLUICE VALVES FOR WATER WORKS PURPOSES,specific,use_case,IS 5312 (Part 1): 2004;IS 5312 (Part 2): 1986;IS 9338: 1984;IS 14845: 2000,pending,
