standard_code,title,scope_excerpt,standard_kind,canonical_product,product_aliases,product_confidence,review_status,review_notes
IS 10019: 1981,MILD STEEL  STAYS  AND FASTENERS,"Requirements regarding materials, dimensions, manufacture and finish of stays and fasteners made of mild steel of the types that are commonly used in windows.",material_standard,fastener,fastener; fasteners; stay; stays,high,needs_review,
IS 1003 (Part 1): 2003,TIMBER PANELLED AND GLAZED,"Requirements regarding material, sizes, construction, workmanship, finish, inspection and testing of timber door shutters with timber, plywood, blockboard, veneered particle board, asbestos cement sheet, wire guage an...",material_standard,door,door; door frame; door frames; doors; shutter; shutters,high,needs_review,
IS 1003 (Part 2): 1994,TIMBER PANELLED AND,"Requirements regarding material, sizes, construction, workmanship, finish, inspection and testing of timber window and ventilator shutters with timber, plywood, blockboard, wireguaze and glass panels used in domestic...",material_standard,window,ventilator; ventilators; window; windows,high,needs_review,
IS 10090: 1982,NUMERICALS,"Requirements regarding materials, dimensions, manufacture and finish of numericals.",material_standard,screw,countersunk screw; hexagon head screw; screw; screws,low,needs_review,
IS 10124 (Part 10): 1988,FABRICATED PVC FITTING,"Requirements of manufacture, dimensions and marking for fabricated PVC 45 o bends for potable water supplies.",product_standard,pipe_fitting,bend; bends; coupler; couplers; fitting; fittings; pipe fitting; pipe fittings; reducer; reducers; saddle piece; saddle pieces; socket; sockets; tee; tees,high,needs_review,
IS 10124 (Part 11): 1988,FABRICATED PVC FITTING,"Requirements of manufacture, dimensions and marking for fabricated PVC 30 o bends for potable water supplies.",product_standard,pipe_fitting,bend; bends; coupler; couplers; fitting; fittings; pipe fitting; pipe fittings; reducer; reducers; saddle piece; saddle pieces; socket; sockets; tee; tees,high,needs_review,
IS 10124 (Part 12): 1988,FABRICATED PVC FITTING,"Requirements of manufacture, dimensions and marking for fabricated PVC 22½ o bends for potable water supplies.",product_standard,pipe_fitting,bend; bends; coupler; couplers; fitting; fittings; pipe fitting; pipe fittings; reducer; reducers; saddle piece; saddle pieces; socket; sockets; tee; tees,high,needs_review,
IS 10124 (Part 13): 1988,FABRICATED PVC FITTING,"Requirements of manufacture, dimensions and marking for fabricated PVC 11¼ o bends for potable water supplies.",product_standard,pipe_fitting,bend; bends; coupler; couplers; fitting; fittings; pipe fitting; pipe fittings; reducer; reducers; saddle piece; saddle pieces; socket; sockets; tee; tees,high,needs_review,
IS 10124 (Part 2): 1988,FABRICATED PVC FITTINGS FOR,"Requirements for manufacture, dimensions and marking for fabricated PVC sockets for potable water suplies.",product_standard,pipe_fitting,bend; bends; coupler; couplers; fitting; fittings; pipe fitting; pipe fittings; reducer; reducers; saddle piece; saddle pieces; socket; sockets; tee; tees,high,needs_review,
IS 10124 (Part 3): 1988,FABRICATED PVC FITTINGS FOR,"Requirements of manufacture, dimensions and marking for fabricated PVC straight reducers for portable water supplies.",product_standard,pipe_fitting,bend; bends; coupler; couplers; fitting; fittings; pipe fitting; pipe fittings; reducer; reducers; saddle piece; saddle pieces; socket; sockets; tee; tees,high,needs_review,
IS 10124 (Part 4): 1988,FABRICATED PVC FITTINGS FOR,"Requirements of manufacture, dimensions and marking for fabricated PVC caps for potable water supplies.",product_standard,pipe_fitting,bend; bends; coupler; couplers; fitting; fittings; pipe fitting; pipe fittings; reducer; reducers; saddle piece; saddle pieces; socket; sockets; tee; tees,high,needs_review,
IS 10124 (Part 5): 1988,FABRICATED PVC FITTINGS  FOR,"Requirements of manufacture, dimensions and marking for fabricated PVC tees for potable water supplies.",product_standard,pipe_fitting,bend; bends; coupler; couplers; fitting; fittings; pipe fitting; pipe fittings; reducer; reducers; saddle piece; saddle pieces; socket; sockets; tee; tees,high,needs_review,
IS 10124 (Part 6): 1988,FABRICATED  PVC FITTINGS FOR,"Requirements of manufacture, dimensions and marking for fabricated PVC flanged tail pieces with metallic flange for portable water supplies.",product_standard,pipe_fitting,bend; bends; coupler; couplers; fitting; fittings; pipe fitting; pipe fittings; reducer; reducers; saddle piece; saddle pieces; socket; sockets; tee; tees,high,needs_review,
IS 10124 (Part 7): 1988,FABRICATED  PVC FITTINGS,"Requirements of manufacture, dimensions and marking for fabricated PVC threaded adaptors for potable water supplies.",product_standard,pipe_fitting,bend; bends; coupler; couplers; fitting; fittings; pipe fitting; pipe fittings; reducer; reducers; saddle piece; saddle pieces; socket; sockets; tee; tees,high,needs_review,
IS 10124 (Part 8): 1988,FABRICATED PVC FITTING,"Requirements of manufacture, dimensions and marking for fabricated PVC 90 o bends for potable water supplies.",product_standard,pipe_fitting,bend; bends; coupler; couplers; fitting; fittings; pipe fitting; pipe fittings; reducer; reducers; saddle piece; saddle pieces; socket; sockets; tee; tees,high,needs_review,
IS 10124 (Part 9): 1988,FABRICATED PVC FITTING,"Requirements of manufacture, dimensions and marking for fabricated PVC 60 o bends for potable water supplies.",product_standard,pipe_fitting,bend; bends; coupler; couplers; fitting; fittings; pipe fitting; pipe fittings; reducer; reducers; saddle piece; saddle pieces; socket; sockets; tee; tees,high,needs_review,
IS 1019: 1974,RIM LATCHES,"Requirements regarding material, dimensions, manufacture and finish of rim latches for general use.",material_standard,latch,latch; latches; rim latch; rim latches,high,needs_review,
IS 10238: 2001,FASTENERS – THREADED STEEL,1.1 Covers the requirements for step bolt used in steel structures including transmission towers to gain access to the top. 1.2 Each bolt shall be supplied with two hexagon nuts.,material_standard,bolt,bolt; bolts; hexagon head bolt; structural bolt,high,needs_review,
IS 10292: 1988,DIMENSIONAL REQUIREMENTS FOR RUBBER,Specifies the dimensional requirements for rubber sealing rings to be used with cast iron detachable joints conforming to IS 8794 : 1988* for joining the asbestos cement pressure pipes conforming to IS 1592 : 1989+. T...,material_standard,cement,cement; lime pozzolana mixture; lime-pozzolana concrete; masonry cement; ordinary portland cement; portland cement; pozzolana cement; slag cement; white cement,high,needs_review,
IS 10299: 1982,CAST IRON SADDLE PIECES FOR SERVICE,Requirements for cast iron saddle piece for service connection from asbestos cement pressure pipes conforming to IS 1592 : 1989*,material_standard,pipe,casing pipe; grp pipe; hdpe pipe; pipe; pipes; pvc pipe; steel tube; tube; tubes; water well tube,low,needs_review,
IS 10342: 1982,CURTAIN  RAIL SYSTEM,"Requirements regarding materials, manufacture, dimensions, testing and finish of rails, runners and hooks used in the curtain rail system. Note — This standard, however does not cover the requirements for drop curtain...",material_standard,dimensions_testing_finish_rails,,medium,needs_review,
IS 10360: 1982,LIME-POZZOLANA CONCRETE,"Covers dimensions, quality and strength requirements of lime-pozzolana concrete blocks for use in paving.",product_standard,cement,cement; lime pozzolana mixture; lime-pozzolana concrete; masonry cement; ordinary portland cement; portland cement; pozzolana cement; slag cement; white cement,low,needs_review,
IS 10388: 1982,"CORRUGATED COIR, WOODWOOL,","Requirements regarding materials, dimensions and physical properties for corrugated roofing sheets made from coir, woodwool and cement. Note — Optimum utilization of national resources demand that use of indigeneous b...",test_method,,,high,needs_review,
IS 1038: 1983,"STEEL DOOR, WINDOWS AND VENTILATORS","Requirements regarding material, fabrication and finish of steel doors, windows, ventilators and fixed-lights manufactured from rolled steel sections to specified sizes and designs. This standard does not cover steel...",material_standard,window,ventilator; ventilators; window; windows,high,needs_review,
IS 10394: 1982,WOODEN SLEEPERS FOR  RAILWAY TRACK,"Covers the requirements of wooden sleepers and wooden specials used for broad gauge ,metre and narrow gauge railway tracks.",product_standard,timber,sawn timber; timber; timbers; wooden sleeper; wooden sleepers,high,needs_review,
IS 10451: 1983,STEEL SLIDING SHUTTERS,"Requirements regarding materials, type, shape, fabrication, assembly and finish of the top hung steel sliding shutters.",material_standard,door,door; door frame; door frames; doors; shutter; shutters,high,needs_review,
IS 10521: 1983,COLLAPSIBLE GATES,"Requirements regarding materials, fabrication and finish of different types of collapsible gates.",material_standard,gate,collapsible gate; gate; gates,high,needs_review,
IS 10701: 1983,STRUCTURAL PLYWOOD,"Requirements of plywood for structural purposes, such as stressed skin panels, plywood web beams, sheathing, silos, rail and ship containers.",product_standard,board,bamboo mat board; board; boards; coir board; fiber board; fibre board; fibre boards; particle board; plywood; veneered decorative plywood,high,needs_review,
IS 10772: 1983,QUICK SETTING LIME POZZOLANA MIXTURE,"Covers the requirements for lime pozzolana mixtures which tend to set fast, for use in construction works except reinforced concrete.",test_method,,,high,needs_review,
IS 1077: 1992,COMMON BURNT CLAY BUILDING BRICKS,"Requirements for classification, general quality, dimensions and physical requirements of common burnt clay building bricks used in buildings with compressive strength less than 40 N/mm2 Note— For burnt clay bricks ha...",product_standard,brick,brick; bricks; building brick; building bricks; fly ash brick,high,needs_review,
IS 1079: 1994,HOT ROLLED CARBON STEEL SHEETS AND STRIPS,"Requirements of Hot rolled carbon steel sheets including pack rolled sheets and strips intended for cold forming, drawing and general engineering purposes.",material_standard,steel_sheet,carbon steel sheet; carbon steel sheets; steel sheet; steel sheets,high,needs_review,
IS 10889: 1984,HIGH DENSITY POLYTHYLENE FILM,Requirements and the methods of sampling and test for natural and black colour (carbon black pigment) high density polyethylene films. Coloured films other than black shall be as a greed to between the purchaser and t...,product_standard,polyethylene_films_coloured_films,,medium,needs_review,
IS 110: 1983,"READY MIXED PAINT, BRUSHING, GREY FILLER,","Requirements, and the methods of sampling and test for ready mixed paint, brushing, grey filler, for enamels, for use over primers. The material is used as a filler over the primer in the painting system normally foll...",material_standard,paint,filler; paint; paints,high,needs_review,
IS 11128: 1984,SPRAY – APPLIED HYDRATED CALCIUM SILICATE,"Requirements and methods of sampling and test for spray-applied, hydrated calcium silicate thermal insulation.",product_standard,thermal_insulation,calcium silicate insulation; expanded polystyrene; fibrous pipe insulation; insulation; mineral wool; rock wool; slag wool; thermal insulating; thermal insulation,high,needs_review,
IS 1120: 1975,COACH SCREW,Requirements of hexagon head coach screws (hexagon head wood screws).,product_standard,screw,countersunk screw; hexagon head screw; screw; screws,high,needs_review,
IS 11246: 1992,GLASS FIBRE REINFORCED POLYESTER,"Requirements for material, construction, workmanship, finish, performance and testing for glass fibre reinforced polyester resin (GRP) pourflush type squatting pans conact moulded as well as compression moulded.",material_standard,glass,glass; glass fiber; glass fibre; glass fibre reinforced,high,needs_review,
IS 1127: 1970,DIMENSIONS AND WORKMANSHIP OF NATURAL,Recommendations for the dimensions and workmanship of natural building stones used for various types of stone masonry.,other,stone,building stone; polished stone; stone; stones,high,needs_review,
IS 1128: 1974,LIMESTONE (SLAB AND  TILES),Requirements for dimensions and physical properties of limestone slabs and tiles for use in flooring and face work.,product_standard,tile,clay roofing country tile; flooring tile; hollow clay tile; lining tile; ridge tile; roofing tile; terracing tile; tile; tiles,high,needs_review,
IS 11307: 1985,CELLULAR GLASS BLOCK AND PIPE THERMAL,Requirements and methods of sampling and test for cellular glass block and pipe thermal insulation intended for use on surfaces operating at temperatures between – 2000C and 4250C.,product_standard,thermal_insulation,calcium silicate insulation; expanded polystyrene; fibrous pipe insulation; insulation; mineral wool; rock wool; slag wool; thermal insulating; thermal insulation,high,needs_review,
IS 11308: 1985,HYDRAULIC SETTING THERMAL INSULATING,"Requirements and methods of sampling and test for hydraulic setting thermal insulating castables for use as either hot face or cold face backing of refractory linings, at temperatures up to 12500C.",product_standard,thermal_insulation,calcium silicate insulation; expanded polystyrene; fibrous pipe insulation; insulation; mineral wool; rock wool; slag wool; thermal insulating; thermal insulation,high,needs_review,
IS 1130: 1969,"MARBLE  (BLOCKS, SLABS AND TILES)","Requirements for sizes, physical properties, quality and workmanship of marble (block, slabs and tiles)",product_standard,block,block; blocks; concrete block; masonry block; masonry blocks,low,needs_review,
IS 11433 (Part 1): 1985,ONE-PART GUN-GRADE POLYSULPHIDE-,General requirements of one-part gun- grade polysulphide-based sealants used in some sealing or glazing applications in buildings and structures.,product_standard,sealant,polysulphide; sealant; sealants; sealing compound,high,needs_review,
IS 1148: 1982,HOT  ROLLED  STEEL RIVETS  BARS,Requirement for hot-rolled steel rivet bars in size up to 40 mm diameter used for the manufacture of hot forged rivets for structural purposes.,material_standard,rivet,rivet; rivet bar; rivet bars; rivets,high,needs_review,
IS 1149: 1982,HIGH  TENSILE STEEL RIVETS BARS,Requirement for high tensile steel rivet bars in size up to 40 mm diameter for structural purposes.,material_standard,rivet,rivet; rivet bar; rivet bars; rivets,high,needs_review,
IS 11587: 1986,STRUCTURAL WEATHER RESISTANCE STEELS,"Requirements for high strength low alloy weather resistant structural steels in the form of plates, strips, sections and bars for welded, riveted or bolted construction requiring atmospheric corrosion resistance.",material_standard,valve,air relief valve; check valve; non return valve; non-return valve; pressure reducing valve; reflux valve; sluice valve; stop valve; valve; valves,low,needs_review,
IS 1161: 1998,STEEL  TUBES FOR STRUCTURAL PURPOSES.,"Requirements for hot finished welded (HFW), hot finished seamless (HFS), and electric resistance welded (ERW) or high frequency induction welded (HRIW) plain carbon steel tubes for structural purposes.",material_standard,pipe,casing pipe; grp pipe; hdpe pipe; pipe; pipes; pvc pipe; steel tube; tube; tubes; water well tube,high,needs_review,
IS 1173: 1978,HOT ROLLED AND SLIT STEEL TEE BARS,"Lays down nominal dimensions, weight and basic geometrical properties.",material_standard,pipe_fitting,bend; bends; coupler; couplers; fitting; fittings; pipe fitting; pipe fittings; reducer; reducers; saddle piece; saddle pieces; socket; sockets; tee; tees,low,needs_review,
IS 11925: 1986,PITCH IMPREGNATED FIBRE PIPES AND FITTINGS,"Covers materials, dimension and methods of testing of pitch impregnated fibre pipes and fittings in diametrs ranging from 50 to 200 mm for drainage purposes below and above ground level. 1.2 The standard also covers p...",test_method,,,high,needs_review,
IS 1195: 2002,BITUMEN MASTIC FOR FLOORING,"Specifies requirements for four grades of bitumen mastic for building, composed of ground limestone, coarse aggregate and pigment, if required, incorporated with asphaltic cements. This standard does not cover special...",material_standard,aggregate,aggregate; aggregates,high,needs_review,
IS 12027: 1987,SILICONE-BASED WATER REPELLENTS,"Requirements for silicone - based water repellents. These water repellents can be applied to masonry generally free from cracks exceeding 0.10 mm in width, to confer water repellency without appreciable change of colo...",product_standard,cement,cement; lime pozzolana mixture; lime-pozzolana concrete; masonry cement; ordinary portland cement; portland cement; pozzolana cement; slag cement; white cement,low,needs_review,
IS 12049: 1987,DIMENSIONS AND TOLERANCES RELATING,"Covers the dimensions, such as length, measurement for wood based panel materials. The wood based panels considered are plywood, blockboard, hardboard, fibre insulation board, particle board, veneered particle board,...",material_standard,board,bamboo mat board; board; boards; coir board; fiber board; fibre board; fibre boards; particle board; plywood; veneered decorative plywood,high,needs_review,
IS 12118 (Part 1): 1987,TWO-PARTS POLYSULPHIDE BASED,"General requirements of two grades of two-part polysulphide based sealants for use in general building applications, namely, pouring grade and gun grade. Pouring grade sealants are intended for use in horizental joint...",product_standard,sealant,polysulphide; sealant; sealants; sealing compound,high,needs_review,
IS 12234: 1988,PLASTIC  EQUILIBRIUM  FLOAT  VALVES FOR,"Requirements regarding size, materials manufacture and workmanship, performance test and appropriate dimensions of equilibrium float valves for water service up to 45ºC such as coolers, flush tanks and over head tanks.",test_method,,,high,needs_review,
IS 12269: 1987,53 GRADE ORDINARY PORTLAND CEMENT,"Manufacture, chemical and physical requirments of 53 Grade ordinary Portland cement. Note—For certain specialized works, such as prestressed concrete and certain items of precast concrete, the concrete industry quite...",material_standard,cement,cement; lime pozzolana mixture; lime-pozzolana concrete; masonry cement; ordinary portland cement; portland cement; pozzolana cement; slag cement; white cement,high,needs_review,
IS 1230: 1979,CAST IRON RAINWATER PIPES AND FITTINGS,"1.1 Requirements for cast iron rainwater pipes, half- round gutters, their fittings and accessories. 1.2 The requirements of O.G. gutters and fittings are covered in Appendix A of the standard.",product_standard,pipe_fitting,bend; bends; coupler; couplers; fitting; fittings; pipe fitting; pipe fittings; reducer; reducers; saddle piece; saddle pieces; socket; sockets; tee; tees,low,needs_review,
IS 12313: 1988,HOT–DIP TERNE COATED CARBON STEEL,"Requirements of terne coated carbon steel sheets for use in automobile industry, as a roofing and other similar application the thickness of the sheet shall be between 0.3 to 2.0 mm. The thickness other than this may...",material_standard,steel_sheet,carbon steel sheet; carbon steel sheets; steel sheet; steel sheets,high,needs_review,
IS 12330: 1988,SULPHATE RESISTING PORTLAND CEMENT,"The manufacture, chemical and physical requirements and testing of sulphate resisting Portland cement. Note — Sulphate resisting Portland cement is a type of Portland cement in which the amount of tricalcium aluminate...",material_standard,cement,cement; lime pozzolana mixture; lime-pozzolana concrete; masonry cement; ordinary portland cement; portland cement; pozzolana cement; slag cement; white cement,high,needs_review,
IS 1237: 1980,CEMENT CONCRETE FLOORING TILES,"Requirements for cement concrete flooring tiles of plain cement, plain coloured and terrazo types. Chequered tiles are not covered.",material_standard,cement,cement; lime pozzolana mixture; lime-pozzolana concrete; masonry cement; ordinary portland cement; portland cement; pozzolana cement; slag cement; white cement,low,needs_review,
IS 1239 (Part 1): 2004,"STEEL TUBES, TUBULARS ANDOTHER","Requirement for welded and seamless plain end or screwed and socketed steel tubes intended for the use in water, gas airlines and steam. Medium and heavy tubes only are recommended for carrying steam services. The max...",material_standard,pipe,casing pipe; grp pipe; hdpe pipe; pipe; pipes; pvc pipe; steel tube; tube; tubes; water well tube,high,needs_review,
IS 12406: 2003,MEDIUM DENSITY FIBRE BOARDS FOR,"Requirements of medium density fibre boards for general purposes having density in the range of 600 – 900 kg/m3. This standard does not cover veneered or laminated or other specially treated boards, moulded boards, etc.",product_standard,board,bamboo mat board; board; boards; coir board; fiber board; fibre board; fibre boards; particle board; plywood; veneered decorative plywood,high,needs_review,
IS 12427: 2001,FASTENERS – THREADED STEEL,"Covers the requirements for hot-dip galvanized hexagon head transmission tower bolts in the size range M12 to 24 for use in the construction of transmission towers, sub-stations and similar steel structures 1.1 The bo...",material_standard,bolt,bolt; bolts; hexagon head bolt; structural bolt,high,needs_review,
IS 12436: 1988,PREFORMED RIGID POLYURETHANE (PUR) AND,"Requirements, and the methods of sampling and test for preformed rigid polyurethane (PUR) and polyisocyanurate (PIR) foam for thermal insulation in the form of boards, cut and moulded slabs, cut and moulded pipe secti...",product_standard,thermal_insulation,calcium silicate insulation; expanded polystyrene; fibrous pipe insulation; insulation; mineral wool; rock wool; slag wool; thermal insulating; thermal insulation,high,needs_review,
IS 12440: 1988,PRECAST CONCRETE STONE MASONRY BLOCKS,"Requirements of precast concrete stone masonry blocks, used in the construction of load bearing and non-load bearing walls.",material_standard,block,block; blocks; concrete block; masonry block; masonry blocks,high,needs_review,
IS 1254: 1991,CORRUGATED ALUMINIUM SHEET,"Material, profile, dimensions and finish for corrugated aluminium sheets meant for following uses: a) General purpose, b) Industrial, and c) Building.",material_standard,roofing_sheet,corrugated sheet; corrugated sheets; roofing sheet; roofing sheets,low,needs_review,
IS 12583: 1988,CORRUGATED BITMEN ROOFING SHEETS,Requirements of corrugated bitumen roofing sheets used as light roofing material.,material_standard,roofing_sheet,corrugated sheet; corrugated sheets; roofing sheet; roofing sheets,high,needs_review,
IS 12592: 2002,PRECAST CONCRETE MANHOLE,Requirements for precast steel reinforced cement concrete manhole covers and frames intended for use in sewerage and water drainage.,material_standard,cement,cement; lime pozzolana mixture; lime-pozzolana concrete; masonry cement; ordinary portland cement; portland cement; pozzolana cement; slag cement; white cement,high,needs_review,
IS 12701: 1996,ROTATIONAL MOULDED POLYETHYLENE,"1.1 Requirements of materials, dimensions, construction, shape workmanship, performance requirements and inspection and testing of rotatiional moulded polyethylene water storage tanks with a nominal service temperatur...",material_standard,water_tank,tank; water tank; water tanks,high,needs_review,
IS 12709: 1994,GLASS FIBRE REINFORCED PLASTICS (GRP),"Requirements for materials, dimensions, classification, testing and type of joints of machine-made pipes with glass fibre reinforced thermosetting resin with or without aggregate filler having nominal diameter from 20...",material_standard,glass,glass; glass fiber; glass fibre; glass fibre reinforced,high,needs_review,
IS 12778: 2004,HOT ROLLED PARALLEL FLANGE STEEL SECTION,"Covers the nominal dimensions, mass and sectional properties of hot rolled parallel flange beams, columns and bearing piles. 2 Classification 2.1 Beams, column and pile sections are classified as follows. a) Indian St...",material_standard,steel_section,flange steel section; steel section; steel sections; tee bar; tee bars,high,needs_review,
IS 1278: 1972,FILLER RODS FOR GAS WELDING,"Requirements of ferrous and non-ferrous filler rods for gas welding made of the following materials supplied in cut lengths. a) Structural steels, b) Austenitic stainless steels, c) Cast irons (excluding spheroidal gr...",material_standard,rod,filler rod; filler rods; rod; rods,high,needs_review,
IS 12817: 1997,STAINLESS STEEL BUTT HINGES,"Types and requirements regarding materials, dimensions, manufacture and finish of stainless steel butt hinges.",material_standard,hinge,butt hinge; butt hinges; hinge; hinges,high,needs_review,
IS 12818: 1992,UNPLASTICISED   PVC SCREEN AND CASING,"Requirements of ribbed screen, plain screen and plain casing pipes of nominal diameter 40 to 400 mm produced from unplasticized polyvinyl chloride for bore/tubewell for water supply.",product_standard,pipe,casing pipe; grp pipe; hdpe pipe; pipe; pipes; pvc pipe; steel tube; tube; tubes; water well tube,high,needs_review,
IS 12820: 2004,DIMENSIONAL REQUIREMENTS OF RUBBER,"Specifies the dimensional requirements for rubber gaskets to be used in cast iron pipes/fittings for the mechnical joints and push-on flexible joints for carrying water, gas and sewage.",product_standard,pipe,casing pipe; grp pipe; hdpe pipe; pipe; pipes; pvc pipe; steel tube; tube; tubes; water well tube,low,needs_review,
IS 12823: 1990,WOOD PRODUCTS-PRELAMINATED,Requirement of prelaminated particle boards for general purpose and also for special applications.,other,board,bamboo mat board; board; boards; coir board; fiber board; fibre board; fibre boards; particle board; plywood; veneered decorative plywood,high,needs_review,
IS 12830: 1989,RUBBER BASED ADHESIVE FOR FIXING PVC,Requirements and the methods of sampling and test for rubber based adhesives used for bonding,installation,,,high,needs_review,
IS 1285: 2002,WROUGHT ALUMINIUM AND ALUMINIUM ALLOY,Requirements of extruded round tube and hollow sections made from wrought aluminium and aluminium alloys for general engineering purposes.,product_standard,pipe,casing pipe; grp pipe; hdpe pipe; pipe; pipes; pvc pipe; steel tube; tube; tubes; water well tube,high,needs_review,
IS 12866: 1989,PLASTIC TRANSLUCENT SHEET MADE,"Specifies dimensions, tolerances, strength and light transmission of glass fibre reinforced translucent plastic sheeting of the profiles specified in IS 277 : 1992*, IS 459:1992** and IS 1254:1991+ for use in roofs.”...",other,glass,glass; glass fiber; glass fibre; glass fibre reinforced,high,needs_review,
IS 12867: 1989,PVC HAND RAIL COVERS,Covers the dimensions and requirements for PVC handrail covers for use on metal strip handrails.,product_standard,handrail,hand rail; hand rail cover; handrail,high,needs_review,
IS 12894: 2002,PULVERIZED FUEL ASH-LIME BRICKS,"Requirements for classification, general quality, dimensions and physical requirements of fly ash-lime bricks used in buildings. Note— Pulverized fuel ash lime bricks having wet compressive strength less than 30 N/mm2...",product_standard,brick,brick; bricks; building brick; building bricks; fly ash brick,high,needs_review,
IS 12896: 1990,INDIAN TIMBERS FOR DOOR AND,"Covers the general classification of Indian timber species suitable for door and window shutters and frames. It also lays down the general requirements of quality, seasoning, moisture content and preservative treatmes...",material_standard,door,door; door frame; door frames; doors; shutter; shutters,high,needs_review,
IS 1293: 1988,PLUGS AND SOCKET-OUTLETS – RATED,Requirements and tests for three-pin two- pole and earthing plugs and socket-outlets (shuttered and non-shuttered) including multi-socket-outlet (shuttered and non-shuttered) suitable for ac circuits with a rated volt...,product_standard,plug_socket,plug; plugs; socket; socket-outlet,high,needs_review,
IS 12987: 1991,CAST IRON DETACHABLE JOINTS FOR USE WITH,Covers the requirements for cast iron detachable joints to be used with asbestos cement pressure pipes (light duty) conforming to IS 9627:1980.*,material_standard,pipe,casing pipe; grp pipe; hdpe pipe; pipe; pipes; pvc pipe; steel tube; tube; tubes; water well tube,low,needs_review,
IS 12988: 1991,DIMENSIONAL REQUIREMENTS FOR RUBBER,Specifies the dimensional requirement for rubber sealing rings to be used with cast iron detachable joints conforming to IS : 12987 : 1991* for joining light duty asbestos cement pressure pipes conforming to IS : 9627...,material_standard,pipe,casing pipe; grp pipe; hdpe pipe; pipe; pipes; pvc pipe; steel tube; tube; tubes; water well tube,high,needs_review,
IS 12994: 1990,"EPOXY ADHESIVES, ROOM TEMPERATURE","Requirements and methods of sampling and test for liquid and paste type epoxy adhesives for performance : (a) up to 50ºC, and (b) up to 100ºC.",product_standard,adhesive,adhesive; adhesives,high,needs_review,
IS 13000: 1990,SILICA ASBESTOS  - CEMENT,"Requirement for materials, classification, dimensions and tests for silica-asbestos-cement flat sheets.",test_method,,,high,needs_review,
IS 13008: 1990,SHALLOW CORRUGATED ASBESTOS,"Covers the requirements for materials, dimensions and tests for shallow corrugated asbestos cement sheets.",material_standard,cement,cement; lime pozzolana mixture; lime-pozzolana concrete; masonry cement; ordinary portland cement; portland cement; pozzolana cement; slag cement; white cement,high,needs_review,
IS 13026: 1991,BITUMEN MASTIC FOR FLOORING FOR,"1.1 Requirements of bitumen mastic flooring for industries handling LPG and other light hydrocarbon products. 1.2 This standard is also applicable for explosive and crackers manufacturing factories, ordinance factorie...",material_standard,aggregate,aggregate; aggregates,low,needs_review,
IS 13049: 1991,DIAPHRAGM TYPE (PLASTIC BODY) FLOAT,"Specifies materials, workmanship, performance and sampling requirements besides where appropriate, dimensions and tolerances, of diaphragm type float operated valves for water services up to 45oC for use in flush tank...",test_method,,,high,needs_review,
IS 13114: 1991,"FORGED  BRASS GATE, GLOBE AND CHECK","Requirements for forged brass gate, globe and check valves suitable for working temperatures up to 45ºC and non-shock maximum hydraulic working pressure of 2 MPa for water works purposes.",product_standard,valve,air relief valve; check valve; non return valve; non-return valve; pressure reducing valve; reflux valve; sluice valve; stop valve; valve; valves,high,needs_review,
IS 13204: 1991,RIGID PHENOLIC FOAM FOR THERMAL,"Requirements and methods of sampling and test for rigid for phenolic foam for thermal insulation purposes. It applies to slab (blocks, boards and profiled sheets) and profiled sections (pipe sections and radiused or b...",material_standard,thermal_insulation,calcium silicate insulation; expanded polystyrene; fibrous pipe insulation; insulation; mineral wool; rock wool; slag wool; thermal insulating; thermal insulation,high,needs_review,
IS 1322: 1993,BITUMEN FELTS FOR WATER–PROOFING,Requirements for saturated bitumen felts (underlay) and self-finished bitumen felts used for water proofing and damp-proofing.,product_standard,waterproofing_membrane,bitumen felt; bitumen felts; water-proofing; waterproofing,high,needs_review,
IS 1326: 1992,NON-CONIFEROUS  SAWN TIMBER,Covers the requirements of non- coniferous sawn timber in the form of baulks and scantling.,material_standard,timber,sawn timber; timber; timbers; wooden sleeper; wooden sleepers,high,needs_review,
IS 1328: 1996,VENEERED DECORATIVE PLYWOOD,"Covers types of plywood with ornamental veneers on one or both faces used for decorative purposes, such as furniture making, panelling of all kinds, including panelling for railway coaches, buses and ships.",product_standard,board,bamboo mat board; board; boards; coir board; fiber board; fibre board; fibre boards; particle board; plywood; veneered decorative plywood,high,needs_review,
IS 13317: 1992,"CLAY ROOFING COUNTRY TILES,",,other,tile,clay roofing country tile; flooring tile; hollow clay tile; lining tile; ridge tile; roofing tile; terracing tile; tile; tiles,high,needs_review,
IS 13349: 1992,SINGLE FACED CAST IRON THIMBLE,"Covers single faced vertically sliding type cast iron sluice gates of nominal sizes from 300 to 2500 mm, suitable for mounting on the flange of cast iron wall thimble. These sluice gates are meant for use for water su...",material_standard,gate,collapsible gate; gate; gates,high,needs_review,
IS 13356: 1992,PRECAST FERROCEMENT WATER TANKS,Requirements of precast ferrocement water tanks of capacity 270 to 10 000 litres. Note —The capacity of tank means the net capacity which is the volume of the actual usable water confined between the levels of the cen...,material_standard,water_tank,tank; water tank; water tanks,high,needs_review,
IS 13382: 2004,CAST IRON SPECIALS FOR MECHANICAL AND,"Requirements for cast iron special castings to be used with pressure pipes for carrying water, gas and sewage for sizes from DN 80 mm up to 1 500 mm cast iron and ductile iron. 1.2. This standard is applicable to fitt...",product_standard,pipe,casing pipe; grp pipe; hdpe pipe; pipe; pipes; pvc pipe; steel tube; tube; tubes; water well tube,high,needs_review,
IS 1341: 1992,STEEL BUTT HINGES,"Requirements regarding material, dimensions, manufacture and finish of mild steel butt hinges.",material_standard,hinge,butt hinge; butt hinges; hinge; hinges,high,needs_review,
IS 13592: 1992,UNPLASTILIZED POLYVINYL CHLORIDE (UPVC),Requirements for plain and socket end unplasticized polyvinyl chloride (UPVC) pipes with nominal outside diameters 40 mm to 160 mm for soil and waste discharge system inside buildings including ventilating and rain wa...,product_standard,pipe,casing pipe; grp pipe; hdpe pipe; pipe; pipes; pvc pipe; steel tube; tube; tubes; water well tube,high,needs_review,
IS 1361: 1978,STEEL WINDOWS FOR INDUSTRIAL BUILDINGS,Deals with steel windows suitable for use in industrial buildings and designed to suit openings based on a module of 10 cm.,material_standard,window,ventilator; ventilators; window; windows,high,needs_review,
IS 13620: 1993,FUSION BONDED  EPOXY COATED,Covers deformed steel reinforcing bars with protective epoxy coating applied by electrostatic spray method.,material_standard,coating,coating; coatings; epoxy coating; water repellent,high,needs_review,
IS 1363 (Part 1): 2002,ISO 4016 : 1999,Gives specifications for hexagon head botts with threads from M5 up to and including M64 of product grade C.,product_standard,bolt,bolt; bolts; hexagon head bolt; structural bolt,high,needs_review,
IS 1363 (Part 2): 2002,ISO 4018 : 1999,Gives specifications for hexagon head screws with threads from M5 up to and including M64 of product grade C.,product_standard,screw,countersunk screw; hexagon head screw; screw; screws,high,needs_review,
IS 1363 (Part 3): 2002,ISO 4034 : 1999,Gives specifications for hexagon nuts with thread diameters from M5 to M64 inclusive and product grade C.,product_standard,nut,hexagon nut; nut; nuts,high,needs_review,
IS 1364 (Part 1): 2002,ISO 4014 : 1999,"Gives specifications for hexagon head bolts with threads from M1,6 up to and including M64, of product grade A for threads M1,6 to M24 and nominal lengths up to and including 10 d or 150 mm, whichever is shorter and p...",product_standard,bolt,bolt; bolts; hexagon head bolt; structural bolt,high,needs_review,
IS 1364 (Part 2): 2002,ISO 4017 : 1999,"Gives specifications for hexagon head screws with threads from M1.6 upto and including M64, of product grade A for threads M1 6 to M24 and nominal lengths up to and including 10 d or 150 mm, whichever is shorter and p...",product_standard,screw,countersunk screw; hexagon head screw; screw; screws,low,needs_review,
IS 1364 (Part 3): 2002,ISO 4032 : 1999,"Gives specifications for hexagon nuts style 1, with thread diameters from M1.6, to M64, with product grade A for threads d ≤ M16 and product grade B for d > M16.",product_standard,nut,hexagon nut; nut; nuts,high,needs_review,
IS 1364 (Part 4): 2003,ISO 4035 : 1999,"Gives specifications for chamfered hexagon thin nuts, with thread diameters from M1.6 to M64,including , with product grade A for threads d ≤ M16 and product grade B for threads d > M16.",product_standard,nut,hexagon nut; nut; nuts,high,needs_review,
IS 1364 (Part 5): 2002,ISO 4036 : 1999,"Gives specifications for hexagon thin nuts with metric dimensions and thread diameters from 1.6, up to and including 10 mm and product grade B.",product_standard,nut,hexagon nut; nut; nuts,high,needs_review,
IS 1365: 1978,SLOTTED COUNTERSUNK HEAD SCREWS,Requirements for slotted countersunk head screws in the diameter range 1 to 20 mm.,product_standard,screw,countersunk screw; hexagon head screw; screw; screws,high,needs_review,
IS 1366: 2002,ISO 1207 - 1992 SLOTTED,Requirements for slotted cheese head screws of product grade A and with the neads from M1.6 to M10.,product_standard,screw,countersunk screw; hexagon head screw; screw; screws,high,needs_review,
IS 13753: 1993,DUST– PRESSED CERAMIC TILES WITH WATER,"Specifies sizes, dimensional tolerances, mechanical, physical and chemical requirements, surface quality requirements and marking of ceramic tiles. 1.1It is applicable only to dust-pressed ceramic glazed tiles first q...",product_standard,tile,clay roofing country tile; flooring tile; hollow clay tile; lining tile; ridge tile; roofing tile; terracing tile; tile; tiles,high,needs_review,
IS 13754: 1993,DUST – PRESSED CERAMIC TILES WITH,"Specifies the sizes, dimensional tolerances, mechanical, physical and chemical requirements, surface quality requirements and marking of ceramic tiles. It is applicable only to dust-pressed ceramic tiles of first qual...",product_standard,tile,clay roofing country tile; flooring tile; hollow clay tile; lining tile; ridge tile; roofing tile; terracing tile; tile; tiles,high,needs_review,
IS 13755: 1993,DUST– PRESSED CERAMIC TILES,"Specifies the sizes, dimensional tolerances, mechanical, physical and chemical requirements, surface quality requirements and marking of ceramic tiles. It is applicable only to dust-pressed ceramic tiles of first qual...",product_standard,tile,clay roofing country tile; flooring tile; hollow clay tile; lining tile; ridge tile; roofing tile; terracing tile; tile; tiles,high,needs_review,
IS 13756: 1993,DUST – PRESSED CERAMIC TILES WITH LOW,"Specifies the sizes,dimensional tolerances, mechanical, physical and chemical requirements, surface quality requirements and marking of ceramic tiles. It is applicable only to dust-pressed ceramic tiles including tile...",product_standard,tile,clay roofing country tile; flooring tile; hollow clay tile; lining tile; ridge tile; roofing tile; terracing tile; tile; tiles,high,needs_review,
IS 13757: 1993,BURNT CLAY FLY ASH BUILDING BRICKS,"Requirement for classification, general quality, dimensions and physical requirements of common clay building bricks used in buildings. Note — Burnt clay flyash bricks having compressive strength less than 30 N/mm2 (a...",product_standard,brick,brick; bricks; building brick; building bricks; fly ash brick,high,needs_review,
IS 13957: 1994,METAL FACED PLYWOOD,"Covers manufacture and requirements of metal faced plywood composite. The scope is limited to the use of galvanized iron sheet or aluminium sheet only, as metal sheet.",product_standard,board,bamboo mat board; board; boards; coir board; fiber board; fibre board; fibre boards; particle board; plywood; veneered decorative plywood,high,needs_review,
IS 13958: 1994,BAMBOO MAT BOARD FOR GENERAL PURPOSES,Covers the method of manufacture and the requirements of bamboo mat board used for general purposes.,product_standard,board,bamboo mat board; board; boards; coir board; fiber board; fibre board; fibre boards; particle board; plywood; veneered decorative plywood,high,needs_review,
IS 1395: 1982,LOW AND MEDIUM ALLOY STEEL COVERED,Covers the requirements for low and medium alloy steel covered electrodes for manual metal arc welding.,material_standard,electrode,electrode; electrodes,high,needs_review,
IS 13983: 1994,STAINLESS STEELSINKS FOR,"Requirements regarding material dimaesions, construction and workmanship for sit-in and inset type stainless steel sinks for domestic purposes. Options are specified for sinks with or without overflow holes, tap holes...",installation,,,high,needs_review,
IS 13990: 1994,PRECAST REINFORCED CONCRETE,Requirements for precast reinforced concrete planks and joist used for construction of roofs and floors. The planks length upto 1.5 m long only are covered.,product_standard,waterproofing_membrane,bitumen felt; bitumen felts; water-proofing; waterproofing,low,needs_review,
IS 14143: 1994,PREFABRICATED BRICK PANEL AND PARTIALLY,Requirements for prefabricated brick panel and partially precast joist for flooring and roofing.,material_standard,brick,brick; bricks; building brick; building bricks; fly ash brick,high,needs_review,
IS 14182: 1994,SOLVENT CEMENT FOR USE WITH UNPLASTICIZED,Requirements and methods of sampling and test for solvent cements to be used in joining unplasticized polyvinyl chloride pipe and fittings intended for use in carrying potable water. The pipes may be pressure or non-p...,material_standard,pipe,casing pipe; grp pipe; hdpe pipe; pipe; pipes; pvc pipe; steel tube; tube; tubes; water well tube,high,needs_review,
IS 14201: 1994,PRECAST REINFORCED CONCRETE CHANNEL,Requirements for precast reinforced concrete channel units having a length of up to 4.5 m used for construction of floors and roofs.,product_standard,channel,channel; channels; l-panel,high,needs_review,
IS 14223 (Part 1): 1995,POLISHED BUILDING STONES,Covers physical properties and finish requirements of polished granite used for various purposes.,product_standard,stone,building stone; polished stone; stone; stones,high,needs_review,
IS 14241: 1995,PRECAST REINFORCED CONCRETE  L–PANEL,Requirements for prefabricated reinforced concrete L-panels used for making roofs for buildings. This standard also covers the requirements for prefabricated reinforced concrete channel units which are to be used alon...,product_standard,channel,channel; channels; l-panel,high,needs_review,
IS 14268: 1995,UNCOATED STRESS RELIEVED  LOW,"Requirements for manufacture, supply and testing of un-coated,stress relieved ‘low relaxation’ seven -ply steel strand for prestressed concrete.",material_standard,steel_sheet,carbon steel sheet; carbon steel sheets; steel sheet; steel sheets,low,needs_review,
IS 14276: 1995,CEMENT BONDED PARTICLE BOARDS,Requirements of cement bonded wood particle boards.This standard does not cover particle boards bonded with synthetic resin adhesives.,material_standard,cement,cement; lime pozzolana mixture; lime-pozzolana concrete; masonry cement; ordinary portland cement; portland cement; pozzolana cement; slag cement; white cement,low,needs_review,
IS 14333: 1996,HIGH DENSITY POLYETHYELENE PIPES,"Requirements for high density polyethylene pipes from 63 mm to 630 mm nominal diameter of pressure rating from 0.25 MPa to 1.6 MPa in material grades of PE63, PE80 and PE100 for sewerage applications.",material_standard,pipe,casing pipe; grp pipe; hdpe pipe; pipe; pipes; pvc pipe; steel tube; tube; tubes; water well tube,high,needs_review,
IS 14402: 1996,GLASS FIBRE REINFORCED PLASTICS (GRP),"Requirements for materials, dimensions, classification, testing and sampling of machine made pipes with glass fibre reinforced thermosetting resin with or without aggregate filler having nominal diameter from 200 mm t...",material_standard,glass,glass; glass fiber; glass fibre; glass fibre reinforced,high,needs_review,
IS 14443: 1997,POLYCARBONATE SHEETS,"1.1 Requirements and methods of sampling and tests for polycarbonate sheets of solid section as well as multi-wall variety and also thinner gauge sheets (films), multi-layer composite laminates of polycarbonate compac...",material_standard,glass,glass; glass fiber; glass fibre; glass fibre reinforced,high,needs_review,
IS 14587: 1998,PRE-LAMINATED MEDIUM DENSITY FIBRE,Requirement of prelaminated medium density fibre board for general purposes and also for special applications.,other,board,bamboo mat board; board; boards; coir board; fiber board; fibre board; fibre boards; particle board; plywood; veneered decorative plywood,high,needs_review,
IS 14588: 1999,BAMBOO MAT-VEENER COMPOSITE FOR,Covers the method of manufacture and the requirement of bamboo mat-veneer composites for general purposes.,product_standard,board,bamboo mat board; board; boards; coir board; fiber board; fibre board; fibre boards; particle board; plywood; veneered decorative plywood,low,needs_review,
IS 14616: 1999,LAMINATED  VENEER LUMBER,"Covers laminated veneer lumber (LVL) of density range 0.6 to 0.75 in which most natural structural wood fall. Its applications include all the end uses to which structural wood has been traditionally used, such as, be...",product_standard,door,door; door frame; door frames; doors; shutter; shutters,low,needs_review,
IS 14643: 1999,UNSINTERED POLYTETRAFLUOROETHYLENE,"Requirements, methods of sampling and tests for unsintered polytetrafluoroethylene (PTFE) tapes for use as a thread sealing material and in similar applications. This tape is suitable for applications under ambient co...",material_standard,pipe,casing pipe; grp pipe; hdpe pipe; pipe; pipes; pvc pipe; steel tube; tube; tubes; water well tube,high,needs_review,
IS 1464: 1992,CLAY RIDGE AND  CEILING TILES,"Covers machine pressed clay ridge and ceiling tiles. It does not cover tiles of irregular sizes, shapes and colour and those made to meet special requirements. Sl No. Characteristic Requirement for Class AA Class A (1...",product_standard,tile,clay roofing country tile; flooring tile; hollow clay tile; lining tile; ridge tile; roofing tile; terracing tile; tile; tiles,high,needs_review,
IS 14695: 1999,GLASS FIBRE BASE COAL,Covers the requirement for glass fibre base coal tar pitch outerwrap used for corrosion protection of buried mild steel pipelines.,test_method,,,high,needs_review,
IS 14735: 1999,UNPLASTICIZED POLYVINYL CHLORIDE (UPVC),Requirements for Unplasticized Polyvinyl chloride (upvc) injection moulded fittings for jointing with solvent cement or elastomeric sealing ring to the,material_standard,pipe_fitting,bend; bends; coupler; couplers; fitting; fittings; pipe fitting; pipe fittings; reducer; reducers; saddle piece; saddle pieces; socket; sockets; tee; tees,high,needs_review,
IS 14753: 1999,POLYMETHYL METHACRYLATE (PMMA),"Requirements, methods of sampling and tests for polymethyl methacrylate (acrylic) sheets.",product_standard,adhesive,adhesive; adhesives,low,needs_review,
IS 14772: 2000,GENERAL REQUIREMENTS FOR ENCLOSURES,"This standard applies to enclosures or parts of enclosures or parts for accessories with a rated voltage not exceeding 440 V intended for household or similar fixed electrical installatinos, either indoors or outdoors...",installation,,,medium,needs_review,
IS 1478: 1992,CLAY FLOORING  TILES,"Requirements for dimensions, quality and strength for clay flooring tiles.",product_standard,tile,clay roofing country tile; flooring tile; hollow clay tile; lining tile; ridge tile; roofing tile; terracing tile; tile; tiles,high,needs_review,
IS 14842: 2000,COIR VENEER BOARD FOR,Covers the method of manufacture and the requirement of coir veneer board (coconut fibre with veneer) for general purposes.,product_standard,board,bamboo mat board; board; boards; coir board; fiber board; fibre board; fibre boards; particle board; plywood; veneered decorative plywood,high,needs_review,
IS 14846: 2000,SLUICE VALVES  FOR WATER WORKS  PURPOSES,Requirements for non-rising stem type sluice valves from 50 to 1 200 mm sizes used for water supply up to 45º C and having double flanged ends for connections.,product_standard,valve,air relief valve; check valve; non return valve; non-return valve; pressure reducing valve; reflux valve; sluice valve; stop valve; valve; valves,high,needs_review,
IS 14856: 2000,GLASS FIBRE REINFORCED PLASTIC (GRP),"Requirements regarding types, sizes, material, construction, workmanship, finish, performance requirements and sampling of fibre glass reinforced plastic door shutters for use in residential and industrial building.",material_standard,glass,glass; glass fiber; glass fibre; glass fibre reinforced,high,needs_review,
IS 14862: 2000,FIBRE CEMENT FLAT SHEETS,"1.1 This standard covers the characteristics and establishes methods of control and test as well as acceptance conditions for fibre cement flat sheets. It covers sheets intended for external applications, such as clad...",material_standard,cement,cement; lime pozzolana mixture; lime-pozzolana concrete; masonry cement; ordinary portland cement; portland cement; pozzolana cement; slag cement; white cement,high,needs_review,
IS 14871: 2000,PRODUCTS IN FIBRE REINFORCED,1.1 This standard covers the requirement for straight fibre cement profiled sheets of more than 0.9 m length and their fittings used as roofing and cladding materials. It also specifies tests for checking these charac...,material_standard,pipe_fitting,bend; bends; coupler; couplers; fitting; fittings; pipe fitting; pipe fittings; reducer; reducers; saddle piece; saddle pieces; socket; sockets; tee; tees,low,needs_review,
IS 1489 (Part 1): 1991,PORTLAND POZZOLANA CEMENT,"Covers the manufacture, physical and chemical requirements of Portland pozzolana cement using only fly ash pozzolana.",material_standard,cement,cement; lime pozzolana mixture; lime-pozzolana concrete; masonry cement; ordinary portland cement; portland cement; pozzolana cement; slag cement; white cement,high,needs_review,
IS 1489 (Part 2): 1991,PORTLAND POZZOLANA CEMENT,"Manufacture, Physical and Chemical requriements of Portland- pozzolana cement manufactured by using calcined clay pozzolana or a mixture of calcined clay and fly ash pozzolana.",material_standard,cement,cement; lime pozzolana mixture; lime-pozzolana concrete; masonry cement; ordinary portland cement; portland cement; pozzolana cement; slag cement; white cement,high,needs_review,
IS 14912: 2001,DOOR CLOSERS - CONCEALED TYPE,"Requirement for concealed type hydraulically operated door closers, fixed in concealed position within the thickness of the panel on vertical, hinge type doors opening to one side only and not weiging more than 80 kg....",other,door,door; door frame; door frames; doors; shutter; shutters,high,needs_review,
IS 1536: 2001,CENTRIFUGALLY CAST (SPUN) IRON PRESSURE,"1.1 Requirements for centrifugally cast (spun iron pipes for pressure main lines for water,gas and sewage, maufactured in metal (lined or unlined) or sand lined moulds. 1.2 This standard is applicable to cast iron pip...",product_standard,pipe,casing pipe; grp pipe; hdpe pipe; pipe; pipes; pvc pipe; steel tube; tube; tubes; water well tube,high,needs_review,
IS 1537: 1976,VERTICALLY CAST IRON PRESSURE PIPES,1.1 Requriements for cast iron pipes for pressure main lines of water gas and sewage manufactured by vertical casing in sand moulds. 1.2 Applicable to pipes with sockets (for lead joints) or flanges. Standard may also...,other,pipe,casing pipe; grp pipe; hdpe pipe; pipe; pipes; pvc pipe; steel tube; tube; tubes; water well tube,high,needs_review,
IS 15380: 2003,MOULDED RAISED HIGH DENSITY FIBRE (HDF),"This standard lays down requirements regarding types, sizes, material, construction, workmanship and finish and tests for high density fibre (HDF) panel doors.",material_standard,door,door; door frame; door frames; doors; shutter; shutters,high,needs_review,
IS 1538: 1993,CAST IRON FITTINGS FOR PRESSURE PIPES,"1.1 General requirements for cast iron fittings for pressure pipes for water, gas and sewage. 1.2 Applicable to all cast iron fittings having spigots, sockets or flanges as specified in this standard and also to fitti...",product_standard,pipe_fitting,bend; bends; coupler; couplers; fitting; fittings; pipe fitting; pipe fittings; reducer; reducers; saddle piece; saddle pieces; socket; sockets; tee; tees,high,needs_review,
IS 1542: 1992,SAND FOR  PLASTER,"Requirements of naturally occurring sands and crushed gravel sands used in mortars for internal wall and ceiling plastering, and external plastering using mixes of lime, cement, composite lime-cement, activated lime p...",material_standard,cement,cement; lime pozzolana mixture; lime-pozzolana concrete; masonry cement; ordinary portland cement; portland cement; pozzolana cement; slag cement; white cement,high,needs_review,
IS 15476: 2004,BAMBOO MAT CORRUGATED SHEETS,"This standard covers the requirement of bamboo mat corrugated sheets (BMCS) for roofs of industrial, residential, agricultural, commercial and institutional types of buildings.",product_standard,roofing_sheet,corrugated sheet; corrugated sheets; roofing sheet; roofing sheets,high,needs_review,
IS 15491: 2004,MEDIUM DENSITY COIRBOARDS FOR,1.1 This standard covers the requirement of medium density coirboards for general puroses having density in the range of 500-900 kg/m3. 1.2 This standard does not cover veneered or laminated or other specially treated...,product_standard,board,bamboo mat board; board; boards; coir board; fiber board; fibre board; fibre boards; particle board; plywood; veneered decorative plywood,high,needs_review,
IS 1554 (Part 1): 1988,PVC INSULATED (HEAVY DUTY),"Requirements and tests for armoured and unarmoured single-core, twin-core, three-core and multi- core PVC insulated and sheathed cables for electric supply and control purposes. 1.2 This standard also covers cables wi...",product_standard,thermal_insulation,calcium silicate insulation; expanded polystyrene; fibrous pipe insulation; insulation; mineral wool; rock wool; slag wool; thermal insulating; thermal insulation,high,needs_review,
IS 1566: 1982,HARD - DRAWN  STEEL WIRE FABRIC FOR CON-,Requirements for hard-drawn steel wire fabric consisting of hard-drawn steel with cross wires electrically welded to them for use as concrete reinforcement,material_standard,wire_fabric,steel wire fabric; wire fabric,high,needs_review,
IS 1580: 1991,BITUMINOUS COMPOUNDS FOR,"Requirements and methods of sampling and tests for bituminous compound, applied cold and used for stopping leaks through cracks of roofs, floors, walls, etc; as sealant for plate joints of wagons, coaches and buses; a...",material_standard,waterproofing_membrane,bitumen felt; bitumen felts; water-proofing; waterproofing,high,needs_review,
IS 1592: 2003,ASBESTOS CEMENT PRESSURE PIPES,"Requirements relating to plain ended asbestos cement pipes and joints intended for use under pressure; it defines certain conditions of manufacture, classification, characteristics and acceptance tests applicable to t...",material_standard,pipe,casing pipe; grp pipe; hdpe pipe; pipe; pipes; pvc pipe; steel tube; tube; tubes; water well tube,high,needs_review,
IS 1626 (Part 1): 1994,ASBESTOS CEMENT BUILDING,"Requirements of socketed asbestos cement building and sanitary pipes and pipe fittings of diameter 50 to 150 mm for use as rain water pipes, soil, waste and ventilating pipes. 1.1 The followings pipes and pipe fitting...",material_standard,pipe_fitting,bend; bends; coupler; couplers; fitting; fittings; pipe fitting; pipe fittings; reducer; reducers; saddle piece; saddle pieces; socket; sockets; tee; tees,high,needs_review,
IS 1626 (Part 2): 1994,ASBESTOS CEMENT BUILDING,Requirments of asbestos cement gutters and gutter fittings used in buildings.,material_standard,pipe_fitting,bend; bends; coupler; couplers; fitting; fittings; pipe fitting; pipe fittings; reducer; reducers; saddle piece; saddle pieces; socket; sockets; tee; tees,high,needs_review,
IS 1626: 1984,ASBESTOS CEMENT BUILDING,"Requirements of asbestos cement roofing fittings, to be used in conjunction with corrugated and semi-corugated asbestos cement sheets conforming to IS 459:1992* 1.1 The following roofing fittings are covered in this s...",material_standard,pipe_fitting,bend; bends; coupler; couplers; fitting; fittings; pipe fitting; pipe fittings; reducer; reducers; saddle piece; saddle pieces; socket; sockets; tee; tees,high,needs_review,
IS 1658: 1977,FIBRE HARD BOARDS,"Requirements of fibre hardboards for general purposes. This standard does not cover requirements of insulation boards, wood particle boards (chip boards), and similar boards.",product_standard,board,bamboo mat board; board; boards; coir board; fiber board; fibre board; fibre boards; particle board; plywood; veneered decorative plywood,high,needs_review,
IS 1659: 2004,BLOCK BOARDS,Essential requirements of commercial and decorative blockboards meant for interior and exterior uses.,product_standard,board,bamboo mat board; board; boards; coir board; fiber board; fibre board; fibre boards; particle board; plywood; veneered decorative plywood,high,needs_review,
IS 1700: 1973,DRINKING FOUNTAINS,"Covers the material, construction, essential hygienic and performance requirements and finish of drinking fountains used in schools, parks and other public places.",material_standard,pipe_fitting,bend; bends; coupler; couplers; fitting; fittings; pipe fitting; pipe fittings; reducer; reducers; saddle piece; saddle pieces; socket; sockets; tee; tees,low,needs_review,
IS 1701: 1960,MIXING  VALVES FOR ABLUTIONARY AND,"Requirements regarding sizes, material, manufacture, workmanship and testing of mixing valves for ablutionary and domestic purposes.",material_standard,valve,air relief valve; check valve; non return valve; non-return valve; pressure reducing valve; reflux valve; sluice valve; stop valve; valve; valves,high,needs_review,
IS 1703: 2000,WATER FITTINGS  COPPER ALLOY FLOAT,"Requirements regarding sizes,materials, manufacture and workmanship, and testing of float valves (horizontal plunger type ) for water supply purposes.",material_standard,valve,air relief valve; check valve; non return valve; non-return valve; pressure reducing valve; reflux valve; sluice valve; stop valve; valve; valves,high,needs_review,
IS 1711: 1984,SELF–CLOSING TAPS FOR,Requirements for self-closing taps with or without stuffing box.,product_standard,washer,plain washer; washer; washers,low,needs_review,
IS 1726: 1991,CAST IRON MANHOLE COVERS AND FRAMES,"Lays down basic and performance requirements for manhole covers and frames in cast- iron, intended for use in drainage and water works.",product_standard,coating,coating; coatings; epoxy coating; water repellent,low,needs_review,
IS 1730: 1989,"STEEL  PLATES SHEETS STRIPS AND FLATS, FOR","Specifies nominal dimensions, nominal mass and surface area (for sheets) of hot-rolled steel plates, sheets, strips and flats for structural and general engineering purposes.",material_standard,flats_structural_engineering_purposes,,medium,needs_review,
IS 1732: 1989,"STEEL BARS, ROUND AND SQUARE FOR","Specifies dimensions, sectional areas and mass of hot-rolled round and square steel bars for structural and general engineering purposes. This standard does not cover bars for rivets and threaded components.",material_standard,rivet,rivet; rivet bar; rivet bars; rivets,high,needs_review,
IS 1785 (Part 2): 1983,PLAIN HARD- DRAWNSTEEL WIRE,Requirements for manufacture supply and testing of plain ‘as-drawn’ steel wire for use in prestressed concrete pipes and similar other purposes.,material_standard,pipe,casing pipe; grp pipe; hdpe pipe; pipe; pipes; pvc pipe; steel tube; tube; tubes; water well tube,high,needs_review,
IS 1785 (Part I): 1983,PLAIN HARD-DRAWN STEEL WIRE FOR,"Requirements for the manufacture, supply and testing of plain, cold drawn, stress-relieved steel wire for use in prestressed concrete.",material_standard,pipe_fitting,bend; bends; coupler; couplers; fitting; fittings; pipe fitting; pipe fittings; reducer; reducers; saddle piece; saddle pieces; socket; sockets; tee; tees,low,needs_review,
IS 1786: 1985,PLAIN HIGH STRENGTH DEFORMED STEEL BARS,"Requirements of deformed steel bars and wires for use as reinforcement in concrete, in the following three strength grades. a) Fe 415, b) Fe 500 and c) Fe 550 Note — The figures following the symbol Fe indicates the s...",material_standard,pipe_fitting,bend; bends; coupler; couplers; fitting; fittings; pipe fitting; pipe fittings; reducer; reducers; saddle piece; saddle pieces; socket; sockets; tee; tees,low,needs_review,
IS 1795: 1982,PILLAR TAPS FOR WATER SUPPLY PURPOSES,"Requirements regarding material, manufacture and workmanship, construction, finish and testiang of pillar taps.",material_standard,pipe,casing pipe; grp pipe; hdpe pipe; pipe; pipes; pvc pipe; steel tube; tube; tubes; water well tube,low,needs_review,
IS 1823: 1980,FLOOR DOOR STOPPERS,"Requirements for floor door stopper suitable for use with door shutters of 30, 35, 40, and 45 mm thickness.",product_standard,door,door; door frame; door frames; doors; shutter; shutters,high,needs_review,
IS 1826: 1961,VENETIAN BLINDS FOR WINDOWS,"Covers material, constructional details, sizes and requirements of open head custom made Venetian blinds made of either wood or metal slats.",material_standard,window,ventilator; ventilators; window; windows,high,needs_review,
IS 1834: 1984,HOT APPLIED SEALING COMPOUNDS,"Specifies hot applied sealing compounds intended for use in sealing joints in concrete roads, runways, bridges and other structures. The material covered by this standard is suitable only for longitudinal and transver...",material_standard,sealant,polysulphide; sealant; sealants; sealing compound,low,needs_review,
IS 1838 (Part 2): 1984,PREFORMED  FILLERS FOR  EXPANSION,"Specifies the materials, manufacture, properties and tests for CNSL aldehyde resin and coconut pith based fillers for expansion joints in concrete roads, runways, bridges and other structures.",material_standard,paint,filler; paint; paints,low,needs_review,
IS 1863: 1979,ROLLED  STEEL BULB FLATS,"Specifies dimenions, sectional properties and dimensional tolerances of hot-rolled steel bulb flats",material_standard,rolled_steel_bulb_flats,,medium,needs_review,
IS 1879: 1987,MALLEABLE CAST IRON PIPE FITTINGS,,other,pipe_fitting,bend; bends; coupler; couplers; fitting; fittings; pipe fitting; pipe fittings; reducer; reducers; saddle piece; saddle pieces; socket; sockets; tee; tees,high,needs_review,
IS 190: 1991,CONIFEROUS SAWN TIMBER,Covers the requirements of coniferous sawn timber (baulks and scantling),material_standard,timber,sawn timber; timber; timbers; wooden sleeper; wooden sleepers,high,needs_review,
IS 1929: 1982,HOT FORGED STEEL RIVETS FOR HOT CLOSING,"Requirements of hot forged solid mild steel and high tensile steel rivets (snap head, flat countersunk head and flat head rivets) for hot closing in the diameter range 12 to 36 mm intended for general engineering purp...",material_standard,rivet,rivet; rivet bar; rivet bars; rivets,high,needs_review,
IS 1948: 1961,"ALUMINIUM DOORS, WINDOWS AND","Requirements regarding material, fabrication and dimensions of aluminium doors, windows and ventilators, manufactured from extruded aluminium alloy sections of standard sizes and designs, complete with fittings, ready...",material_standard,window,ventilator; ventilators; window; windows,high,needs_review,
IS 1949: 1961,ALUMINIUM WINDOWS FOR,Deals with aluminium windows suitable for use in industrial buildings and designed to suit openings based on a module of 10 cm.,other,window,ventilator; ventilators; window; windows,high,needs_review,
IS 1977: 1996,LOW TENSILE STRUCTURAL  STEEL,"Requirements of low carbon steel plates, sections, flats, bars, etc. for general structural purposes in the tensile range of 290 to 470 MPa. 1.1 The steels are equally suitable for bolted and riveted structures and fo...",material_standard,pipe_fitting,bend; bends; coupler; couplers; fitting; fittings; pipe fitting; pipe fittings; reducer; reducers; saddle piece; saddle pieces; socket; sockets; tee; tees,low,needs_review,
IS 2002: 1979,"SAND CAST IRON SPIGOT AND SOCKET SOIL,","1.1 Requirements for sand cast iron spigot and socket soil, waste and ventilating pipes together with details of fittings and accessories. These pipes and fittings are accessories. These pipes and fittings are sutiabl...",product_standard,pipe_fitting,bend; bends; coupler; couplers; fitting; fittings; pipe fitting; pipe fittings; reducer; reducers; saddle piece; saddle pieces; socket; sockets; tee; tees,high,needs_review,
IS 2016: 1967,PLAIN WASHERS,"Requirements for plain washers of the following types : a) Machined washers, for precision and semi- precision grade of general purpose bolts and screws, in diameter range 1.7 to 155 mm. b) Punched washers, Type A, fo...",product_standard,washer,plain washer; washer; washers,high,needs_review,
IS 2036: 1995,PHENOLIC LAMINATED SHEETS,"1.1 Requirements and the methods of sampling and test for phenolic resin bonded laminated sheets of one class in which the mechanical properties in directions A and B are of the same order, with asbestos, woven cotton...",material_standard,thermal_insulation,calcium silicate insulation; expanded polystyrene; fibrous pipe insulation; insulation; mineral wool; rock wool; slag wool; thermal insulating; thermal insulation,low,needs_review,
IS 204 (Part 1): 1991,TOWER BOLTS,Requirements for tower bolts made of ferrous metals.,product_standard,bolt,bolt; bolts; hexagon head bolt; structural bolt,high,needs_review,
IS 204 (Part 2): 1992,TOWER BOLTS,Requirements for tower bolts made of non- ferrous metals.,product_standard,bolt,bolt; bolts; hexagon head bolt; structural bolt,high,needs_review,
IS 2046: 1995,DECORATIVE THERMOSETTING SYNTHETIC,Requirements and the methods of sampling and test for decorative laminated sheets (HPL) classified according to their performance and main recommended fields of application and provides also for materials of special c...,material_standard,glass,glass; glass fiber; glass fibre; glass fibre reinforced,low,needs_review,
IS 205: 1992,NON  FERROUS METAL BUTT HINGES,Requirements for butt hinges made from non-ferrous metals.,product_standard,hinge,butt hinge; butt hinges; hinge; hinges,high,needs_review,
IS 2062: 1999,STEEL FOR GENERAL STRUCTURAL PURPOSES,"Requirements of steel plates, strips, sections, flats, bars, etc, for use in structural work. 1.1 The steels are suitable for welded, bolted and riveted’ structures, and for general engineering purposes. 1.2 Where wel...",material_standard,pipe_fitting,bend; bends; coupler; couplers; fitting; fittings; pipe fitting; pipe fittings; reducer; reducers; saddle piece; saddle pieces; socket; sockets; tee; tees,low,needs_review,
IS 206: 1992,TEE AND STRAP HINGES,Requirements for mild steel Tee and strap hinges that are commonly used in generall building construction.,material_standard,pipe_fitting,bend; bends; coupler; couplers; fitting; fittings; pipe fitting; pipe fittings; reducer; reducers; saddle piece; saddle pieces; socket; sockets; tee; tees,low,needs_review,
IS 207: 1964,GATE AND SHUTTER HOOKS AND EYES,Requirements for gate and shutter hooks and eyes which are commonly used on doors and windows for keeping them in position when kept open.,product_standard,door,door; door frame; door frames; doors; shutter; shutters,high,needs_review,
IS 2086: 1993,CARRIERS AND BASES USED IN REWIRABLE TYPE,Performance requirements and tests as well as dimensions of carriers and bases used in rewirable type electric fuses having a rated current up to and including 100 A meant for alternating current systems of voltages n...,product_standard,thermal_insulation,calcium silicate insulation; expanded polystyrene; fibrous pipe insulation; insulation; mineral wool; rock wool; slag wool; thermal insulating; thermal insulation,low,needs_review,
IS 208: 1996,DOOR HANDLES,"Requirements for materials, manufacture, dimensions and finish of door handles of the type that are commonly fixed to doors.",material_standard,door,door; door frame; door frames; doors; shutter; shutters,high,needs_review,
IS 2090: 1983,HIGH TENSILE STEEL BARS USED IN,Requirements for high tensile steel bars used in prestressed concrete.,material_standard,used_in_prestressed_concrete,,medium,needs_review,
IS 2095 (Part 1): 1996,GYPSUM PLASTER BOARDS,Requirements for gypsum plaster board intended to be used as a vertical or horizontal lining in building. It includes boards manufactured to receive either direct surface decoration or gypsum plaster finishes.,product_standard,board,bamboo mat board; board; boards; coir board; fiber board; fibre board; fibre boards; particle board; plywood; veneered decorative plywood,high,needs_review,
IS 2095 (Part 3): 1996,GYPSUM PLASTER BOARDS,"Covers the method of manufacture, tests and sampling of fibrous gypsum plaster boards and glass fibre reinforced gypsum (GRG) boards for use as a linning material for ceiling, dry surfacing material for walls, door pa...",material_standard,board,bamboo mat board; board; boards; coir board; fiber board; fibre board; fibre boards; particle board; plywood; veneered decorative plywood,low,needs_review,
IS 2096: 1992,ASBESTOS CEMENT FLAT SHEETS,"Requirements regarding, composition, dimension and tests of asbestos cement flat sheets (semi- compressed and fully compressed). These sheets are different from autoclaved silica asbestos cement flat sheets which are...",material_standard,cement,cement; lime pozzolana mixture; lime-pozzolana concrete; masonry cement; ordinary portland cement; portland cement; pozzolana cement; slag cement; white cement,high,needs_review,
IS 2098: 1997,ASBESTOS CEMENT BUILDING BOARDS,"Requirements regarding composition, dimensions, and test of asbestos cement building boards. Asbestos cement flat sheets and silica asbestos cement flat sheets which are different, are not covered in this standard.",material_standard,board,bamboo mat board; board; boards; coir board; fiber board; fibre board; fibre boards; particle board; plywood; veneered decorative plywood,low,needs_review,
IS 2104: 1981,. WATER METER BOXES (DOMESTIC TYPE),"Requirements for materials, dimensions and construction of boxes for water meters of nominal size conforming to IS 779 – 1994*.",material_standard,pipe,casing pipe; grp pipe; hdpe pipe; pipe; pipes; pvc pipe; steel tube; tube; tubes; water well tube,low,needs_review,
IS 2116: 1980,SAND FOR MASONRY MORTARS,"Requirements of naturally occurring sands, crushed stone sands and crushed gravel sands used in mortars for construction of masonry.",product_standard,stone,building stone; polished stone; stone; stones,high,needs_review,
IS 212: 1983,CRUDE COAL TAR FOR GENERAL USE,"Covers the requirements of crude coal tar used for general purposes, such as treatment of wooden poles and sleepers, toilet walls, fishing nets, etc.",product_standard,crude_coal_tar_use,,medium,needs_review,
IS 2140: 1978,STRANDED GALVANIZED STEEL WIRE FOR,"Requirements for galvanized strand fencing wire of 3-ply and 7-ply construction. For detailed information, refer to IS 2140 : 1978 Specifications for stranded galvanized steel wire for fencing (first revision).",material_standard,aggregate,aggregate; aggregates,low,needs_review,
IS 2155: 1982,COLD FORGED SOLID STEEL RIVETS FOR HOT,"Requirements of cold forged solid steel rivets for hot closing in the diameter range 6 to 16 mm, intended for general engineering purposes.",material_standard,rivet,rivet; rivet bar; rivet bars; rivets,high,needs_review,
IS 215: 1995,ROAD TAR,Covers two types of tar each having five grades of road tars with different viscosity ranges suitable for different types of road construction under the climatic conditions prevalling in various parts of the country.,product_standard,waterproofing_membrane,bitumen felt; bitumen felts; water-proofing; waterproofing,low,needs_review,
IS 216: 1961,COAL TAR PITCH,"Requirements for the range of four grades of coal tar pitch from soft to hard consistencies with softening points varying from 45 to 92°C intended for the production of waterproofing, protective and binding compounds...",material_standard,timber,sawn timber; timber; timbers; wooden sleeper; wooden sleepers,low,needs_review,
IS 2180: 1988,HEAVY DUTY BURNT CLAY BUILDING BRICKS,"Requirements for classification, general quality, dimensions and physical proterties of heavy duty burnt clay building bricks.",product_standard,brick,brick; bricks; building brick; building bricks; fly ash brick,high,needs_review,
IS 2185 (Part 1): 1979,CONCRETE MASONRY UNITS,Requirements for the following concrete masonry building units which are used in construction of loadbearing and partition walls: a) Hollow (open and closed cavity) load bearing concrete blocks. b) Hollow (open and cl...,material_standard,block,block; blocks; concrete block; masonry block; masonry blocks,high,needs_review,
IS 2185 (Part 2): 1983,CONCRETE MASONRY UNITS,"Covers the following lightweight concrete masonry building units which are used in the construction of load-bearing and non-load bearing walls: a) Hollow (open and closed cavity) load bearing concrete blocks, b) Hollo...",product_standard,block,block; blocks; concrete block; masonry block; masonry blocks,high,needs_review,
IS 2185 (Part 3): 1984,CONCRETE MASONRY UNITS,"Covers the requirements of autoclaved cellular (aerated) concrete blocks having density up to 1 000 kg/ m3. Note — Autoclaved means team curing of concrete products, sandlime bricks, asbestos cement products, hydrous...",material_standard,block,block; blocks; concrete block; masonry block; masonry blocks,high,needs_review,
IS 218: 1983,CREOSOTE OIL FOR USE AS WOOD,Covers materials commercially known as coal tar creosote (or creosote oil) primarily used for preservation of wood.,material_standard,use_as_wood_preservatives,,medium,needs_review,
IS 2191 (Part 1): 1983,WOODEN FLUSH DOOR SHUTTERS,"Requirements regarding types, sizes, material, construction, workmanship and finish, and tests of cellular and hollow core wooden flush door shutters with face panels of plywood or cross-band and face veneers.",material_standard,door,door; door frame; door frames; doors; shutter; shutters,high,needs_review,
IS 2191 (Part 2): 1983,WOODEN FLUSH DOOR SHUTTERS,"Requirements regarding material, grade, types, sizes, construction, finishes and tests of wooden flush door shutters of cellular and hollow core type with particle board face panels (both veneered and unveneered) and...",material_standard,door,door; door frame; door frames; doors; shutter; shutters,high,needs_review,
IS 2202 (Part 1): 1999,WOODEN FLUSH DOOR SHUTTERS,"Requirements regarding types, sizes, material, consttruction, workmanship and finish, and tests, of solid core wooden flush door shutters with face panels of plywood or cross-band and face veneers.",material_standard,door,door; door frame; door frames; doors; shutter; shutters,high,needs_review,
IS 2202 (Part 2): 1983,WOODEN FLUSH DOOR SHUTTERS,"Requirements regarding material, grade, types, sizes, construction, finishes and tests of wooden flush door shutters of solid core type with particle board face panels (both veneered and unveneered) and hard- board fa...",material_standard,door,door; door frame; door frames; doors; shutter; shutters,high,needs_review,
IS 2209: 1976,MORTICE LOCKS (VERTICAL TYPE),Requirements for mortice locks (vertical type),product_standard,bolt,bolt; bolts; hexagon head bolt; structural bolt,low,needs_review,
IS 2222: 1991,BURNT CLAY PERFORATED BUILDING BRICKS,"Covers the dimensions, quality and physical requirements of perforated burnt clay bricks for use in walls and partitions.",product_standard,brick,brick; bricks; building brick; building bricks; fly ash brick,high,needs_review,
IS 2314: 1986,STEEL SHEET PILLING SECTIONS,"Stipulates dimensions and dimensional tolerances for Z-type , U-type an flat-type profile of hot rolled steel sheet piling sections. Sectional properties of these sections as calculated with the nominal dimensions are...",material_standard,steel_sheet,carbon steel sheet; carbon steel sheets; steel sheet; steel sheets,high,needs_review,
IS 2326: 1987,AUTOMATIC FLUSHING CISTERNS FOR URINALS,"Lays down the materials, nominal sizes, construction, performance requirements and finish for automatic flushing cisterns of the type used for flushing urinals.",material_standard,pipe,casing pipe; grp pipe; hdpe pipe; pipe; pipes; pvc pipe; steel tube; tube; tubes; water well tube,low,needs_review,
IS 2365: 1977,"STEEL WIRE SUSPENSION ROPES FOR LIFTS,","Requirements of steel wire ropes for use with lifts, elevators and hoists having cars or platforms carrying passengers or goods and working in guides. Does not apply to ropes used for winding purposes in mines. Follow...",material_standard,ropes_lifts_elevators_hoists,,medium,needs_review,
IS 2372: 2004,TIMBER FOR COOLING TOWERS,"Covers the species, grades, requirements and treatments for timber used in the construction of cooling towers.",material_standard,timber,sawn timber; timber; timbers; wooden sleeper; wooden sleepers,high,needs_review,
IS 2373: 1981,WATER METERS (BULK TYPE),Covers bulk type water meters of the following types : a) Vane-wheel (impeller) type water meters from 50 to 300 mm ; and b) Helical type water meters from 50 to 500 mm,product_standard,latch,latch; latches; rim latch; rim latches,low,needs_review,
IS 2412: 1975,LINK CLIPS FOR ELECTRICAL WIRING,Requirements and tests for link clips (both joint link clips and link clips with separate linking eyes) for general wiring purpose.,product_standard,pipe_fitting,bend; bends; coupler; couplers; fitting; fittings; pipe fitting; pipe fittings; reducer; reducers; saddle piece; saddle pieces; socket; sockets; tee; tees,low,needs_review,
IS 2501: 1995,SOLID DRAWN COPPER TUBES,1.1 Requirements of solid drawn (seamless)copper tubes for general engineering purposes.,product_standard,pipe,casing pipe; grp pipe; hdpe pipe; pipe; pipes; pvc pipe; steel tube; tube; tubes; water well tube,high,needs_review,
IS 2508: 1984,LOW DENSITY POLYTHYLENE FILMS,"1.1 Requirements and methods of sampling and test for natural and black colour (carbon black pigment) low density polyethylene films intended for packaging, canal lining, agricultural operations and post harvest uses,...",material_standard,low_density_polythylene_films,,medium,needs_review,
IS 2525: 1982,DIMENSION FOR WROUGHT ALUMINIUM AND,Lays down dimensions and tolerances for wrought aluminium alloys in the form of wire.,other,aluminium_aluminium_alloys_wire,,medium,needs_review,
IS 2547 (Part 1): 1976,GYPSUM BUILDING PLASTERS,"Covers the classification and chemical and physical requirements for gypsum building plasters which possess a definite set due to hydration of calcium sulphate, anhydrous or hemihydrate, to form gypsum and are used in...",product_standard,board,bamboo mat board; board; boards; coir board; fiber board; fibre board; fibre boards; particle board; plywood; veneered decorative plywood,low,needs_review,
IS 2547 (Part 2): 1976,GYPSUM BUILDING PLASTER,Requirements for premixed lightweight plaster consisting esentially of gypsum plaster and lightweight aggregate used in general building operations.,product_standard,aggregate,aggregate; aggregates,high,needs_review,
IS 2548 (Part 1): 1996,PLASTIC SEATS AND COVERS FOR,Requirements for thermoplastic seats and covers for water-closets.,product_standard,bolt,bolt; bolts; hexagon head bolt; structural bolt,low,needs_review,
IS 2548 (Part 2): 1996,PLASTIC SEATS AND COVERS FOR,Requirements for thermoplastic seats and covers for water-closets.,product_standard,bolt,bolt; bolts; hexagon head bolt; structural bolt,low,needs_review,
IS 2556 (Part 1): 1994,VITREOUS SANITARY APPLIANCES,"General requirements relating to terminology, material and manufacture, glazing, defects, minimum thickness, tolerance, performance and methods of test for vitreous sanitary appliances covered by various parts of the...",test_method,,,medium,needs_review,
IS 2556 (Part 14): 1994,VITREOUS  SANITARY APPLIANCES,"Requirements for patterns, dimensions and tolerances, construction, finish, tests, inspection and marking for integrated vitreous sqatting pans.",product_standard,pipe_fitting,bend; bends; coupler; couplers; fitting; fittings; pipe fitting; pipe fittings; reducer; reducers; saddle piece; saddle pieces; socket; sockets; tee; tees,low,needs_review,
IS 2556 (Part 2): 1994,VITREOUS SANITARY APPLIANCES,"Requirements for patterns, construction, dimensions and tolerances, finish and marking for vitreous washdown water closets (henceforth referred as WC).",product_standard,vitreous_sanitary_appliances,,medium,needs_review,
IS 2556 (Part 4): 1994,VITREOUS SANITARY  APLLIANCES,"Requirements, patterns and sizes, dimensions and tolerances, construction, finish, sampling and marking provisions for vitreous wash basins.",product_standard,bolt,bolt; bolts; hexagon head bolt; structural bolt,low,needs_review,
IS 2556 (Part 9): 1994,VITREOUS  SANITARY APPLIANCES,"Requirements for patterns, construction,dimensions and tolerances, finish, inspection and marking of pedestal type bidets made of vitreous china.",product_standard,vitreous_sanitary_appliances,,medium,needs_review,
IS 2585: 1968,BLACK SQUARE BOLTS AND NUTS,Requirements for black square bolts and nuts in the diameter range 6 to 39 mm and black square screws in the diameter range 6 to 24 mm.,product_standard,nut,hexagon nut; nut; nuts,low,needs_review,
IS 2645: 2003,INTEGRAL CEMENT WATER-PROOFING,"Requirements for integral cement water- proofing compounds, which shall be assessed by: a) Permeability to water, and b) Physical tests of setting time and compressive strengths of cement mixed with the water-proofing...",material_standard,cement,cement; lime pozzolana mixture; lime-pozzolana concrete; masonry cement; ordinary portland cement; portland cement; pozzolana cement; slag cement; white cement,low,needs_review,
IS 2676: 1981,DIMENSIONS FOR WROUGHT ALUMINIUM AND,"Lays down dimensions and tolerances for wrought aluminium alloys, sheet and strip.",other,aluminium_alloys_sheet_strip,,medium,needs_review,
IS 2677: 1979,DIMENSIONS FOR  WROUGHT ALUMINIUM AND,"Lays down the dimensions and tolerances for wrought aluminium and aluminium alloys, plate and hot-rolled sheets.",other,plates_hot_rolled_sheets,,medium,needs_review,
IS 2678: 1987,DIMENSIONS AND  TOLERANCE FOR WROUGHT,Lays down the dimensions and tolerances for wrought aluminium and aluminium alloy drawn round tube with parallel bore. } } } },other,pipe,casing pipe; grp pipe; hdpe pipe; pipe; pipes; pvc pipe; steel tube; tube; tubes; water well tube,high,needs_review,
IS 2681: 1993,NON-FERROUS METAL SLIDING DOOR BOLTS,"Requirement for non-ferrous metal sliding door bolts (aldrops) commonly used in general building construction for locking doors, gates etc. with padlocks.",other,door,door; door frame; door frames; doors; shutter; shutters,high,needs_review,
IS 2686: 1977,CINDER AS FINE AGGREGATES FOR,Requirements for cinder for use as aggregates in lime concrete.,product_standard,aggregate,aggregate; aggregates,high,needs_review,
IS 2687: 1991,CAP NUTS,"Requirements for cap nuts of product Grade A in the size range M4 to M48 with coarse pitch and fine pitch threads. For detailed information, refer to IS 2687 : 1991. Specification for cap nuts (second revision) Tolera...",material_standard,nut,hexagon nut; nut; nuts,high,needs_review,
IS 2690 (Part 1): 1993,BURNT CLAY–FLAT TERRACING TILES,Requirements for machine-made burnt clay flat terracing tiles.,product_standard,tile,clay roofing country tile; flooring tile; hollow clay tile; lining tile; ridge tile; roofing tile; terracing tile; tile; tiles,high,needs_review,
IS 2690 (Part 2): 1992,BURNT CLAY FLAT TERRACING TILES,Requirements for hand-made burnt clay flat terracing tiles.,product_standard,tile,clay roofing country tile; flooring tile; hollow clay tile; lining tile; ridge tile; roofing tile; terracing tile; tile; tiles,high,needs_review,
IS 2691: 1988,BURNT CLAY FACING BRICKS,"Specifies the dimensions, quality and strength of burnt clay facing bricks used in buildings and other structures.",other,brick,brick; bricks; building brick; building bricks; fly ash brick,high,needs_review,
IS 2692: 1989,FERRULES FOR WATER SERVICES,"Lays down nominal sizes and requirements regarding material, manufactrue and workmanship, construction, sampling and testing of copper alloy screw- down ferrules for use on water supply mains.",material_standard,screw,countersunk screw; hexagon head screw; screw; screws,high,needs_review,
IS 269: 1989,"ORDINARY PORTLAND CEMENT, 33 GRADE",Covers the manufacture and chemical and physical requirements of 33 grade ordinary Portland cement.,material_standard,cement,cement; lime pozzolana mixture; lime-pozzolana concrete; masonry cement; ordinary portland cement; portland cement; pozzolana cement; slag cement; white cement,high,needs_review,
IS 2721: 1979,GALVANIZED STEEL CHAIN  LINK FENCE  FABRIC,"Requirements for galvanized steel chain fence fabric intended for various purposes. This standard does not cover the requirements pertaining to straining posts, struts, base plates and other fittings. *Mild steel wire...",material_standard,pipe_fitting,bend; bends; coupler; couplers; fitting; fittings; pipe fitting; pipe fittings; reducer; reducers; saddle piece; saddle pieces; socket; sockets; tee; tees,high,needs_review,
IS 277: 2003,GALVANIZED STEEL SHEETS,"Requirements of plain galvanized steel sheets and strips coils, and corrugated galvanized sheets.",material_standard,steel_sheet,carbon steel sheet; carbon steel sheets; steel sheet; steel sheets,high,needs_review,
IS 278: 1978,GALVANIZED STEEL BARBED WIRE FOR FENCING,Requirements for two types of galvanized steel barbed wire with two strands of wire.,material_standard,coating,coating; coatings; epoxy coating; water repellent,low,needs_review,
IS 280: 1978,MILD STEEL WIRE FOR GENERAL,Requirement for mild steel wire of sizes 0.125 mm to 12.5 mm diameter for general engineering purposes.,material_standard,pipe_fitting,bend; bends; coupler; couplers; fitting; fittings; pipe fitting; pipe fittings; reducer; reducers; saddle piece; saddle pieces; socket; sockets; tee; tees,low,needs_review,
IS 281: 1991,MILD STEEL SLIDING DOOR BOLTS,"Requirements regarding materials, dimensions, manufacture and finish of mild steel sliding door bolts commonly used in general building constrcution for locking doors, gates, etc, with padlocks.",material_standard,door,door; door frame; door frames; doors; shutter; shutters,high,needs_review,
IS 2835: 1987,FLAT TRANSPARENT SHEET GLASS,"Requirements and methods of sampling and test for flat transparent sheet glass for use in the manufacture of photographic plates, projection slides, silvered glass mirrors, toughened or laminated safety glasses and fo...",product_standard,glass,glass; glass fiber; glass fibre; glass fibre reinforced,high,needs_review,
IS 2849: 1983,NON-LOAD BEARING GYPSUM PARTITION,"Requirements for gypsum partition blocks for use in non-load bearing construction in the interior of buildings and for the protection of columns, elevator shafts, etc, against fire.",product_standard,block,block; blocks; concrete block; masonry block; masonry blocks,high,needs_review,
IS 2907: 1998,NON-FERROUS RIVETS (1.6 TO 10 mm),"Requirements of copper, tinned copper, brass and aluminium rivets in the diameter range of 1mm to 10mm, intended for general engineering purposes.",product_standard,rivet,rivet; rivet bar; rivet bars; rivets,high,needs_review,
IS 2963: 1979,COPPER ALLOY WASTE FITTINGS FOR,"Requirements for materials, manufacture and workmanship, nominal sizes, dimensions and finish of copper alloy waste fittings used in wash-basins and sinks complying with the prescribed standards.",material_standard,pipe_fitting,bend; bends; coupler; couplers; fitting; fittings; pipe fitting; pipe fittings; reducer; reducers; saddle piece; saddle pieces; socket; sockets; tee; tees,low,needs_review,
IS 2998: 1982,COLD FORGED STEEL RIVETS FOR COLD,"Requirements of cold forged rivets, for cold closing in the diameter range 1 to 16 mm, intended for general engineering purposes.",material_standard,rivet,rivet; rivet bar; rivet bars; rivets,high,needs_review,
IS 3004: 1979,PLUG COCKS FOR WATER SUPPLY PURPOSES,"Requirements of plug cocks of 15 mm, 20 mm and 25 mm nominal size with a key head for use underground for water supply purposes up to 1 MPa working pressure.",product_standard,plug_socket,plug; plugs; socket; socket-outlet,high,needs_review,
IS 3006: 1979,CHEMICALLY  RESISTANT GLAZED STONEWARE,"Material and performance equirements for chemically resistant glazed stoneware pipes (straight pipes) and fittings (taper pipes; bends, taper bends; junctions; half section channels; straight and taper ; channel junct...",material_standard,pipe_fitting,bend; bends; coupler; couplers; fitting; fittings; pipe fitting; pipe fittings; reducer; reducers; saddle piece; saddle pieces; socket; sockets; tee; tees,low,needs_review,
IS 3037: 1986,BITUMEN MASTIC FOR USE IN,"Requirements for bitumen mastic suitable for water proofing of roofs. This bitumen mastic is not intended to be used as a paving material or to with stand exceptional conditions, such as acid or alkali actions.",material_standard,waterproofing_membrane,bitumen felt; bitumen felts; water-proofing; waterproofing,high,needs_review,
IS 3063: 1994,FASTENERS-SINGLE COIL RECTANGULAR,Requirements for single coil rectangular section spring lock washers suitable for use with bolt/ nut assemblies involving fasteners of property class 5.8 or less in the size range 2 to 100 mm.,product_standard,washer,plain washer; washer; washers,low,needs_review,
IS 3068: 1986,BROKEN BRICK (BURNT CLAY) COARSE,Requirements for coarse aggregate prepared from broken bricks (burnt clay) for use in lime concrete.,product_standard,brick,brick; bricks; building brick; building bricks; fly ash brick,low,needs_review,
IS 3076: 1985,LOW DENSITY POLYETHYLENE PIPES FOR,Requirements for low density black polyethylene pipes of outside diameters up to 140 mm for use in potable water supplies.,product_standard,pipe,casing pipe; grp pipe; hdpe pipe; pipe; pipes; pvc pipe; steel tube; tube; tubes; water well tube,high,needs_review,
IS 3087: 1985,WOOD PARTICLE BOARDS (MEDIUM DENSITY),"Requirements of medium density wood particle boards for general purposes, having specific grativity in the range 0.5 to 0.9. This standard does not cover veneered particle boards, moulded particle boards, high and low...",product_standard,board,bamboo mat board; board; boards; coir board; fiber board; fibre board; fibre boards; particle board; plywood; veneered decorative plywood,high,needs_review,
IS 3097: 1980,VENEERED PARTICLE BOARDS,"Requirements, such as, grades and types, material, manufacture, dimensions and tests for veneered particle boards.",material_standard,board,bamboo mat board; board; boards; coir board; fiber board; fibre board; fibre boards; particle board; plywood; veneered decorative plywood,high,needs_review,
IS 3115: 1992,LIME BASED BLOCKS,"Covers dimension, quality and strength requirement of lime based blocks (both hollow and solid) used for walls, internal partitions and filler walls.",product_standard,block,block; blocks; concrete block; masonry block; masonry blocks,high,needs_review,
IS 3117: 2004,BITUMEN EMULSION FOR ROADS,Physical and chemical requirements of grades of bitumen emulsion (anionic type) for roads and allied applcations.,product_standard,cement,cement; lime pozzolana mixture; lime-pozzolana concrete; masonry cement; ordinary portland cement; portland cement; pozzolana cement; slag cement; white cement,low,needs_review,
IS 3121: 1981,RIGGING SCREWS AND STRETCHING SCREWS,"Requirements regarding materials, components, dimensions, finishing and tests for rigging screws and stretching screws (double-ended and single- ended) of the following nominal size : a) Rigging screws – M12 to M90 b)...",material_standard,screw,countersunk screw; hexagon head screw; screw; screws,high,needs_review,
IS 3129: 1985,LOW DENSITY PARTICLE BOARDS,Essential requirments of low density particle boards having specific grativity not exceeding 0.4,other,board,bamboo mat board; board; boards; coir board; fiber board; fibre board; fibre boards; particle board; plywood; veneered decorative plywood,high,needs_review,
IS 3182: 1986,BROKEN BRICK (BURNT CLAY),Requirements for broken brick (burnt clay) fine aggregate for use in lime mortar.,product_standard,brick,brick; bricks; building brick; building bricks; fly ash brick,low,needs_review,
IS 3308: 1981,WOOD WOOL BUILDING SLABS,"Requirements regarding dimensions, weight and strength for wood wool building slabs.",product_standard,thermal_insulation,calcium silicate insulation; expanded polystyrene; fibrous pipe insulation; insulation; mineral wool; rock wool; slag wool; thermal insulating; thermal insulation,low,needs_review,
IS 3311: 1979,WASTE PLUG AND ITS ACCESSORIES FOR SINKS,"Requirements for materials, manufacture, construction, testing and finish of waste plug, chain and stay suitable for use in wash-basins and sinks complying IS 771 (Part 2) 1985*, IS 2556 (Part 4): 1994+ *IS 2556 (Part...",material_standard,plug_socket,plug; plugs; socket; socket-outlet,low,needs_review,
IS 3316: 1974,STRUCTURAL GRANITE,"Covers selection, grading and strength requirements of structural granite for the various constructional uses. Note — Granite is a structural and ornamental stone because of its high compressive strength, durability a...",product_standard,stone,building stone; polished stone; stone; stones,high,needs_review,
IS 3337: 1978,BALLIES FOR GENERAL PURPOSES,Covers the requirements of BALLIES used for geneal purposes.,product_standard,timber,sawn timber; timber; timbers; wooden sleeper; wooden sleepers,low,needs_review,
IS 3348: 1965,FIBRE INSULATION BOARD,Requirements for insulating boards made of wood or sugarcane fibre. It also covers the following special types of fibre insulation boards Type of Board Nominal Tolerance on Thickness Thickness mm mm cm cm Fibre insula...,product_standard,board,bamboo mat board; board; boards; coir board; fiber board; fibre board; fibre boards; particle board; plywood; veneered decorative plywood,high,needs_review,
IS 3367: 1993,BURNT CLAY TILES FOR USE IN LINING,"Covers machine-pressed, wire-cut, or hand-made rectangular burnt clay tiles used for lining irrigation canals and for drainage channels (other than sewage works).",product_standard,tile,clay roofing country tile; flooring tile; hollow clay tile; lining tile; ridge tile; roofing tile; terracing tile; tile; tiles,high,needs_review,
IS 3384: 1986,BITUMEN PRIMER FOR USE IN,Covers the requirements for bitumen primer for application to concrete and masonry surfaces and to be used with bitumen in damp-proofing and waterproofing below or above ground level.,product_standard,waterproofing_membrane,bitumen felt; bitumen felts; water-proofing; waterproofing,high,needs_review,
IS 3419: 1989,FITTINGS FOR RIGID NON-METALLIC CONDUITS,"Requirements and methods of test for rigid conduit fittings manufactured from insulating materials for use with circular, rigid, non-flame propagating and non-threadable plain conduits of insulating materials. This st...",test_method,,,high,needs_review,
IS 3438: 1994,SILVERED GLASS MIRRORS FOR GENERAL,Requirements and methods of sampling and test for silvered glass mirrors used for general purposes.,product_standard,glass,glass; glass fiber; glass fibre; glass fibre reinforced,high,needs_review,
IS 3443: 1980,CRANE RAIL SECTION,"Lays down dimensions ,shape and other requirements of crane rail sections.",product_standard,crane_rail_section,,medium,needs_review,
IS 3461: 1980,PVC ASBESTOS FLOOR TILES,Requirements for smooth surfaced homogeneous PVC asbestos floor tiles. Laminated floor tiles and floor tiles having embossed surface are not covered in this standard.,product_standard,tile,clay roofing country tile; flooring tile; hollow clay tile; lining tile; ridge tile; roofing tile; terracing tile; tile; tiles,high,needs_review,
IS 3462: 1986,UNBACKED FLEXIBLE PVC FLOORING,"Requirements of unbacked homogeneous flexible PVC flooring, including laminated",product_standard,tile,clay roofing country tile; flooring tile; hollow clay tile; lining tile; ridge tile; roofing tile; terracing tile; tile; tiles,low,needs_review,
IS 3466: 1988,MASONRY CEMENT,"Requirements for masonry cement to be used for all general purposes where mortars for masonry are required. Masonry cement is, however, not intended for use in structural concrete, for flooring and foundation work or...",material_standard,cement,cement; lime pozzolana mixture; lime-pozzolana concrete; masonry cement; ordinary portland cement; portland cement; pozzolana cement; slag cement; white cement,high,needs_review,
IS 3468: 1991,PIPE NUTS,Requirements for pipe nuts in the size range G 1/8 to G6.,product_standard,nut,hexagon nut; nut; nuts,low,needs_review,
IS 3478: 1966,HIGH DENSITY WOOD PARTICLE BOARDS,Requirements of high density wood particle boards in flat sheet or moulded forms.,test_method,,,high,needs_review,
IS 3480: 1966,FLEXIBLE STEEL CONDUITS FOR,Requirements for flexible steel conduits for protection of cables in electrical installations. Such conduits shall not be used as an earth continuity conductor.,installation,,,medium,needs_review,
IS 3489: 1985,ENAMELLED STEEL BATH TUBS,"Requirements for material, construction and workmanship, patterns, dimensions, tolerances and maintenance for vitreous enamelled steel bath tubs.",material_standard,steel_sheet,carbon steel sheet; carbon steel sheets; steel sheet; steel sheets,low,needs_review,
IS 3502: 1994,STEEL CHEQUERED PLATES,"Requirements for steel chequered plates, having raised figures at regular intervals on one surface of the plate.",material_standard,pipe,casing pipe; grp pipe; hdpe pipe; pipe; pipes; pvc pipe; steel tube; tube; tubes; water well tube,low,needs_review,
IS 3564: 1995,HYDRAULICALLY REGULATED DOOR CLOSER,Requirements for exposed type hydraulically regulated door closers for vertical hinge type doors opening to one side only and weighing more than 80 kg. This does not cover the requirements for concealed type hydraulic...,product_standard,door,door; door frame; door frames; doors; shutter; shutters,high,needs_review,
IS 3583: 1988,BURNT CLAY PAVING BRICKS,"Covers dimensions, quality and strength, and methods of sampling and test for burnt clay paving bricks for use in construction of pavements.",product_standard,brick,brick; bricks; building brick; building bricks; fly ash brick,high,needs_review,
IS 3589: 2001,SEAMLESS OR ELECTRICALLY WELDED STEEL,"Applies to seamless or electric fusion welded, electric resistance welded and induction welded carbon steel pipes for water, gas and sewage of outside diameter from 168.3 to 203 2 mm and having joints with plain or be...",material_standard,pipe,casing pipe; grp pipe; hdpe pipe; pipe; pipes; pvc pipe; steel tube; tube; tubes; water well tube,high,needs_review,
IS 3620: 1979,LATERITE  STONE  BLOCK  FOR  MASONRY,"Requirements for dimensions, physical properties and workmanship of rectangular blocks made from laterite stone, used in the construction of walls and partitions.",product_standard,block,block; blocks; concrete block; masonry block; masonry blocks,low,needs_review,
IS 3622: 1977,SANDSTONE (SLABS AND TILES),"Requirements for dimensions and physical properties of sandstone slabs and tiles for use in flooring, roofing and face work.",product_standard,tile,clay roofing country tile; flooring tile; hollow clay tile; lining tile; ridge tile; roofing tile; terracing tile; tile; tiles,high,needs_review,
IS 3629: 1986,STRUCTURAL TIMBER IN BUILDINGS,"Covers the various requirements of structural timber for use in buildings. It includes classification and grouping of different species of timber, their suitability for permanent and temporary structures, factors affe...",material_standard,timber,sawn timber; timber; timbers; wooden sleeper; wooden sleepers,high,needs_review,
IS 362: 1991,PARLIAMENT HINGES,"Requirements regarding materials, manufactre, finihs. ,marking and packing of parliament hinges.",material_standard,hinge,butt hinge; butt hinges; hinge; hinges,high,needs_review,
IS 363: 1993,HASPS AND STAPLES,"Requirements regarding materials, manufacture, dimensions, manufacture and finish of hasps and staples.",material_standard,hasps_staples,,medium,needs_review,
IS 364: 1993,FAN LIGHT CATCH,"Requirements regarding material, dimensions, manufacture and finish of fan light catches commonly used on ventilators in buildings.",material_standard,window,ventilator; ventilators; window; windows,low,needs_review,
IS 3677: 1985,UNBONDED ROCK AND SLAG WOOL FOR,Requirements and the methods of sampling and test for unbonded rock and slag wool for thermal insulation.,product_standard,thermal_insulation,calcium silicate insulation; expanded polystyrene; fibrous pipe insulation; insulation; mineral wool; rock wool; slag wool; thermal insulating; thermal insulation,high,needs_review,
IS 3709: 1966,MASTIC CEMENT FOR BEDDING OF,"Requirements and methods of sampling and test for mastic cement for bedding of metal windows. The material is intended for application by hand or with a putty knife. It is used for bedding, one metal window into anoth...",material_standard,window,ventilator; ventilators; window; windows,high,needs_review,
IS 3731: 1985,TEAK  SQUARES,Covers the requirements of various grades of teak squares based on defects.,product_standard,timber,sawn timber; timber; timbers; wooden sleeper; wooden sleepers,low,needs_review,
IS 3757: 1985,HIGH STRENGTH STRUCTURAL BOLTS,"Requirements for large series hexagon, high strength structural steel bolts in property classes 8.8 and 10.9 and in the size range M16 to M36 with short thread lengths suitable for use in both friction-type and bearin...",material_standard,bolt,bolt; bolts; hexagon head bolt; structural bolt,high,needs_review,
IS 3818: 1992,CONTINUOUS (PIANO) HINGES,Requirements for continuous (piano) hinges.,product_standard,hinge,butt hinge; butt hinges; hinge; hinges,high,needs_review,
IS 3828: 1966,VENTILATOR CHAINS,Requirements for ventilator chains.,product_standard,window,ventilator; ventilators; window; windows,high,needs_review,
IS 3837: 1976,ACCESSORIES FOR RIGID STEEL CONDUITS FOR,"Material, dimensions and other requirements of accessories (other than fittings) used with rigid steel conduits conforming of IS : 9537 (Part 2) 1981*. Accessories include clips (ordinary), saddles (single and multipl...",material_standard,plug_socket,plug; plugs; socket; socket-outlet,low,needs_review,
IS 383: 1970,COARSE AND FINE AGGREGATES FROM NATURAL,"Requirements for aggregates, crushed or uncrushed, derived from natural sources for use in the production of structural concrete including mass concrete works.",product_standard,aggregate,aggregate; aggregates,high,needs_review,
IS 3843: 1995,STEEL BACK FLAP HINGES,"Covers types and the requirements regarding materials, dimensions, manufacture and finish of steel back flap hinges.",material_standard,hinge,butt hinge; butt hinges; hinge; hinges,high,needs_review,
IS 3847: 1992,MORTICE NIGHT LATCHES,Requirements for mortice night latches for general use.,product_standard,latch,latch; latches; rim latch; rim latches,high,needs_review,
IS 3854: 1997,SWITCHES FOR DOMESTIC AND SIMILAR,1.1 Applies to manually operated general purpose switches with a rated voltage not exceeding 440 Volts and a rated current not exceeding 63A. intended for household and similar fixed electrical installations either in...,installation,,,medium,needs_review,
IS 3908: 1986,ALUMINIUM EQUAL LEG ANGLES,"Cover the material, dimensions and sectional properties of aluminium equal leg angles for structural use and other applications.",material_standard,rod,filler rod; filler rods; rod; rods,low,needs_review,
IS 3909: 1986,ALUMINIUM UNEQUAL LEG ANGLES,"Covers the material, dimensions and sectional properties of aluminium unequal leg angles for structural use and other applications.",material_standard,rod,filler rod; filler rods; rod; rods,low,needs_review,
IS 3921: 1985,ALUMINIUM CHANNELS,"Cover the material, dimensions and sectional properties of aluminium channels for structural use and other applications.",material_standard,channel,channel; channels; l-panel,high,needs_review,
IS 3951 (Part 1): 1975,HOLLOW CLAY TILES FOR,"Requirements for dimensions, quality and strength requirements of hollow clay filler tiles having perforations parallel to their length and intended for use in floors and roofs.",product_standard,tile,clay roofing country tile; flooring tile; hollow clay tile; lining tile; ridge tile; roofing tile; terracing tile; tile; tiles,low,needs_review,
IS 3951 (Part 2): 1975,HOLLOW CLAY TILES FOR,"Requirements for quality, dimensions, bulk density, water absorption and strength requirements of structural hollow clay tiles suitable for floor/roof.",product_standard,tile,clay roofing country tile; flooring tile; hollow clay tile; lining tile; ridge tile; roofing tile; terracing tile; tile; tiles,high,needs_review,
IS 3952: 1988,BURNT CLAY HOLLOW  BRICKS FOR WALLS,"Covers the dimensions, quality and strength requirements of hollow bricks made from burnt clay and having perforations through and at right angle to the bearing surface.",product_standard,brick,brick; bricks; building brick; building bricks; fly ash brick,high,needs_review,
IS 3954: 1991,HOT ROLLED CHANNEL SECTIONS FOR GENERAL,"Lays down the nominal dimensions, mass and sectional properties of hot- rolled steel channel sections for general engineering purpose.",material_standard,channel,channel; channels; l-panel,high,needs_review,
IS 3964: 1980,LIGHT RAILS,Requirements of light rail sections. 2 . Designation — By letters ISLR followed by a figure denoting weight in kg per metre of the rail section.,product_standard,light_rails,,medium,needs_review,
IS 3989: 1984,CENTRIFUGALLY CAST (SPUN) IRON SPIGOT AND,"Requirements for centrifugally cast (spun) iron spigot and socket soil, waste and ventilating pipes together with the details of the fittings and accessories. These pipes and fittings are suitable for use above ground...",product_standard,pipe_fitting,bend; bends; coupler; couplers; fitting; fittings; pipe fitting; pipe fittings; reducer; reducers; saddle piece; saddle pieces; socket; sockets; tee; tees,high,needs_review,
IS 399: 1963,CLASSIFICATION OF COMMERCIAL TIMBERS AND,"Details of the zonal distribution of common commercial timbers of India, classified according to their various uses, and information on the availability of these timbers and on some of their important properties.",material_standard,timber,sawn timber; timber; timbers; wooden sleeper; wooden sleepers,high,needs_review,
IS 4021: 1995,"TIMBER DOOR, WINDOW AND VENTILATOR","Requirements regarding material, construction, workmanship and sizes of timber door, window and ventilator frames generally used in residential and institutional buildings. 1.1 This standard does not cover timber door...",material_standard,window,ventilator; ventilators; window; windows,high,needs_review,
IS 404 (Part 1): 1993,LEAD PIPES – FOR OTHER THAN,Requirements of lead pipes for other than chemical purposes. The lead pipes covered in this standard are not suitable for potable water supply.,product_standard,pipe,casing pipe; grp pipe; hdpe pipe; pipe; pipes; pvc pipe; steel tube; tube; tubes; water well tube,high,needs_review,
IS 407: 1981,BRASS TUBES FORGENERAL PURPOSES,"1.1 Requirement of solid drawn brass tubes for general purposes. Specifies the method of designating tubes by their outside diameter and lays down the permitted tolerances on outside diameter, thickness and length of...",other,pipe,casing pipe; grp pipe; hdpe pipe; pipe; pipes; pvc pipe; steel tube; tube; tubes; water well tube,high,needs_review,
IS 4098: 1983,LIME POZZOLANA MIXTURE,Requirements of lime pozzolana mixture for use in construction works.,product_standard,cement,cement; lime pozzolana mixture; lime-pozzolana concrete; masonry cement; ordinary portland cement; portland cement; pozzolana cement; slag cement; white cement,high,needs_review,
IS 412: 1975,EXPANDED METAL STEEL SHEETS FOR,Requirements for expanded metal steel used for general purposes.,material_standard,steel_sheet,carbon steel sheet; carbon steel sheets; steel sheet; steel sheets,high,needs_review,
IS 4139: 1989,CALCIUM SILICATE BRICKS,"Requirements regarding classification, general quality, dimensions, compressive strength and drying shrikage of calcium silicate bricks used in building.",product_standard,brick,brick; bricks; building brick; building bricks; fly ash brick,high,needs_review,
IS 4160: 1967,INTERLOCKING SWITCH SOCKET OUTLET,"Requirements for interlocking type switch socket outlets, rating up to 30A, suitable for use in ac and dc circuits at rated voltages up to 250 V.",product_standard,plug_socket,plug; plugs; socket; socket-outlet,high,needs_review,
IS 419: 1967,"PUTTY, FOR USE ON WINDOW FRAMES","Requirements, and the methods of sampling and test for putty for use in fixing glass panes on wood and metal frames and for filling splits, cracks and holes in wood or metal.",installation,,,high,needs_review,
IS 423: 1961,PLASTIC WOOD FOR JOINERS FILLER,"Requirements, and methods of test for material commercially known as plastic wood, for joiners fillers. The material is used for filling holes, cracks and other irregularities in wood to produce a smooth surface capab...",test_method,,,high,needs_review,
IS 4270: 2001,STEEL TUBES USED FOR WATER WELLS,"Requirements for steel tubes used for water wells, such as, casing, drive pipe and housing,having the following types of joints a) Screwed and socketed butt joints, b) Screwed flush butt joints, and c) Plain bevelled...",material_standard,pipe,casing pipe; grp pipe; hdpe pipe; pipe; pipes; pvc pipe; steel tube; tube; tubes; water well tube,high,needs_review,
IS 432 (Part 1): 1982,MILD STEEL AND MEDIUM  TENSILE,Requirements of mild steel and medium tensile steel plain bars in round and square sections for use as reinforcement in concrete.,material_standard,pipe_fitting,bend; bends; coupler; couplers; fitting; fittings; pipe fitting; pipe fittings; reducer; reducers; saddle piece; saddle pieces; socket; sockets; tee; tees,low,needs_review,
IS 432 (Part II): 1982,MILD STEEL AND MEDIUM TENSILE STEEL,Requirements of hard-drawn steel wire of medium strength used as reinforcement in concrete.,material_standard,pipe_fitting,bend; bends; coupler; couplers; fitting; fittings; pipe fitting; pipe fittings; reducer; reducers; saddle piece; saddle pieces; socket; sockets; tee; tees,low,needs_review,
IS 4346: 1982,WASHERS  FOR USE WITH FITTINGS FOR WATER,"Requirements of washers for water services suitable for use in bib taps, stop valves, self- closing taps, flush valves, pillar taps and ferrules, covered under respective standards.",product_standard,washer,plain washer; washer; washers,high,needs_review,
IS 4350: 1967,CONCRETE POROUS PIPES FOR UNDER,Requirement for porous pipes made of concrete for use in under drainage. The requirements cover pipes ranging from 80 to 900 mm nominal internal diameter with three types of joints.,product_standard,pipe,casing pipe; grp pipe; hdpe pipe; pipe; pipes; pvc pipe; steel tube; tube; tubes; water well tube,high,needs_review,
IS 4351: 2003,STEEL DOOR FRAMES,"Requirements regarding material, dimensions and construction of steel door frames for internal and external use.",material_standard,door,door; door frame; door frames; doors; shutter; shutters,high,needs_review,
IS 4457: 1982,CERAMIC UNGLAZED VITREOUS ACID,Requirements for ceramic unglazed vitreous acid resisting titles.,product_standard,tile,clay roofing country tile; flooring tile; hollow clay tile; lining tile; ridge tile; roofing tile; terracing tile; tile; tiles,high,needs_review,
IS 452: 1973,DOOR SPRING RAT- TAIL TYPE,"Requirements for materials, dimensions, manufacture, finish and tests for door springs, rat-tail type commonly used in building constrcution.",material_standard,door,door; door frame; door frames; doors; shutter; shutters,high,needs_review,
IS 453: 1993,DOUBLE-ACTING SPRING HINGES,"Requirements for material, dimensions manufacture, finish and tests of double-acting spring hinges and corresponding blank hinges used generally for swing doors.",material_standard,hinge,butt hinge; butt hinges; hinge; hinges,high,needs_review,
IS 454: 1994,CUTBACK  BITUMEN FROM WAXY CRUDE,Covers the physical and chemical requirements of cutbacks bitumen from waxy crude of indigenous origin.,product_standard,bitumen_from_waxy_crude,,medium,needs_review,
IS 455: 1989,PORTLAND SLAG CEMENT,Covers the manufacture and chemical and physical requirements for Portland slag cement.,material_standard,cement,cement; lime pozzolana mixture; lime-pozzolana concrete; masonry cement; ordinary portland cement; portland cement; pozzolana cement; slag cement; white cement,high,needs_review,
IS 458: 2003,PRECAST CONCRETE PIPES (WITH AND,"Requirements for reinforced and unreinforced precast cement concrete pipes, of both pressure and non- pressure varieties used for water mains, sewers, culverts and irrigation. The requirements for collars are also cov...",material_standard,pipe,casing pipe; grp pipe; hdpe pipe; pipe; pipes; pvc pipe; steel tube; tube; tubes; water well tube,high,needs_review,
IS 459: 1992,CORRUGATED AND SEMI-CORRUGATED ASBESTOS,"Covers corrugated and semi-corrigutated asbestos cement sheets, designed to provide structural weather exposed surfaces of roofs and building walls of industrial, residential, agricultural commercial and institutional...",material_standard,cement,cement; lime pozzolana mixture; lime-pozzolana concrete; masonry cement; ordinary portland cement; portland cement; pozzolana cement; slag cement; white cement,high,needs_review,
IS 4615: 1968,SWITCH SOCKET-OUTLETS,Requirements for switch socket-outlets of the non-interlocking type of the surface and flush type (shuttered and non-shuttered) having ratings up to 30 A and suitable for use on ac and dc circuits at rated voltage not...,product_standard,plug_socket,plug; plugs; socket; socket-outlet,low,needs_review,
IS 4621: 1975,INDICATING BOLT FOR USE IN  PUBLIC BATHS,Requirements for indicating bolts for use in public baths and lavatories.,product_standard,bolt,bolt; bolts; hexagon head bolt; structural bolt,high,needs_review,
IS 4649: 1968,ADAPTORS FOR FLEXIBLE STEEL CONDUITS,Requirements for adaptors of clamp and solid types for flexible steel conduits intended for the protection of cables in electrical installations. Adaptors are used for connecting flexible metallic conduits to a rigid...,installation,,,high,needs_review,
IS 4671: 1984,EXPANDED POLYSTYRENE FOR THERMAL,"Requirements and the methods of sampling and test for expanded polystyrene in the form of rough shapes, finished boards and blocks, and pipe sections / segments for thermal insulation primarily for use in refrigeratio...",product_standard,thermal_insulation,calcium silicate insulation; expanded polystyrene; fibrous pipe insulation; insulation; mineral wool; rock wool; slag wool; thermal insulating; thermal insulation,high,needs_review,
IS 4762: 1984,WORM DRIVE CLAMPS FOR GENERAL PURPOSE,Requirements for worm drive hose clamps for general purposes.,product_standard,pipe_fitting,bend; bends; coupler; couplers; fitting; fittings; pipe fitting; pipe fittings; reducer; reducers; saddle piece; saddle pieces; socket; sockets; tee; tees,low,needs_review,
IS 4832 (Part 1): 1969,CHEMICAL RESISTANT MORTARS,Requirements for chemically setting silicate type of chemical resistant mortars for bonding chemical resistant mansonry units. Such mortars are resistant to most type of acids except hydrofluoric acid and concentrated...,test_method,,,low,needs_review,
IS 4832 (Part 2): 1969,CHEMICAL RESISTANT MORTARS,Requirements of resin type chemical resistant mortars for bonding chemical resistant masonry units. Such mortars have good resistance to non-oxidizing mineral acid and poor resistance to oxidizing mineral acid. Fairly...,product_standard,tile,clay roofing country tile; flooring tile; hollow clay tile; lining tile; ridge tile; roofing tile; terracing tile; tile; tiles,low,needs_review,
IS 4832 (Part 3): 1968,CHEMICAL RESISTANT MORTARS,"Requirements of sulphur type chemical resistant mortars for bonding chemical resistant masonry units. Note — Such mortars have good resistance against most of the acids except concentrated oxidizing acids, but have po...",product_standard,tile,clay roofing country tile; flooring tile; hollow clay tile; lining tile; ridge tile; roofing tile; terracing tile; tile; tiles,low,needs_review,
IS 4860: 1968,ACID – RESISTANT BRICKS,"Requirements of acid-resistant bricks. Such bricks are designed primarily, for use in chemical allied industries and are used in masonry, flooring, etc, subject to acid attack, lining of sewers carrying industrial eff...",product_standard,brick,brick; bricks; building brick; building bricks; fly ash brick,high,needs_review,
IS 4885: 1988,SEWER BRICKS,"Specifies dimensions, quality and strength, and methods of sampling and test for burnt clay sewer bricks used for sewers of sanitary (domestic) sewage.",other,brick,brick; bricks; building brick; building bricks; fly ash brick,high,needs_review,
IS 4891: 1988,PREFERRED CUT SIZES OF  STRUCTURAL TIMBER,"Covers preferred cut sizes of timber for use in the following units: a) Roof trusses, b) Roof purlins, rafters, floor beams, etc; c) Partitions framing, covering; d) Centering; and e) Door / window/ventilators",material_standard,timber,sawn timber; timber; timbers; wooden sleeper; wooden sleepers,high,needs_review,
IS 4895: 1985,TEAK LOGS,Covers the requiremens of various grades of teak logs intended for conversion purposes. It does not cover the requirements of teak logs for veneering purposes.,product_standard,timber,sawn timber; timber; timbers; wooden sleeper; wooden sleepers,low,needs_review,
IS 4923: 1997,HOLLOW STEEL SECTIONS  FOR STRUCTURAL,Requirements for hot and cold formed square and rectangular hollow steel sections for structural use. Section 1 General Requirements,material_standard,steel_section,flange steel section; steel section; steel sections; tee bar; tee bars,high,needs_review,
IS 4948: 2002,WELDED STEEL WIRE FABRIC,"Requirements for welded wire fabric for general use, such as fencing, window grill and crates. Not intended to cover fabric for concrete reinforcement.",material_standard,wire_fabric,steel wire fabric; wire fabric,high,needs_review,
IS 4962: 1968,WOODEN SIDE SLIDING DOORS,"Requirements regarding material, type, shape fabrication, assembly and finish of wooden side sliding doors (of the straight sliding type), its gear components and fittings.",material_standard,door,door; door frame; door frames; doors; shutter; shutters,high,needs_review,
IS 4972: 1968,RESISTANCE SPOT – WELDING ELECTRODES,"Code numbers (in metric units), dimensional requirements, and physical and mechanical properties for a series of spot-welding electrodes, cap electrodes and shanks, mainly intented for resistance spot welding of ferro...",product_standard,electrode,electrode; electrodes,high,needs_review,
IS 4984: 1995,HIGH DENSITY POLYETHYLENE PIPES,"Requirements for high density polyethylene pipes from 16 mm to 1000 mm nominal diameter of pressure rating from 0.25 MPa to 1.6 MPa in material grades of PE 63, PE 80, and PE 100, for use for buried water mains and se...",material_standard,pipe,casing pipe; grp pipe; hdpe pipe; pipe; pipes; pvc pipe; steel tube; tube; tubes; water well tube,high,needs_review,
IS 4985: 2000,UNPLASTICIZED PVC PIPES FOR POTABLE,1.1 Requirements for plain end as well as socket end pipes including those for use with electronic sealing rings. 1.2 This standard does not cover unplasticized PVC pipes use in suction and delivery lines of agricultu...,product_standard,pipe,casing pipe; grp pipe; hdpe pipe; pipe; pipes; pvc pipe; steel tube; tube; tubes; water well tube,high,needs_review,
IS 4990: 1993,PLYWOOD FOR CONCRETE SHUTTERING WORK,Requirements of plywood for concrete shuttering and form work.,product_standard,board,bamboo mat board; board; boards; coir board; fiber board; fibre board; fibre boards; particle board; plywood; veneered decorative plywood,high,needs_review,
IS 4992: 1975,DOOR HANDLES FOR MORTICE LOCKS,Requirements for door handles for operation of mortice locks (vertical type) covered in IS 2209 : 1976.*,product_standard,door,door; door frame; door frames; doors; shutter; shutters,high,needs_review,
IS 4996: 1984,REINFORCED CONCRETE FENCE POSTS,"Requirements for reinforced concrete fence posts for general purposes. Recommendations for the provisions of wire holes and their spacing, as well as the erection of post-and-wire fence have also been included. Reinfo...",product_standard,reinforced_concrete_fence_posts,,medium,needs_review,
IS 513: 1994,COLD ROLLED LOW CARBON STEEL,Requirements of cold rolled low carbon steel sheets and strips for bending and drawing purpose and where the surface is of prime importance. It covers sheets and strips up to 4 mm thick both in coil form and cut lengths.,material_standard,steel_sheet,carbon steel sheet; carbon steel sheets; steel sheet; steel sheets,high,needs_review,
IS 5187: 1972,FLUSH BOLTS,Requirements for flush bolts for use in cupboards and doors,product_standard,bolt,bolt; bolts; hexagon head bolt; structural bolt,high,needs_review,
IS 5219: 1969,CAST COPPER ALLOYS TRAPS,"Covers copper alloy cast traps P and S types and their associated components of nominal sizes 32 mm, 40 mm and 50 mm for use in wash–basins, sinks, bath tubs and similar waste appliances.",product_standard,sink,sink; sinks,low,needs_review,
IS 5246: 2000,CONIFEROUS LOGS,"Covers the requirements of three grades of coniferous logs, that is, Grade 1, Grade 2 and Grade 3, for conversion into timber.",material_standard,timber,sawn timber; timber; timbers; wooden sleeper; wooden sleepers,high,needs_review,
IS 5312 (Part 1): 2004,SWING  CHECK  TYPE  REFLUX,"Requirements for flanged reflux valves of single door, swing check type used for water works purposes of sizes 50 to 600 mm.",product_standard,valve,air relief valve; check valve; non return valve; non-return valve; pressure reducing valve; reflux valve; sluice valve; stop valve; valve; valves,low,needs_review,
IS 5312 (Part 2): 1986,SWING  CHECK  TYPE  REFLUX,"Requirements for flanged reflux valves of multi-door, swing check type used for water works purpose of sizes from 400 to 1200 mm.",product_standard,door,door; door frame; door frames; doors; shutter; shutters,low,needs_review,
IS 5317: 2002,BITUMEN MASTIC FOR  BRIDGE,Requirements for bitumen mastic used as a surfacing material for bridge decks and roads.,material_standard,aggregate,aggregate; aggregates,low,needs_review,
IS 5369: 1975,GENERAL REQUIREMENTS FOR PLAIN WASHERS,"General requirements and permissible deviation for plain washers, lock washers and similar parts.",product_standard,washer,plain washer; washer; washers,high,needs_review,
IS 5372: 1975,TAPER WASHERS FOR CHANNELS (ISMC),Requirements for taper washers for use with Indian Standard Medium Weight Channels (ISMC) with bolts in diameter range of 10 to 39 mm.,product_standard,washer,plain washer; washer; washers,low,needs_review,
IS 5373: 1969,SQUARE WASHERS FOR WOOD FASTENINGS,Requirements for square washers intended for use in wood fastenings with bolts in diameter range 10 to 52 mm.,product_standard,bolt,bolt; bolts; hexagon head bolt; structural bolt,low,needs_review,
IS 5374: 1975,TAPER WASHERS FOR I-BEAMS (ISMB),Requirements for taper washers for use with Indian Standard Medium Weight Beams (ISMB) with bolts of 10 mm to 39 mm diameter.,product_standard,washer,plain washer; washer; washers,high,needs_review,
IS 5382: 1985,RUBBER SEALIG RINGS FOR GAS,"Requirements for materials used for vulcanized solid rubber sealing rings for water supply and drainage systems, drain pipes, sewers and rainwater pipes, all at ambient temerature including gas connections. It covers...",material_standard,pipe,casing pipe; grp pipe; hdpe pipe; pipe; pipes; pvc pipe; steel tube; tube; tubes; water well tube,low,needs_review,
IS 5384: 1985,ALUMINIUM   I–BEAM,"Covers the material, dimensions and sectional properties of aluminium I- beam sections for structural use and other applications.",material_standard,rod,filler rod; filler rods; rod; rods,low,needs_review,
IS 5437: 1994,"FIGURED, ROLLED AND WIRED GLASS","Requirements and methods of sampling and test for figured, rolled and wired glass.",product_standard,glass,glass; glass fiber; glass fibre; glass fibre reinforced,high,needs_review,
IS 5455: 1969,CAST IRON STEPS FOR MANHOLES,Requirements for cast iron steps for manholes.,product_standard,nut,hexagon nut; nut; nuts,low,needs_review,
IS 5504: 1997,SPIRAL WELDED PIPES,Requirements of spiral seam welded steel pipe over 457 mm dia and upto 2000 mm dia with wall thickness upto 12.5 mm inclusive. The pipe is intended for general use. The suitability of pipe for various purposes is depe...,material_standard,pipe,casing pipe; grp pipe; hdpe pipe; pipe; pipes; pvc pipe; steel tube; tube; tubes; water well tube,high,needs_review,
IS 5509: 2000,FIRE RETARDANT PLYWOOD,"Covers the fire retardant chemicals, method of treatment, retentions and requirements of fire retardant plywood.",product_standard,board,bamboo mat board; board; boards; coir board; fiber board; fibre board; fibre boards; particle board; plywood; veneered decorative plywood,high,needs_review,
IS 5511: 1991,COVERED ELECTRODES FOR MANUAL METAL,Specifies a system of classification and coding and covers requirements for covered electrodes for manual metal arc welding of cast iron.,product_standard,electrode,electrode; electrodes,high,needs_review,
IS 5531: 1988,CAST IRON SPECIALS FOR  ASBESTOS CEMENT,"Requirements for cast iron specials to be used with asbestos cement pressure pipes for water, gas and sewage. 1.2 Applicable to cast iron specials for use with asbestos cement pressure pipes suitable for connection wi...",material_standard,pipe,casing pipe; grp pipe; hdpe pipe; pipe; pipes; pvc pipe; steel tube; tube; tubes; water well tube,low,needs_review,
IS 5539: 1969,PRESERVATIVE TREATED PLYWOOD,"Treatment of plywood for protection against fungi, termites and other insects and marine borers and requiremments of preservatives treated plywood.",other,board,bamboo mat board; board; boards; coir board; fiber board; fibre board; fibre boards; particle board; plywood; veneered decorative plywood,high,needs_review,
IS 5624: 1993,FOUNDATION BOLTS,Requirements for foundation bolts in the size range M8 to M72.,product_standard,bolt,bolt; bolts; hexagon head bolt; structural bolt,high,needs_review,
IS 5751: 1984,PRECAST  CONCRETE COPING BLOCKS,"Requirements for precast concrete coping blocks, giving details of materials for manufacture, workmanship, functional requirements and essential dimensions to meet them. Note—The blocks serve as defence against entry...",material_standard,block,block; blocks; concrete block; masonry block; masonry blocks,high,needs_review,
IS 5758: 1984,PRECAST CONCRETE KERBS,"Requirements of precast concrete units for kerbs, channels, edgings, quadrants and gutter aprons in a range of sections, for use in carriageways and footways.",product_standard,channel,channel; channels; l-panel,high,needs_review,
IS 5779: 1986,BURNT CLAY SOLING BRICKS,"Requirements for dimensions, general quality and physical properties for burnt clay bricks for use in soling of roads.",product_standard,brick,brick; bricks; building brick; building bricks; fly ash brick,high,needs_review,
IS 5820: 1970,PRECAST CONCRETE CABLE COVERS,Requirements for reinforced and unreinforced precast concrete for covering cables.,product_standard,w_length_width_t,,medium,needs_review,
IS 5871: 1987,BITUMEN MASTIC FOR,"Requirements for bitumen mastic used as covering material for damp-proofing of underground tanks, basements of building, water reservoirs, swimming pools, irrigation canals, etc.",material_standard,aggregate,aggregate; aggregates,low,needs_review,
IS 5897: 1985,ALUMINIUM AND ALUMINIUM ALLOY WELDING,1.1 Requirements of bare solid filler rods and wires for welding aluminium and aluminium alloys and filler rods for welding magnesium alloys by inert gas tungsten arc welding (TIG) or gas metal arc welding (MIG) proce...,product_standard,rod,filler rod; filler rods; rod; rods,high,needs_review,
IS 5898: 1970,COPPER AND COPPER ALLOY BARE SOLID,"1.1 Requirements of bare solid filler rods and wires for welding copper and copper alloys by inert-gas arc process, that is, inert-gas tungsten arc welding (TIG) or gas metal-arc welding (MIG). The chemical compositio...",product_standard,rod,filler rod; filler rods; rod; rods,high,needs_review,
IS 5899: 1970,BATH ROOM LATCHES,"Requirements for material, size and finish of bathroom latches.",material_standard,latch,latch; latches; rim latch; rim latches,high,needs_review,
IS 5930: 1970,MORTICE LATCH,"Requirements for mortice latches for use on doors, such as bath room doors, W.C. doors and doors to private rooms.",product_standard,latch,latch; latches; rim latch; rim latches,high,needs_review,
IS 5961: 1970,CAST IRON GRATING FOR DRAINAGE PURPOSES,Requirements for cast iron gratings for use in drainage works.,product_standard,coating,coating; coatings; epoxy coating; water repellent,low,needs_review,
IS 6003: 1983,INDENTED WIRE FOR PRESTRESSED CONCRETE,"Requirements for manufacture, supply and testing of intended hard-drawn and stress-relieved wire for use in prestressed concrete.",product_standard,pipe_fitting,bend; bends; coupler; couplers; fitting; fittings; pipe fitting; pipe fittings; reducer; reducers; saddle piece; saddle pieces; socket; sockets; tee; tees,low,needs_review,
IS 6006: 1983,UNCOATED STRESS RELIEVED STRAND FOR,"Requirements for manufacture, supply and testing of uncoated, stress relieved, high tensile steel strands for use in prestressed concrete. The following types of strands are covered: a) Two wire strand b) Three wire s...",material_standard,relieved_strand_prestressed_concrete,,medium,needs_review,
IS 6056: 1970,JOINTED WOOD POLES FOR  OVERHEAD,"Covers the specification of jointed wood poles made of both broad leaved, and coniferous species of timber, grown in India, and suitable for carrying overhead electric power transmission lines, telephone and telegraph...",material_standard,timber,sawn timber; timber; timbers; wooden sleeper; wooden sleepers,high,needs_review,
IS 6072: 1971,AUTOCLAVED REINFORCED CELLULAR,"Requirements for autoclaved reinforced cellular concrete wall slabs, having density above 450 and up to 1 000 kg/m3.",product_standard,cement,cement; lime pozzolana mixture; lime-pozzolana concrete; masonry cement; ordinary portland cement; portland cement; pozzolana cement; slag cement; white cement,low,needs_review,
IS 6073: 1971,AUTOCLAVED REINFORCED CELLULAR,Requirements for autoclaved reinforced cellular concrete floor and roof having density above 450 and up to 1 000 kg/m3,product_standard,cement,cement; lime pozzolana mixture; lime-pozzolana concrete; masonry cement; ordinary portland cement; portland cement; pozzolana cement; slag cement; white cement,low,needs_review,
IS 6113: 1970,ALUMINIUM FASTENERS FOR BUILDING,"Requirements for J-type hook bolts and nuts, mushroom head seam bolts and nuts, and washers of aluminium for roofing sheets.",material_standard,bolt,bolt; bolts; hexagon head bolt; structural bolt,high,needs_review,
IS 6163: 1978,CENTRIFUGALLY CAST (SPUN) IRON LOW,"Requirements for centrifugally cast (spun) iron low pressure pipes, known as LP pipes, for conveyance of water, gas and sewage, manufactured in metal or sand moulds. 1.2 This standard is applicable to cast iron pipes...",product_standard,pipe,casing pipe; grp pipe; hdpe pipe; pipe; pipes; pvc pipe; steel tube; tube; tubes; water well tube,high,needs_review,
IS 6165: 1992,DIMENSIONS FOR SPECIAL SHAPES OF CLAY,Dimensions for special shapes of clay brick used in building and other civil engineering construction. It does not lay down the specification of the special shapes for clay bricks and same shall conform to IS 1077:199...,product_standard,brick,brick; bricks; building brick; building bricks; fly ash brick,high,needs_review,
IS 6198: 1992,"LEDGED, BRACED AND BATTENED TIMBER DOOR","Requirements regarding material, sizes, construction, workmanship and finish of ledged, braced and battened timber door shutters.",material_standard,door,door; door frame; door frames; doors; shutter; shutters,high,needs_review,
IS 6248: 1979,METAL ROLLING SHUTTERS AND ROLLING,"Requirements regarding mateials, fabrication and finish of metal rolling shutters and rolling grills for normal use. Note – Since the term ‘rolling shutters’ is more commonly used, the reference in this standard is ma...",product_standard,door,door; door frame; door frames; doors; shutter; shutters,high,needs_review,
IS 6250: 1981,ROOFING SLATE TILES,"Requirements of dimensions, physical properties and workmanship of slate tiles used for sloped roof covering. Requirements in regard to method of laying and fixing of slate tiles for roofing covered in IS 5119 (Part 1...",installation,,,high,needs_review,
IS 6286: 1971,SEAMLESS AND WELDED STEEL PIPE FOR,Requirements for 4 grades of seamless and electric welded steel pipe for conveying fluids at sub-zero temperature.,material_standard,pipe,casing pipe; grp pipe; hdpe pipe; pipe; pipes; pvc pipe; steel tube; tube; tubes; water well tube,high,needs_review,
IS 6307: 1985,RIGID PVC SHEETS,"Requirements and methods of sampling and test for rigid PVC sheets of 0.10 to 12.5 mm in thickness, manufactured by calendering, extrusion or calendering followed by lamination.",product_standard,rigid_pvc_sheets,,medium,needs_review,
IS 6315: 1992,FLOOR SPRINGS (HYDRAULICALLY  REGULATED),Requuirements for concealed type floor springs (hydraulically regulated) for vertical doors weighing not more than 125 kg. In case of doors consisting of more than one leaf the weight of each leaf shall not exceed 125...,other,door,door; door frame; door frames; doors; shutter; shutters,high,needs_review,
IS 6318: 1971,PLASTIC WINDOW STAYS AND FASTENERS,Lays down performance and functional requirements of window stays made of polypropylene and fasteners (handles) made of nylon.,product_standard,fastener,fastener; fasteners; stay; stays,high,needs_review,
IS 6343: 1982,DOOR CLOSERS (PNEUMATICALLY REGULATED),Requirements for door closers (pneumatically regulated) for use on light doors weighing up to 40 kg.,product_standard,door,door; door frame; door frames; doors; shutter; shutters,high,needs_review,
IS 638: 1979,SHEET RUBBER JOINTING AND RUBBER,"Requirements and the methods of sampling and test for sheet rubber jointing and rubber insertion jointing for use between flanges and similar joints subjected to water pressure, air pressure or low pressure steam. Not...",product_standard,pipe_fitting,bend; bends; coupler; couplers; fitting; fittings; pipe fitting; pipe fittings; reducer; reducers; saddle piece; saddle pieces; socket; sockets; tee; tees,low,needs_review,
IS 6418: 1971,CAST IRON AND MALLEABLE CAST IRON,"1.1 Covers grey cast iron and malleable cast iron flanges for general engineering purposes, which shall be applicable from 0 to 300°C for oil, water, steam, compressed air, gases and other non-corrosive fluids.",material_standard,bolt,bolt; bolts; hexagon head bolt; structural bolt,low,needs_review,
IS 6445: 1985,ALUMINIUM TEE - SECTIONS,"Covers the material, dimensions and sectional properties of aluminium tee – sections for structural use and other applications.",material_standard,pipe_fitting,bend; bends; coupler; couplers; fitting; fittings; pipe fitting; pipe fittings; reducer; reducers; saddle piece; saddle pieces; socket; sockets; tee; tees,high,needs_review,
IS 6452: 1989,HIGH ALUMINA CEMENT FOR STRUCTURAL USE,Manufacture of high alumina cement (HAC) and specific requirements for its use as a structural building material in the colder regions of our country (continuously 18°C and below). Its use as a refractory cement is no...,material_standard,cement,cement; lime pozzolana mixture; lime-pozzolana concrete; masonry cement; ordinary portland cement; portland cement; pozzolana cement; slag cement; white cement,high,needs_review,
IS 651: 1992,SALT GLAZED STONEWARE PIPES AND FITTINGS,"Covers dimensions and performance requirements for the following glazed stoneware pipes and fittings— Straight pipes and taper pipes; Bends; Taper bend; Junctions; Half-section channels, straight and taper; Channel ju...",product_standard,pipe_fitting,bend; bends; coupler; couplers; fitting; fittings; pipe fitting; pipe fittings; reducer; reducers; saddle piece; saddle pieces; socket; sockets; tee; tees,high,needs_review,
IS 6523: 1983,PRECAST REINFORCED CONCRETE DOOR,Requirements for precast reinforced concrete door and window frames. Use of such frames is recommended to be restricted to a maximum opening width of 2.25 m.,product_standard,door,door; door frame; door frames; doors; shutter; shutters,low,needs_review,
IS 6538: 1971,THREE-PIN PLUGS MADE OF RESILIENTMATERIAL,"Requirements and tests for three-pin (two - pole and earthing-pin) plugs having the base and cover, or either of these components, constructed of rubber or other suitable resilient material and suitable for use in ac...",material_standard,plug_socket,plug; plugs; socket; socket-outlet,high,needs_review,
IS 653: 1992,LINOLEUM SHEET  AND TILES,Requirements of linoleum manufactured as sheets or tiles on a hessian backing and used as floor covering. Note — This standard does not include jute canvas as backing material.,material_standard,tile,clay roofing country tile; flooring tile; hollow clay tile; lining tile; ridge tile; roofing tile; terracing tile; tile; tiles,high,needs_review,
IS 654: 1992,"CLAY ROOFING TILES, MANGALORE PATTERN",Covers the machine-pressed clay interlocking roofing tiles of the ‘Mangalore Pattern.’,product_standard,tile,clay roofing country tile; flooring tile; hollow clay tile; lining tile; ridge tile; roofing tile; terracing tile; tile; tiles,high,needs_review,
IS 6560: 1996,MOLYBDENUM AND CHROMIUM-MOLYBDENUM,"1.1 Requirements of solid filler rods and wires for welding. It covers molybdenum and chromium molybdenum low alloy steel rods and wires for use in inert-gas tungsten arc welding (TIG), gas metal arc welding (MIG) or...",material_standard,rod,filler rod; filler rods; rod; rods,high,needs_review,
IS 6579: 1981,COARSE AGGREGATE FOR WATER BOUND,"Specifies the quality, physical properties and grading of coarse aggregates suitable for use in",other,aggregate,aggregate; aggregates,high,needs_review,
IS 6598: 1972,CELLULAR CONCRETE FOR THERMAL INSULATION,Requirements and the methods of sampling and test for cellular concrete for thermal linsulation. Note – Cellular concrete (formed by producing gas or air bubbles in a cement or cement-sand slurry) is a versatile const...,material_standard,thermal_insulation,calcium silicate insulation; expanded polystyrene; fibrous pipe insulation; insulation; mineral wool; rock wool; slag wool; thermal insulating; thermal insulation,high,needs_review,
IS 6607: 1972,REBATED MORTICE LOCKS (VERTICAL TYPE),Requirements for rebated mortice locks suitable for use on double leaf doors with rebated meeting stiles.,product_standard,door,door; door frame; door frames; doors; shutter; shutters,high,needs_review,
IS 6610: 1972,HEAVY WASHERS FOR STEEL STRUCTURES,Requirements for heavy washers for use in steel structures in the diameter range 14 to 42 mm. Nominal Tolerance on Outer Dia Tolerance Thickness Suitable for Size Size on Outer Bolt Size (Diameter) Dia 14 +0.43 24 -1....,material_standard,washer,plain washer; washer; washers,high,needs_review,
IS 6623: 2004,HIGH STRENGTH STRUCTURAL NUTS,"Requirements for large series hexagon, high strength structural steel nuts in property classes 8 and 10 and in the size range M16 to M36 suitable for use in both friction-type and bearing-type structural steel connect...",material_standard,nut,hexagon nut; nut; nuts,high,needs_review,
IS 6639: 1972,HEXAGON BOLTS FOR STEEL STRUCTURES,Requirements for hexagon bolts in the size range 12 to 39 mm for steel structures.,material_standard,bolt,bolt; bolts; hexagon head bolt; structural bolt,high,needs_review,
IS 6649: 1985,HARDENED AND TEMPERED WASHERS FOR HIGH,"Requirements for through hardened and tempered steel washers intended for assembly with large series hexagon, high strength structural bolts and nuts in the size range M16 to M36.",material_standard,bolt,bolt; bolts; hexagon head bolt; structural bolt,low,needs_review,
IS 6733: 1972,WALL AND ROOFING NAILS,Requirements of wall and roofing nails.,product_standard,pipe_fitting,bend; bends; coupler; couplers; fitting; fittings; pipe fitting; pipe fittings; reducer; reducers; saddle piece; saddle pieces; socket; sockets; tee; tees,low,needs_review,
IS 6736: 1972,SLOTTED RAISED COUNTERSUNK HEAD,Requirements for slotted raised countersunk head wood screws.,product_standard,screw,countersunk screw; hexagon head screw; screw; screws,high,needs_review,
IS 6739: 1972,SLOTTED ROUND HEAD WOOD SCREWS,Requirements for slotted round head wood screws.,product_standard,screw,countersunk screw; hexagon head screw; screw; screws,high,needs_review,
IS 6760: 1972,SLOTTED COUNTERSUNK HEAD WOOD SCREWS,Requirements for slotted countersunk head wood screws.,product_standard,screw,countersunk screw; hexagon head screw; screw; screws,high,needs_review,
IS 6908: 1991,ASBESTOS CEMENT PIPES AND FITTINGS FOR,"Requirements for asbestos-cement pipes and fittings suitable for use with gravity flow at atmosopheric pressure, intended for sewerage and drain- age application.",material_standard,pipe_fitting,bend; bends; coupler; couplers; fitting; fittings; pipe fitting; pipe fittings; reducer; reducers; saddle piece; saddle pieces; socket; sockets; tee; tees,low,needs_review,
IS 6909: 1990,SUPERSULPHATED CEMENT,"Requirements for composition, manufacture and testing of supersulphated cement (SSC).",material_standard,cement,cement; lime pozzolana mixture; lime-pozzolana concrete; masonry cement; ordinary portland cement; portland cement; pozzolana cement; slag cement; white cement,high,needs_review,
IS 694: 1990,PVC INSULATED CABLE FOR WORKING VOLTAGES,1.1 Requirements and tests for the following types of unarmoured PVC insulated cables with copper or aluminium conductors and flexible cords with copper conductors for electric power and lighting (including cables for...,product_standard,pipe_fitting,bend; bends; coupler; couplers; fitting; fittings; pipe fitting; pipe fittings; reducer; reducers; saddle piece; saddle pieces; socket; sockets; tee; tees,low,needs_review,
IS 702: 1988,INDUSTRIAL BITUMEN,Covers the physical and chemical requirements of industrial bitumen for use in buildings and other indusrtrial purposes.,product_standard,industrial_bitumen,,medium,needs_review,
IS 7098 (Part 1): 1988,CROSSLINKED POLYETHYLENE,"1.1 Requirements for both armoured and unarmoured single, twin, three, four and multi-core cross–linked polyethylene (XLPE) insulated and PVC sheathed cables for electric supply and control purpose. 1.2 The cables cov...",product_standard,thermal_insulation,calcium silicate insulation; expanded polystyrene; fibrous pipe insulation; insulation; mineral wool; rock wool; slag wool; thermal insulating; thermal insulation,low,needs_review,
IS 712: 1984,BUILDING LIMES,Requirements for building limes used for construction purpose.,product_standard,building_limes,,medium,needs_review,
IS 7181: 1986,HORIZONTALLY CAST IRON DOUBLE FLANGED,"Requirements for double flanged cast iron pipes of Class B only up to dn 750 for pressure main lines of water, gas and sewage manufactured by horizontal castings in sand moulds.",product_standard,pipe,casing pipe; grp pipe; hdpe pipe; pipe; pipes; pvc pipe; steel tube; tube; tubes; water well tube,high,needs_review,
IS 7193: 1974,GLASS FIBRE BASE BITUMEN FELTS,Requirements for self finished glass fibre bitumen felts used for waterproofing and damp proofing. Note — Glass fibre base bitumen felts are suitable for water- proofing and damp-proofing in buildings and other situat...,product_standard,glass,glass; glass fiber; glass fibre; glass fibre reinforced,high,needs_review,
IS 7196: 1974,HOLD FAST,Requirements for mild steel hold fasts for use with wooden doors and window frames.,material_standard,door,door; door frame; door frames; doors; shutter; shutters,low,needs_review,
IS 7197: 1974,DOUBLE ACTION  FLOOR SPRINGS,"Requirements for concealed type floor springs (without oil check) for vertical doors weighing not more than 125 kg. For doors having more than one leaf, the weight of each leaf shall not exceed 125 kg.",product_standard,door,door; door frame; door frames; doors; shutter; shutters,high,needs_review,
IS 7226: 1974,"COLD–ROLLED MEDIUM, HIGH CARBON AND LOW","Requirements for cold-rolled medium, and high carbon and low alloy steel strips of thickness up to 3 mm and width up to 330 mm intended for general engineering purposes.",material_standard,steel_strip,carbon steel strip; carbon steel strips; steel strip; steel strips,high,needs_review,
IS 7231: 1994,PLASTIC FLUSHING CISTERNS FOR WATER,"Requirements for manually operated high- level and low-level plastic flushing cisterns of capacities 5 litres and 10 litres, both single flush and dual-flush types, for water-closets, squatting pans and urinals.",product_standard,pipe,casing pipe; grp pipe; hdpe pipe; pipe; pipes; pvc pipe; steel tube; tube; tubes; water well tube,low,needs_review,
IS 723: 1972,STEEL COUNTER SUNK HEAD WIRE NAILS,Requirements of steel countersunk head wire nails.,material_standard,pipe_fitting,bend; bends; coupler; couplers; fitting; fittings; pipe fitting; pipe fittings; reducer; reducers; saddle piece; saddle pieces; socket; sockets; tee; tees,low,needs_review,
IS 724: 1964,"MILD STEEL AND BRASS CUP, RULER AND SQUARE","Requirements for mild steel and brass cup, ruler and square hooks and screw eyes.",material_standard,screw,countersunk screw; hexagon head screw; screw; screws,high,needs_review,
IS 725: 1961,COPPER WIRE NAILS,"Covers the following types of copper wire nails: a) Rose-head boat nails, square shank, square point. b) Countersunk-head boat nails, square shank, sharp square point. c) Countersunk-head boat nails, square shank, rou...",product_standard,coating,coating; coatings; epoxy coating; water repellent,low,needs_review,
IS 7280: 1974,BARE WIRE ELECTRODES FOR SUBMERGED ARC,Requirements of solid filler wires for submerged arc welding of structural steels (28-50 kgf/mm2 yield strength and 34-70 kgf/mm2 ultimate tensile strength). Note – This standard is intended to serve as a guide for th...,material_standard,paint,filler; paint; paints,low,needs_review,
IS 7308: 1999,NON-CONIFEROUS LOGS,"Covers the requirements of three grades of non-coniferous logs, for conversion into sawn timber.",material_standard,timber,sawn timber; timber; timbers; wooden sleeper; wooden sleepers,high,needs_review,
IS 730: 1978,HOOK BOLTS FOR CORRUGATED SHEET ROOFING,Requirements for hook bolts for corrugated sheet roofing.,product_standard,bolt,bolt; bolts; hexagon head bolt; structural bolt,low,needs_review,
IS 7316: 1974,DECORATIVE PLYWOOD USING PLURALITY,"Covers decorative plywood with ornamental faces produced by use of plurality of veneers meant for decorative use, such as interior panelling of buildings, buses, ships, etc. and for decorative furniture of all types.",product_standard,board,bamboo mat board; board; boards; coir board; fiber board; fibre board; fibre boards; particle board; plywood; veneered decorative plywood,high,needs_review,
IS 7319: 1974,PERFORATED CONCRETE PIPES,Requirements for perforated non-re- inforced concrete pipes for use in underdrainage work Note— Reinforced cement concrete perforated concrete pipes may be supplied by mutual agreement between the purchaser and the su...,material_standard,pipe,casing pipe; grp pipe; hdpe pipe; pipe; pipes; pvc pipe; steel tube; tube; tubes; water well tube,high,needs_review,
IS 7322: 1985,SPECIALS FOR STEEL CYLINDER REINFORCED,Requirements and methods of tests for steel cylinder reinforced concrete specials for steel cylinder reinforced concrete pipes conforming to IS 1916 : 1989* having nominal internal diameter from 200 to 1800mm. Covers...,test_method,,,high,needs_review,
IS 733: 1983,WROUGHT ALUMINIUM AND ALUMINIUM,"Requirements for wrought aluminium and aluminium alloy bars, rods and sections for general engineering purposes.",product_standard,rod,filler rod; filler rods; rod; rods,high,needs_review,
IS 736: 1986,WROUGHT ALUMINIUM AND ALUMINIUM ALLOY,Requirements for wrought aluminium and aluminium alloy plates for general engineering purpose.,product_standard,pipe_fitting,bend; bends; coupler; couplers; fitting; fittings; pipe fitting; pipe fittings; reducer; reducers; saddle piece; saddle pieces; socket; sockets; tee; tees,low,needs_review,
IS 737: 1986,WROUGHT ALUMINIUM AND ALUMINIUM ALLOY,Requirements for wrought aluminium and aluminium alloy sheet and strip for general engineering purposes.,product_standard,pipe_fitting,bend; bends; coupler; couplers; fitting; fittings; pipe fitting; pipe fittings; reducer; reducers; saddle piece; saddle pieces; socket; sockets; tee; tees,low,needs_review,
IS 738: 1994,WROUGHT ALUMINIUM AND ITS ALLOYS-DRAWN,Requirements of wrought aluminium and aluminium alloy drawn tubes of round cross-section for general engineering purposes.,product_standard,pipe,casing pipe; grp pipe; hdpe pipe; pipe; pipes; pvc pipe; steel tube; tube; tubes; water well tube,high,needs_review,
IS 739: 1992,WROUGHT ALUMINIUM AND ALUMINIUM,Requirements of wrought aluminium and aluminium alloy wire for general engineering purposes.,product_standard,rivet,rivet; rivet bar; rivet bars; rivets,low,needs_review,
IS 73: 1992,PAVING BITUMEN,"Covers physical and chemical requirements of paving bitumens for use in roadways, runways and allied constructions.",product_standard,paving_bitumen,,medium,needs_review,
IS 740: 1977,WROUGHT ALUMINIUM ALLOY RIVET STOCK FOR,Requirements for wrought aluminium and aluminium alloys rivet stock for general engineering purposes.,product_standard,rivet,rivet; rivet bar; rivet bars; rivets,high,needs_review,
IS 7452: 1990,"HOT ROLLED STEEL SECTIONS FOR DOORS,","Requirements regarding materials, nominal dimension and mass, dimensional and mass tolerances, surface finish and packing for hot rolled steel sections used for doors, windows, ventilators and sashes.",material_standard,window,ventilator; ventilators; window; windows,high,needs_review,
IS 7509: 1993,THERMAL INSULATING CEMENT,Requirements and the methods of sampling and test for thermal linsulating cements for use at temperatures up to 950ºC.,material_standard,thermal_insulation,calcium silicate insulation; expanded polystyrene; fibrous pipe insulation; insulation; mineral wool; rock wool; slag wool; thermal insulating; thermal insulation,high,needs_review,
IS 7534: 1985,SLIDING LOCKING BOLTS FOR USE WITH,"Requirements regarding materials, dimensions, manufacture and finish of sliding locking bolts commonly used for locking doors, gates, etc. with padlocks.",material_standard,bolt,bolt; bolts; hexagon head bolt; structural bolt,high,needs_review,
IS 7540: 1974,MORTICE DEAD  LOCKS,Requirements for mortice dead locks. Note – Mortice dead locks have a single bolt which is shot and withdrawn by means of key (from either side) providing reasonable degree of security. Being lock for occasional rathe...,product_standard,bolt,bolt; bolts; hexagon head bolt; structural bolt,low,needs_review,
IS 7556: 1988,BURNT CLAY  JALLIES,"Covers dimensions, quality and strength requirement of burnt clay jallies having perforations of ornamental designs. Note — Burnt clay jallies are suitable for providing a screen on Verandah, Construction of parapet o...",product_standard,burnt_clay_jallies,,medium,needs_review,
IS 771 (Part 1): 1979,GLAZED FIRE–CLAY SANITARY,"General requirements for materials, manufacture, finish, methods of test, sampling and inspection of all glazed fire-clay sanitary appliances.",test_method,,,medium,needs_review,
IS 771 (Part 2): 1985,GLAZED FIRE – CLAY SANITARY,"Lays down the pattern and sizes, construction, dimensions and tolerances of kitchen and laboratory sinks made of fire-clay.",product_standard,sink,sink; sinks,high,needs_review,
IS 771 (Part 5): 1979,"GLAZED FIRE  CLAY APPLIANCES,","Lays down the pattern, size, construction, dimensions, tolerances and finsh of shower trays made of fire-clay.",product_standard,clay_appliances_shower_trays,,medium,needs_review,
IS 771 (Part 7): 1981,GLAZED FIRE CLAY SANITARY,"Lays down the pattern, sizes, construction, dimensions, tolerances of slop sinks made of fire-clay.",product_standard,sink,sink; sinks,high,needs_review,
IS 772: 1973,GENERAL  REQUIREMENT FOR ENAMELLED CAST,"General requirement of material, thickness, warpage, enamelling, acid and alkali resistance, inspection rules and marking, for enamelled cast iron sanitary appliance like water-closets and commodes.",material_standard,window,ventilator; ventilators; window; windows,low,needs_review,
IS 773: 1988,"ENAMELLED CAST IRON WATER–CLOSETS,","Requirements for material, workmanship, manufacture, dimensions and finish of enamelled cast iron-railway type water-closets generally used in the coaching stock of the Indian Railways.",material_standard,pipe,casing pipe; grp pipe; hdpe pipe; pipe; pipes; pvc pipe; steel tube; tube; tubes; water well tube,low,needs_review,
IS 774: 2004,FLUSHING CISTERNS FOR WATER-CLOSETS,"Requirements for manually-operated high- level and low-level flushing cisterns of capacities 5 litres and 10 litres , both single flush and dual flush types and 6/3 litres capacity duat flush cisterns, for water-close...",product_standard,pipe,casing pipe; grp pipe; hdpe pipe; pipe; pipes; pvc pipe; steel tube; tube; tubes; water well tube,high,needs_review,
IS 775: 1970,CAST IRON BRACKETS AND SUPPORTS,"Requirements regarding material, construction, workmanship dimensions, weights and finish of cast iron brackets and supports for wash basins and sinks.",material_standard,sink,sink; sinks,high,needs_review,
IS 778: 1984,"COPPER ALLOY  GATE, GLOBE AND CHECK VALVES","Requirements of copper alloy gate, globe and check valves of nominal sizes 8 to 100 mm suitable for working temperatures up to 450 C and non shock working pressure up to 16 MPa, for water works purposes. This standard...",product_standard,valve,air relief valve; check valve; non return valve; non-return valve; pressure reducing valve; reflux valve; sluice valve; stop valve; valve; valves,high,needs_review,
IS 779: 1994,WATER METERS (DOMESTIC  TYPE),"Covers terminology, construction, technical characteristics, metrological characteristics and other requirements of water meters with threaded end connections of size up to and including 50 mm, having nominal flow rat...",terminology,,,medium,needs_review,
IS 781: 1984,CASTCOPPER ALLOYSCREW DOWN BIB TAPS,Requirements for copper alloy screw down bib taps and stop valves suitable for cold non- shock working pressure up to 1.0 MPa. Bib taps shall have screwed male inlet. Stop valves shall have screwed female end or male...,product_standard,valve,air relief valve; check valve; non return valve; non-return valve; pressure reducing valve; reflux valve; sluice valve; stop valve; valve; valves,low,needs_review,
IS 782: 1978,CAULKING LEAD,Requirements for different types of caulking lead suitable for use in water supply and sanitary installations.,installation,,,low,needs_review,
IS 7834 (Part 2): 1987,INJECTION MOULDED PVC SOCKET,"Requirements for manufacture, dimensions, tolerances and marking for 45° elbows made of injection moulded PVC for water supplies.",material_standard,pipe_fitting,bend; bends; coupler; couplers; fitting; fittings; pipe fitting; pipe fittings; reducer; reducers; saddle piece; saddle pieces; socket; sockets; tee; tees,high,needs_review,
IS 7834 (Part 3): 1987,– INJECTION MOULDED PVC SOCKET,"Requirements for manufacture, dimensions, tolerances and marking for 900 elbows made of injections moulded PVC for water supplies.",material_standard,pipe_fitting,bend; bends; coupler; couplers; fitting; fittings; pipe fitting; pipe fittings; reducer; reducers; saddle piece; saddle pieces; socket; sockets; tee; tees,high,needs_review,
IS 7834 (Part 4): 1987,– INJECTION MOULDED PVC SOCKET,"Requirements for manufacture, dimensions, tolerances and marking for 900 tee made of injection moulded PVC for water supplies.",material_standard,pipe_fitting,bend; bends; coupler; couplers; fitting; fittings; pipe fitting; pipe fittings; reducer; reducers; saddle piece; saddle pieces; socket; sockets; tee; tees,high,needs_review,
IS 7834 (Part 5): 1987,– INJECTION MOULDED PVC SOCKET,"Requirements for manufacture, dimensions, tolerances and marking for 450 tees made of injections moulded PVC for water supplies.",material_standard,pipe_fitting,bend; bends; coupler; couplers; fitting; fittings; pipe fitting; pipe fittings; reducer; reducers; saddle piece; saddle pieces; socket; sockets; tee; tees,high,needs_review,
IS 7834 (Part 6): 1987,INJECTION MOULDING PVC SOCKET FITTINGS,"Requirements for manufacture, dimensions, tolerances and marking for sockets made of injections moulded PVC for water supplies.",material_standard,pipe_fitting,bend; bends; coupler; couplers; fitting; fittings; pipe fitting; pipe fittings; reducer; reducers; saddle piece; saddle pieces; socket; sockets; tee; tees,high,needs_review,
IS 7834 (Part 7): 1987,INJECTION MOULDED PVC SOCKET,"Requirements for manufacture, dimensions, tolerances and marking for union made of injections moulded PVC for water supplies.",material_standard,pipe_fitting,bend; bends; coupler; couplers; fitting; fittings; pipe fitting; pipe fittings; reducer; reducers; saddle piece; saddle pieces; socket; sockets; tee; tees,low,needs_review,
IS 7834 (Part 8): 1987,- INJECTION MOULDED PVC SOCKET,"Requirements for manufacture, dimensions, tolerances and marking for caps made of injections moulded PVC for water supplies. Note— For General requirements,refer to IS 7834 (Part 1) 1987. For detailed information, ref...",material_standard,pipe_fitting,bend; bends; coupler; couplers; fitting; fittings; pipe fitting; pipe fittings; reducer; reducers; saddle piece; saddle pieces; socket; sockets; tee; tees,high,needs_review,
IS 7834: 1987,INJECTION MOULDED PVC SOCKET FITTINGS,"General requirements regarding materials, manufacture, methods of test, inspection and marking of all types of injection moulded PVC socket fittings intended for connection, by using solvent cement, to",test_method,,,high,needs_review,
IS 784: 2001,PRESTRESSED CONCRETE PIPES,"Requirements of prestressed concrete cylinder and non- cylinder pipes (including specials) with nominal internal diameter in the range of 200 mm to 2 500 mm, in which permanent internal stresses are deliberately intro...",material_standard,pipe,casing pipe; grp pipe; hdpe pipe; pipe; pipes; pvc pipe; steel tube; tube; tubes; water well tube,high,needs_review,
IS 7887: 1992,MILD STEEL WIRE ROD FOR GENERAL,Requirements of hot-rolled mild steel wire rods in coils or straightened and cut lengths.,material_standard,rod,filler rod; filler rods; rod; rods,high,needs_review,
IS 8008 (Part 1): 2003,INJECTION MOULDED HIGH DENSITY,"General requirements for materials, manufacture, methods of test and inspection and marking of all types of injection moulded HDPE pipes covered by IS 4984:1995* for potable water supplies.",test_method,,,high,needs_review,
IS 8008 (Part 2): 2003,INJECTION MOULDED HIGH DENSITY,"Requirements for manufacture, dimensions and tolerances, and marking for injection moulded andh macined HOPE 90° bends for portable water supplies.",product_standard,pipe_fitting,bend; bends; coupler; couplers; fitting; fittings; pipe fitting; pipe fittings; reducer; reducers; saddle piece; saddle pieces; socket; sockets; tee; tees,high,needs_review,
IS 8008 (Part 3): 2003,INJECTION MOULDED HIGH DENSITY,"Requirements for manufacture, dimensions and tolerances, and marking for injection moulded and machined HDPE 90° tees for portable water supplies.",product_standard,pipe_fitting,bend; bends; coupler; couplers; fitting; fittings; pipe fitting; pipe fittings; reducer; reducers; saddle piece; saddle pieces; socket; sockets; tee; tees,high,needs_review,
IS 8008 (Part 4): 2003,INJECTION MOULDED HIGH DENSITY,"Requirements for manufacture, dimensions and tolerances, and marking for injection moulded and machined HDPE reducers for potable water supplies.",product_standard,pipe_fitting,bend; bends; coupler; couplers; fitting; fittings; pipe fitting; pipe fittings; reducer; reducers; saddle piece; saddle pieces; socket; sockets; tee; tees,high,needs_review,
IS 8008 (Part 5): 2003,INJECTION MOULDED HIGH DENSITY,"Requirements for manufacture, dimensions and tolerances, and marking, for injection moulded made of HDPE ferrule reducers for potable water supplies.",product_standard,pipe_fitting,bend; bends; coupler; couplers; fitting; fittings; pipe fitting; pipe fittings; reducer; reducers; saddle piece; saddle pieces; socket; sockets; tee; tees,high,needs_review,
IS 8008 (Part 6): 2003,INJECTION MOULDED HIGH DENSITY,"1.1 Requirements for manufacture, dimensions and tolerances, and marking for injection moulded and machined HDPE pipe ends for potable water supplies.",product_standard,pipe,casing pipe; grp pipe; hdpe pipe; pipe; pipes; pvc pipe; steel tube; tube; tubes; water well tube,high,needs_review,
IS 8008 (Part 7): 2003,INJECTION MOULDED HIGH DENSITY,"Requirements for manufacture, dimensions and tolerances, and marking for injection moulded and machine moulded HDFE sandwich flanges Note — For general requirements regarding material, manufacture, methods of test, et...",test_method,,,high,needs_review,
IS 8033: 1976,WASHERS WITH SQUARE HOLE FOR WOOD,Requirements for washers with square hole for use in wood fastenings with bolts in dia range 6 to 24 mm.,product_standard,washer,plain washer; washer; washers,high,needs_review,
IS 8041: 1990,RAPID HARDENING PORTLAND CEMENT,1.1 Manufacture and chemical and physical requirements of rapid hardening Portland cement. Note —The term ‘rapid hardening’ should not be confused with 'quick- setting.’,material_standard,cement,cement; lime pozzolana mixture; lime-pozzolana concrete; masonry cement; ordinary portland cement; portland cement; pozzolana cement; slag cement; white cement,high,needs_review,
IS 8042: 1989,WHITE  PORTLAND CEMENT,1.1 Manufacture and chemical and physical requirements of white Portland cement. Note–White Portland cement is generally used for architectural and decorative purposes and is generally meant for non- structural use. I...,material_standard,cement,cement; lime pozzolana mixture; lime-pozzolana concrete; masonry cement; ordinary portland cement; portland cement; pozzolana cement; slag cement; white cement,high,needs_review,
IS 8043: 1991,HYDROPHOBIC PORTLAND CEMENT,Manufacture and chemical and physical requirements of hydrophobic Portland cement. Note—Hydrophobic cement deteriorates very little during prolonged storage under unfavourable conditions. This cement is obtained by in...,material_standard,cement,cement; lime pozzolana mixture; lime-pozzolana concrete; masonry cement; ordinary portland cement; portland cement; pozzolana cement; slag cement; white cement,high,needs_review,
IS 804: 1967,RECTANGULAR PRESSED STEEL TANKS,"Requirements for the materials, fabrication, erection and supply for rectangular pressed steel tanks used for the storage of cold and hot water and certain other liquids under pressure not greater than the static head...",material_standard,water_tank,tank; water tank; water tanks,high,needs_review,
IS 8081: 1976,SLOTTED SECTIONS,"1.1 This standard covers the requirements, such as materials, workmanship, finish, strength tests, general design provisions, tolerances on dimensions and marking for slotted sections. 1.2 This standard does not apply...",material_standard,steel_section,flange steel section; steel section; steel sections; tee bar; tee bars,high,needs_review,
IS 808: 1989,"DIMENSIONS FOR HOT ROLLED STEELBEAM,","Covers the nominal dimensions, and sectional properties of hot rolled sloping flange beam and column sections, sloping and parallel flange channel sections and equal and unequal leg angle sections.",material_standard,channel,channel; channels; l-panel,high,needs_review,
IS 809: 1992,RUBBER FLOORING MATERIALS,"Lays down the composition, minimum requirements, workmanship and prescribes tests for rubber flooring material suitable for covering floors of domestic and public buildings, cinemas, hospitals, large stores, ships, tr...",material_standard,waterproofing_membrane,bitumen felt; bitumen felts; water-proofing; waterproofing,low,needs_review,
IS 8112: 1989,43 GRADE ORDINARY PORTLAND CEMENT,"Manufacture, chemical and physical requirements of 43 grade ordinary Portland cement. Note—This specification covers the requirements of ordinary Portland Cement for uses such as manufacture of prestressed concrete ra...",material_standard,cement,cement; lime pozzolana mixture; lime-pozzolana concrete; masonry cement; ordinary portland cement; portland cement; pozzolana cement; slag cement; white cement,high,needs_review,
IS 811: 1987,COLD FORMED LIGHT GAUGE STRUCTURAL STEEL,"Lays down dimensions mass, sectional properties and requirements for corrosion protection for cold formed light guage open wall steel sections for structural and other general applications, having minimum thickness of...",material_standard,steel_section,flange steel section; steel section; steel sections; tee bar; tee bars,high,needs_review,
IS 814: 2004,COVERED ELECTRODES FOR MANUAL METAL ARC,"Requirements for covered carbon and carbon manganese steel electrodes for carbon and carbon manganese steel, including hydrogen controlled electrodes for manual metal arc welding of mild and medium tensile steels incl...",material_standard,electrode,electrode; electrodes,high,needs_review,
IS 8154: 1993,PREORMED CALCIUM SILICATE INSULATION,Requirements and the methods of sampling and test for performed calcium silicate insulation intended for use on surface which reach temperatures upto 6500C.,product_standard,thermal_insulation,calcium silicate insulation; expanded polystyrene; fibrous pipe insulation; insulation; mineral wool; rock wool; slag wool; thermal insulating; thermal insulation,high,needs_review,
IS 8183: 1993,BONDED MINERAL WOOL,Requirements and the methods of sampling and test for bonded mineral wool for thermal insulation.,product_standard,thermal_insulation,calcium silicate insulation; expanded polystyrene; fibrous pipe insulation; insulation; mineral wool; rock wool; slag wool; thermal insulating; thermal insulation,high,needs_review,
IS 8272: 1984,GYPSUM PLASTER FOR USE IN THE,Requirements and the methods of sampling and tests for calcined gypsum plaster used in manufacturing fibrous plaster boards covered in IS 8273:1984*. Note — Gypsum building plasters are used extensively for general bu...,product_standard,board,bamboo mat board; board; boards; coir board; fiber board; fibre board; fibre boards; particle board; plywood; veneered decorative plywood,high,needs_review,
IS 8329: 2000,CENTRIFUGALLY CAST (SPUN) DUCTILE IRON,"Specifies the requirements and associated test methods applicable to ductile iron pipes manufactured in metal (lined or unlined) or sand moulds and their joints for the construction of pipe lines : — to convey water,...",test_method,,,high,needs_review,
IS 8360 (Part 1): 1977,FABRICATED HIGH DENSITY,"General requirements for material, sizes, performance requirements, sampling and marking of all types of fabricated HDPE fittings intended for connection to HDPE pipes covered by IS 4984 :1995* for potable water suppl...",material_standard,pipe_fitting,bend; bends; coupler; couplers; fitting; fittings; pipe fitting; pipe fittings; reducer; reducers; saddle piece; saddle pieces; socket; sockets; tee; tees,low,needs_review,
IS 8360 (Part 2): 1977,FABRICATED HIGH DENSITY,"Requirements for manufacture, dimensions and tolerances and marking for fabricated HDPE 90° tees for potable water supplies.",product_standard,pipe_fitting,bend; bends; coupler; couplers; fitting; fittings; pipe fitting; pipe fittings; reducer; reducers; saddle piece; saddle pieces; socket; sockets; tee; tees,high,needs_review,
IS 8360 (Part 3): 1977,FABRICATED HIGH  DENSITY POLYETHYLENE,"1.1 Requirements for manufacture, dimensions and tolerances and marking for fabricated HDPE 90° bends for potable water supplies.",product_standard,pipe_fitting,bend; bends; coupler; couplers; fitting; fittings; pipe fitting; pipe fittings; reducer; reducers; saddle piece; saddle pieces; socket; sockets; tee; tees,high,needs_review,
IS 8363: 1976,BARE WIRE ELECTRODES FOR ELECTROSLAG,Requirements of solid bare wire electrodes for electroslag welding of carbon and low alloy steels. Note. – This standard is intended to serve as a guide for the manufacturer and selection of bare wire electrodes for e...,material_standard,electrode,electrode; electrodes,high,needs_review,
IS 8374: 1977,"BITUMEN MASTIC, ANTI-STATIC AND","Requirements of bitumen mastic for anti-static and electrically conducting grade. Note —In locations where it is necessary to take precautionary measures against the accumulation of static electricity, flooring should...",product_standard,aggregate,aggregate; aggregates,low,needs_review,
IS 8412: 1977,SLOTTED COUNTERSUNK HEAD BOLTS FOR,Requirements of slotted countersunk head bolts for steel structures in the dia range 10 to 24 mm.,material_standard,bolt,bolt; bolts; hexagon head bolt; structural bolt,high,needs_review,
IS 849: 1994,COLD SETTING CASE IN GLUE FOR WOOD,"Requirements for cold setting casein glue used in the wood panel industry, wood-work and joinery industry.",product_standard,adhesive,adhesive; adhesives,low,needs_review,
IS 8500: 1991,STRUCTURAL  STEEL- MICRO ALLOYED,Requirements of microalloyed steels of different strength levels for use in structural work. The steels may be suitable for other application also.,material_standard,pipe_fitting,bend; bends; coupler; couplers; fitting; fittings; pipe fitting; pipe fittings; reducer; reducers; saddle piece; saddle pieces; socket; sockets; tee; tees,low,needs_review,
IS 851: 1978,SYNTHETIC RESIN ADHESIVES FOR CONSTRUCTION,Requirements for synthetic resin adhesives suitable for wood work (non-structural) and joinery.,product_standard,adhesive,adhesive; adhesives,high,needs_review,
IS 852: 1994,ANIMAL GLUE FOR GENERAL WOOD-WORKING,Requirements of animal glue for general wood-working purposes.,product_standard,board,bamboo mat board; board; boards; coir board; fiber board; fibre board; fibre boards; particle board; plywood; veneered decorative plywood,low,needs_review,
IS 8718: 1978,VITREOUS ENAMELLED STEELKITCHEN SINKS,"Requirmements regading material construction and workmanship, patterns and sizes, dimensions and tolerance and marking for vitreous enamelled steel kitchen sinks. Sl. Pattem Overall Overall OverallDepth (in mm) No. le...",material_standard,sink,sink; sinks,high,needs_review,
IS 8727: 1978,VITREOUS  ENAMELLED STEEL WASH–BASINS,"Requirements regarding material, construction and workmanship, patterns and sizes, dimansions and tolerances and marking for vitreous enamelled steel wash basins.",test_method,,,medium,needs_review,
IS 875 (Part 1): 1987,CODE OF PRACTICE FOR DESIGN  LOADS,"Covers unit weight mass of materials, and parts or components in a building that apply to the determination of dead loads in the design of buildings. The unit weight mass of materials that are likely to be stored in a...",code_of_practice,,,medium,needs_review,
IS 8760: 1978,MORTICE  SLIDING  DOOR LOCKS,Requirements for mortice sliding door locks having lever mechanism.,product_standard,door,door; door frame; door frames; doors; shutter; shutters,high,needs_review,
IS 876: 1992,WOOD POLES  FOR OVER HEAD POWER,"Covers wood poles made of both broad leaved and coniferous species of timber and suitable for carrying overhead electric power transmission lines, telephone and telegraph circuits.",material_standard,timber,sawn timber; timber; timbers; wooden sleeper; wooden sleepers,high,needs_review,
IS 8794: 1988,CAST IRON DETACHABLE JOINTS  FOR USE WITH,Requirements for cast iron detachable joints to be used with asbestos cement pressure pipes conforming to IS 1592 : 1989*.,material_standard,pipe,casing pipe; grp pipe; hdpe pipe; pipe; pipes; pvc pipe; steel tube; tube; tubes; water well tube,low,needs_review,
IS 8828: 1996,/IEC 898 (1995) CIRCUIT BREAKERS FOR,"Applies to A.C. air-break circuit-breakers for operation at 50 Hz or 60 Hz, having a rated voltage not exceeding 440 V (between phases), a rated current not exceeding 125 A and a rated short-circuit capacity not excee...",installation,,,medium,needs_review,
IS 8869: 1978,WASHERS FOR CORRUGATED SHEET ROOFING,Requirements for washers for corrugated sheet roofing.,product_standard,washer,plain washer; washer; washers,low,needs_review,
IS 8870: 1978,ASBESTOS CEMENT CABLE CONDUITS,Covers asebstos cement cable conduits of 50 to 150 mm diameter together with plastic couplings and asbestos cement conical couplings and asbestos cement collars with rubber rings These are intended to accomodate paper...,material_standard,pipe_fitting,bend; bends; coupler; couplers; fitting; fittings; pipe fitting; pipe fittings; reducer; reducers; saddle piece; saddle pieces; socket; sockets; tee; tees,high,needs_review,
IS 8887: 2004,BITUMEN EMULSION FOR ROADS,Covers the physical and chemical requirements of bitumen emulsions (cationic type) for roads.,product_standard,cement,cement; lime pozzolana mixture; lime-pozzolana concrete; masonry cement; ordinary portland cement; portland cement; pozzolana cement; slag cement; white cement,low,needs_review,
IS 8931: 1993,COPPER ALLOY FANCY SINGLE TAPS,"Requirements regarding materials, manufacture, workmanship, constructions, dimensions, finish and testing of chromium plated copper alloy non- rising spindle type fancy single taps, combination tap assembly and valves...",material_standard,valve,air relief valve; check valve; non return valve; non-return valve; pressure reducing valve; reflux valve; sluice valve; stop valve; valve; valves,high,needs_review,
IS 9106: 1979,RISING BUTT HINGES,"Requirements regarding materials, dimensions, manufacture and finish of rising butt hinges.",material_standard,hinge,butt hinge; butt hinges; hinge; hinges,high,needs_review,
IS 9131: 1979,RIM LOCKS,"Requirements for materials, construction, dimensions and finish of rim locks of two types commonly fixed to single and double-leaf doors in buildings.",material_standard,door,door; door frame; door frames; doors; shutter; shutters,high,needs_review,
IS 9142: 1979,ARTIFICIAL LIGHTWEIGHT AGGREGATES FOR,"Requirements of artificial lightweight aggregates, such as foamed blast furnace slag, bloated clay aggregate, sintered fly ash aggregate and cinder aggregate intended for use in concrete masonry units in which prime c...",product_standard,aggregate,aggregate; aggregates,high,needs_review,
IS 9197: 1979,"EPOXY RESIN, HARDENERS AND EPOXY","Lays down the requirements for epoxy resin, hardeners and other constituent materials to be used in the formulation of floor toppings.",material_standard,aggregate,aggregate; aggregates,low,needs_review,
IS 9338: 1984,CAST IRON SCREW-DOWN STOP VALVES AND,Requirements for flanged cast iron screw- down stop valves from 15 to 300 mm nominal sizes of the following types used for water supply up to 450 C : Globe stop valve; Angle stop valve; oblique stop valve; Globe stop...,product_standard,valve,air relief valve; check valve; non return valve; non-return valve; pressure reducing valve; reflux valve; sluice valve; stop valve; valve; valves,high,needs_review,
IS 9394: 1979,STONE LINTELS,"Requirement for dimensions, physical properties, and workmanship of lintels made out of natural stone.",other,stone,building stone; polished stone; stone; stones,high,needs_review,
IS 9428: 1993,PREFORMED CALCIUM SILICATE INSULATION,Requirements and the methods of sampling and test for preformed calcium silicate insulation intended for use with surfaces with reach temperatures up to 9500C.,product_standard,thermal_insulation,calcium silicate insulation; expanded polystyrene; fibrous pipe insulation; insulation; mineral wool; rock wool; slag wool; thermal insulating; thermal insulation,high,needs_review,
IS 9510: 1980,"BITUMEN MASTIC, ACID – RESISTING GRADE","Requirement for bitumen mastic of acid- resisting grade used as an underlay to acid-proof bricks, tiles or stones.",other,aggregate,aggregate; aggregates,high,needs_review,
IS 9523: 2000,DUCTILE IRON FITTINGS FOR PRESSURE PIPES,"1.1 Requirements for ductile iron fittings for pressure pipes for water, gas and sewage sizes for 80 to 200mm nominal diameter . 1.2 Applicable to fittings meant for mechanical joints (bolted gland), push on joints an...",product_standard,pipe_fitting,bend; bends; coupler; couplers; fitting; fittings; pipe fitting; pipe fittings; reducer; reducers; saddle piece; saddle pieces; socket; sockets; tee; tees,high,needs_review,
IS 9537 (Part 1): 1980,CONDUITS FOR ELECTRICAL,This standard (Part I) applies to conduits of circular cross section for the protection of conductors and/or cables in electrical installations. Note – Cover conduits suitanble for -5ºC to + 60ºC.,installation,,,medium,needs_review,
IS 9537 (Part 3): 1983,CONDUITS FOR ELECTRICAL,Requirements and methods of tests for circular rigid non-flame propagating and non-threadable plain conduits of insulating materials ended and socket ended.,test_method,,,high,needs_review,
IS 9537 (Part 4): 1983,CONDUITS FOR ELECTRICAL,Requirements and methods of tests for pliable self-recovering plain and corrugated conduits of insulating materials.,test_method,,,low,needs_review,
IS 9537 (Part 5): 2000,CONDUITS FOR ELECTRICAL,This clause of Part 1 of the Standard is applicable except as follows: Addition: This Indian Standard (Part 5) specifies requirements for pliable non-flame propagating plain and corrugated conduits of insulating mater...,installation,,,medium,needs_review,
IS 9537 (Part II): 1981,CONDUITS FOR ELECTRICAL WIRING,Requirements and methods of test of threaded/threadable plain rigid steel conduits.,test_method,,,high,needs_review,
IS 9627: 1980,ASBESTOS CEMENT PRESSURE PIPES,"Requirements for manufacture, classification dimensions, tests and acceptance criteria for asbestos cement pressure pipes (light duty) of class 5 and class 10.",material_standard,pipe,casing pipe; grp pipe; hdpe pipe; pipe; pipes; pvc pipe; steel tube; tube; tubes; water well tube,low,needs_review,
IS 9739: 1981,PRESSURE REDUCING VALVES FOR DOMESTIC,"Requirements regading material, construction and workmanship, performance and marking of pressure reducing valves of different sizes for domestic water supply system suitable for maximum inlet pressure of 1.7225 MPa....",material_standard,valve,air relief valve; check valve; non return valve; non-return valve; pressure reducing valve; reflux valve; sluice valve; stop valve; valve; valves,high,needs_review,
IS 9742: 1993,SPRAYED MINERAL WOOL THERMAL INSULATION,Requirements and the methods of sampling and test for sprayed mineral wool thermal insulation.,product_standard,thermal_insulation,calcium silicate insulation; expanded polystyrene; fibrous pipe insulation; insulation; mineral wool; rock wool; slag wool; thermal insulating; thermal insulation,high,needs_review,
IS 9743: 1990,THERMAL INSULATION FINISHING CEMENTS,"1.1 Requirements for thermal insulation finishing cements, prepared by mixing with water for application to insulating materials after they have been applied at site to the plant of piping systems. Note – Some of thes...",material_standard,thermal_insulation,calcium silicate insulation; expanded polystyrene; fibrous pipe insulation; insulation; mineral wool; rock wool; slag wool; thermal insulating; thermal insulation,high,needs_review,
IS 9758: 1981,FLUSH VALVES AND FITTINGS FOR WATER,"Requirements for flush valves, flush pipes and stop valves for water closet and urinals.",product_standard,valve,air relief valve; check valve; non return valve; non-return valve; pressure reducing valve; reflux valve; sluice valve; stop valve; valve; valves,high,needs_review,
IS 9762: 1994,POLYETHYLENE FLOATS (SPHERICAL),"Requirements for polyethylene spherical floats suitable for float valves of nominal sizes of 15, 20, 25, 32, 40 and 50 mm. Note— Nominal size of the float is related with the nominal size of the float valve with which...",product_standard,valve,air relief valve; check valve; non return valve; non-return valve; pressure reducing valve; reflux valve; sluice valve; stop valve; valve; valves,high,needs_review,
IS 9763: 2000,"PLASTIC  BIB TAPS, PILLAR TAPS, ANGLE VALVES","Requirements regarding material, dimensions, construction finish, and testing of plastic bib taps, pillar taps, stop valve & angle valves for hot and cold water services.",material_standard,valve,air relief valve; check valve; non return valve; non-return valve; pressure reducing valve; reflux valve; sluice valve; stop valve; valve; valves,high,needs_review,
IS 9842: 1994,PREFORMED FIBROUS PIPE INSULATION,Requirements and methods of sampling and test for preformed fibrous pipe sections for thermal imsulation.,product_standard,thermal_insulation,calcium silicate insulation; expanded polystyrene; fibrous pipe insulation; insulation; mineral wool; rock wool; slag wool; thermal insulating; thermal insulation,high,needs_review,
IS 9893: 1981,PRECAST CONCRETE BLOCKS FOR,Requirements of precast concrete lintels and sills.,material_standard,block,block; blocks; concrete block; masonry block; masonry blocks,high,needs_review,
IS 9912: 1981,COAL TAR BASED COATING MATERIALS AND,Requirements of hot applied coal tar based coatings and their associated primers used for protecting iron and steel pipes. This standard covers two types of coating materials suitable for extremes of temperature (See...,material_standard,coating,coating; coatings; epoxy coating; water repellent,high,needs_review,
IS 9968 (Part 1): 1998,"ELASTOMER INSULATED CABLES,","Requirements of elastomeric insulated cables for fixed wiring, flexible cables and flexible cords for electric power and lighting for operation at voltages up to and including 1100 volts. 1.1 The following types of ca...",product_standard,thermal_insulation,calcium silicate insulation; expanded polystyrene; fibrous pipe insulation; insulation; mineral wool; rock wool; slag wool; thermal insulating; thermal insulation,low,needs_review,
